command-line param: r1=0.1
command-line param: r2=0.34
init-params: initializing eigensolver data
Computing 8 bands with 1.000000e-07 tolerance.
Working in 2 dimensions.
Grid size is 64 x 64 x 1.
Solving for 8 bands at a time.
Creating Maxwell data...
Mesh size is 3.
Lattice vectors:
     (1, 0, 0)
     (0.5, 0.866025, 0)
     (0, 0, 1)
Cell volume = 0.866025
Reciprocal lattice vectors (/ 2 pi):
     (1, -0.57735, 0)
     (-0, 1.1547, -0)
     (0, -0, 1)
Geometric objects:
     block, center = (0,0,0)
          size (1e+20,1e+20,1e+20)
          axes (1,0,0), (0,1,0), (0,0,1)
          epsilon = 9.61, mu = 1
     cylinder, center = (0.333333,0.333333,0)
          radius 0.1, height 1e+20, axis (0, 0, 1)
          epsilon = 1, mu = 1
     cylinder, center = (0.666667,0.666667,0)
          radius 0.34, height 1e+20, axis (0, 0, 1)
          epsilon = 1, mu = 1
Geometric object tree has depth 3 and 32 object nodes (vs. 3 actual objects)
Initializing epsilon function...
Allocating fields...
22 k-points:
     (0,0,0)
     (0.0238095,0.0119048,0)
     (0.047619,0.0238095,0)
     (0.0714286,0.0357143,0)
     (0.0952381,0.047619,0)
     (0.119048,0.0595238,0)
     (0.142857,0.0714286,0)
     (0.166667,0.0833333,0)
     (0.190476,0.0952381,0)
     (0.214286,0.107143,0)
     (0.238095,0.119048,0)
     (0.261905,0.130952,0)
     (0.285714,0.142857,0)
     (0.309524,0.154762,0)
     (0.333333,0.166667,0)
     (0.357143,0.178571,0)
     (0.380952,0.190476,0)
     (0.404762,0.202381,0)
     (0.428571,0.214286,0)
     (0.452381,0.22619,0)
     (0.47619,0.238095,0)
     (0.5,0.25,0)
Solving for band polarization: te.
Initializing fields to random numbers...
elapsed time for initialization: 0 seconds.
epsilon: 1-9.61, mean 5.68706, harm. mean 2.00913, 57.5195% > 1, 54.4374% "fill"
Outputting simulation_InP_opt_along_x-epsilon...
solve_kpoint (0,0,0):
tefreqs:, k index, k1, k2, k3, kmag/2pi, te band 1, te band 2, te band 3, te band 4, te band 5, te band 6, te band 7, te band 8
Solving for bands 2 to 8...
    linmin: converged after 8 iterations.
    linmin: converged after 6 iterations.
    linmin: converged after 4 iterations.
    linmin: converged after 5 iterations.
    linmin: converged after 4 iterations.
    linmin: converged after 4 iterations.
    linmin: converged after 4 iterations.
    linmin: converged after 4 iterations.
    linmin: converged after 4 iterations.
    linmin: converged after 4 iterations.
    linmin: converged after 4 iterations.
    linmin: converged after 4 iterations.
    linmin: converged after 2 iterations.
    linmin: converged after 2 iterations.
    linmin: converged after 2 iterations.
    linmin: converged after 2 iterations.
    linmin: converged after 2 iterations.
    linmin: converged after 2 iterations.
Finished solving for bands 2 to 8 after 18 iterations.
tefreqs:, 1, 0, 0, 0, 0, 0, 0.444555, 0.523521, 0.541272, 0.541368, 0.677091, 0.677126, 0.762395
elapsed time for k point: 0 seconds.
Fixing e-field (band 1) phase by 1 + -0i; max ampl. = 0
Fixing e-field (band 2) phase by 0.941639 + 0.336625i; max ampl. = 0.744137
Fixing e-field (band 3) phase by 0.963712 + -0.266945i; max ampl. = 0.739107
Fixing e-field (band 4) phase by 0.507817 + 0.861465i; max ampl. = 1.14304
Fixing e-field (band 5) phase by -0.254743 + -0.967009i; max ampl. = 1.10067
Fixing e-field (band 6) phase by 0.53235 + 0.846524i; max ampl. = 1.29053
Fixing e-field (band 7) phase by -0.596821 + 0.802375i; max ampl. = 1.20932
Fixing e-field (band 8) phase by 0.737419 + 0.675435i; max ampl. = 0.704687
Outputting fields to simulation_InP_opt_along_x-e.v.k01.b01.z.te...
Outputting fields to simulation_InP_opt_along_x-e.v.k01.b02.z.te...
Outputting fields to simulation_InP_opt_along_x-e.v.k01.b03.z.te...
Outputting fields to simulation_InP_opt_along_x-e.v.k01.b04.z.te...
Outputting fields to simulation_InP_opt_along_x-e.v.k01.b05.z.te...
Outputting fields to simulation_InP_opt_along_x-e.v.k01.b06.z.te...
Outputting fields to simulation_InP_opt_along_x-e.v.k01.b07.z.te...
Outputting fields to simulation_InP_opt_along_x-e.v.k01.b08.z.te...
Outputting fields to simulation_InP_opt_along_x-h.v.k01.b01.y.te...
Outputting fields to simulation_InP_opt_along_x-h.v.k01.b02.y.te...
Outputting fields to simulation_InP_opt_along_x-h.v.k01.b03.y.te...
Outputting fields to simulation_InP_opt_along_x-h.v.k01.b04.y.te...
Outputting fields to simulation_InP_opt_along_x-h.v.k01.b05.y.te...
Outputting fields to simulation_InP_opt_along_x-h.v.k01.b06.y.te...
Outputting fields to simulation_InP_opt_along_x-h.v.k01.b07.y.te...
Outputting fields to simulation_InP_opt_along_x-h.v.k01.b08.y.te...
solve_kpoint (0.0238095,0.0119048,0):
Solving for bands 1 to 8...
    linmin: converged after 4 iterations.
    linmin: converged after 4 iterations.
    linmin: converged after 4 iterations.
    linmin: converged after 4 iterations.
    linmin: converged after 3 iterations.
    linmin: converged after 2 iterations.
    linmin: converged after 3 iterations.
    linmin: converged after 2 iterations.
    linmin: converged after 3 iterations.
    linmin: converged after 2 iterations.
Finished solving for bands 1 to 8 after 10 iterations.
tefreqs:, 2, 0.0238095, 0.0119048, 0, 0.0238095, 0.011355, 0.444359, 0.522832, 0.54125, 0.54151, 0.677318, 0.677869, 0.761832
elapsed time for k point: 0 seconds.
Fixing e-field (band 1) phase by -1 + -9.44207e-06i; max ampl. = 0.888841
Fixing e-field (band 2) phase by 0.000123247 + 1i; max ampl. = 0.743968
Fixing e-field (band 3) phase by -4.56278e-06 + -1i; max ampl. = 0.733092
Fixing e-field (band 4) phase by 0.0886497 + -0.996063i; max ampl. = 1.20354
Fixing e-field (band 5) phase by 0.935655 + 0.352915i; max ampl. = 1.09932
Fixing e-field (band 6) phase by 0.0153739 + 0.999882i; max ampl. = 1.38108
Fixing e-field (band 7) phase by -0.999634 + -0.0270381i; max ampl. = 1.39161
Fixing e-field (band 8) phase by -0.000292214 + -1i; max ampl. = 0.700382
Outputting fields to simulation_InP_opt_along_x-e.v.k02.b01.z.te...
Outputting fields to simulation_InP_opt_along_x-e.v.k02.b02.z.te...
Outputting fields to simulation_InP_opt_along_x-e.v.k02.b03.z.te...
Outputting fields to simulation_InP_opt_along_x-e.v.k02.b04.z.te...
Outputting fields to simulation_InP_opt_along_x-e.v.k02.b05.z.te...
Outputting fields to simulation_InP_opt_along_x-e.v.k02.b06.z.te...
Outputting fields to simulation_InP_opt_along_x-e.v.k02.b07.z.te...
Outputting fields to simulation_InP_opt_along_x-e.v.k02.b08.z.te...
Outputting fields to simulation_InP_opt_along_x-h.v.k02.b01.y.te...
Outputting fields to simulation_InP_opt_along_x-h.v.k02.b02.y.te...
Outputting fields to simulation_InP_opt_along_x-h.v.k02.b03.y.te...
Outputting fields to simulation_InP_opt_along_x-h.v.k02.b04.y.te...
Outputting fields to simulation_InP_opt_along_x-h.v.k02.b05.y.te...
Outputting fields to simulation_InP_opt_along_x-h.v.k02.b06.y.te...
Outputting fields to simulation_InP_opt_along_x-h.v.k02.b07.y.te...
Outputting fields to simulation_InP_opt_along_x-h.v.k02.b08.y.te...
solve_kpoint (0.047619,0.0238095,0):
Solving for bands 1 to 8...
    linmin: converged after 3 iterations.
    linmin: converged after 3 iterations.
    linmin: converged after 3 iterations.
    linmin: converged after 3 iterations.
    linmin: converged after 2 iterations.
    linmin: converged after 2 iterations.
    linmin: converged after 2 iterations.
    linmin: converged after 2 iterations.
    linmin: converged after 3 iterations.
Finished solving for bands 1 to 8 after 9 iterations.
tefreqs:, 3, 0.047619, 0.0238095, 0, 0.047619, 0.0227036, 0.443776, 0.520781, 0.541052, 0.542099, 0.677918, 0.680126, 0.760197
elapsed time for k point: 0 seconds.
Fixing e-field (band 1) phase by 1 + 1.65809e-05i; max ampl. = 0.877301
Fixing e-field (band 2) phase by -0.00186269 + -0.999998i; max ampl. = 0.742767
Fixing e-field (band 3) phase by -0.00484224 + 0.999988i; max ampl. = 0.721248
Fixing e-field (band 4) phase by 0.0443198 + -0.999017i; max ampl. = 1.1917
Fixing e-field (band 5) phase by -0.999523 + -0.030872i; max ampl. = 1.07828
Fixing e-field (band 6) phase by -0.0016319 + -0.999999i; max ampl. = 1.37686
Fixing e-field (band 7) phase by 1 + 0.000325396i; max ampl. = 1.38061
Fixing e-field (band 8) phase by 0.00180239 + -0.999998i; max ampl. = 0.688884
Outputting fields to simulation_InP_opt_along_x-e.v.k03.b01.z.te...
Outputting fields to simulation_InP_opt_along_x-e.v.k03.b02.z.te...
Outputting fields to simulation_InP_opt_along_x-e.v.k03.b03.z.te...
Outputting fields to simulation_InP_opt_along_x-e.v.k03.b04.z.te...
Outputting fields to simulation_InP_opt_along_x-e.v.k03.b05.z.te...
Outputting fields to simulation_InP_opt_along_x-e.v.k03.b06.z.te...
Outputting fields to simulation_InP_opt_along_x-e.v.k03.b07.z.te...
Outputting fields to simulation_InP_opt_along_x-e.v.k03.b08.z.te...
Outputting fields to simulation_InP_opt_along_x-h.v.k03.b01.y.te...
Outputting fields to simulation_InP_opt_along_x-h.v.k03.b02.y.te...
Outputting fields to simulation_InP_opt_along_x-h.v.k03.b03.y.te...
Outputting fields to simulation_InP_opt_along_x-h.v.k03.b04.y.te...
Outputting fields to simulation_InP_opt_along_x-h.v.k03.b05.y.te...
Outputting fields to simulation_InP_opt_along_x-h.v.k03.b06.y.te...
Outputting fields to simulation_InP_opt_along_x-h.v.k03.b07.y.te...
Outputting fields to simulation_InP_opt_along_x-h.v.k03.b08.y.te...
solve_kpoint (0.0714286,0.0357143,0):
Solving for bands 1 to 8...
    linmin: converged after 3 iterations.
    linmin: converged after 3 iterations.
    linmin: converged after 3 iterations.
    linmin: converged after 3 iterations.
    linmin: converged after 3 iterations.
    linmin: converged after 2 iterations.
    linmin: converged after 2 iterations.
    linmin: converged after 2 iterations.
    linmin: converged after 3 iterations.
Finished solving for bands 1 to 8 after 9 iterations.
tefreqs:, 4, 0.0714286, 0.0357143, 0, 0.0714286, 0.03404, 0.442814, 0.517427, 0.540859, 0.54302, 0.678912, 0.683741, 0.757626
elapsed time for k point: 0 seconds.
Fixing e-field (band 1) phase by 1 + 1.09201e-05i; max ampl. = 0.879283
Fixing e-field (band 2) phase by -0.00305828 + -0.999995i; max ampl. = 0.740231
Fixing e-field (band 3) phase by -0.594246 + 0.804283i; max ampl. = 0.758584
Fixing e-field (band 4) phase by 0.0126217 + -0.99992i; max ampl. = 1.14689
Fixing e-field (band 5) phase by -0.99254 + -0.121921i; max ampl. = 1.03967
Fixing e-field (band 6) phase by -0.00368407 + 0.999993i; max ampl. = 1.36888
Fixing e-field (band 7) phase by -1 + -0.000972489i; max ampl. = 1.36299
Fixing e-field (band 8) phase by 0.00221089 + -0.999998i; max ampl. = 0.672288
Outputting fields to simulation_InP_opt_along_x-e.v.k04.b01.z.te...
Outputting fields to simulation_InP_opt_along_x-e.v.k04.b02.z.te...
Outputting fields to simulation_InP_opt_along_x-e.v.k04.b03.z.te...
Outputting fields to simulation_InP_opt_along_x-e.v.k04.b04.z.te...
Outputting fields to simulation_InP_opt_along_x-e.v.k04.b05.z.te...
Outputting fields to simulation_InP_opt_along_x-e.v.k04.b06.z.te...
Outputting fields to simulation_InP_opt_along_x-e.v.k04.b07.z.te...
Outputting fields to simulation_InP_opt_along_x-e.v.k04.b08.z.te...
Outputting fields to simulation_InP_opt_along_x-h.v.k04.b01.y.te...
Outputting fields to simulation_InP_opt_along_x-h.v.k04.b02.y.te...
Outputting fields to simulation_InP_opt_along_x-h.v.k04.b03.y.te...
Outputting fields to simulation_InP_opt_along_x-h.v.k04.b04.y.te...
Outputting fields to simulation_InP_opt_along_x-h.v.k04.b05.y.te...
Outputting fields to simulation_InP_opt_along_x-h.v.k04.b06.y.te...
Outputting fields to simulation_InP_opt_along_x-h.v.k04.b07.y.te...
Outputting fields to simulation_InP_opt_along_x-h.v.k04.b08.y.te...
solve_kpoint (0.0952381,0.047619,0):
Solving for bands 1 to 8...
    linmin: converged after 3 iterations.
    linmin: converged after 3 iterations.
    linmin: converged after 3 iterations.
    linmin: converged after 3 iterations.
    linmin: converged after 3 iterations.
    linmin: converged after 2 iterations.
    linmin: converged after 2 iterations.
    linmin: converged after 2 iterations.
    linmin: converged after 3 iterations.
Finished solving for bands 1 to 8 after 9 iterations.
tefreqs:, 5, 0.0952381, 0.047619, 0, 0.0952381, 0.0453578, 0.441491, 0.512887, 0.54079, 0.544208, 0.680291, 0.688528, 0.754291
elapsed time for k point: 0 seconds.
Fixing e-field (band 1) phase by 1 + 9.72458e-06i; max ampl. = 0.880205
Fixing e-field (band 2) phase by 0.00470317 + 0.999989i; max ampl. = 0.74007
Fixing e-field (band 3) phase by -0.00831267 + -0.999965i; max ampl. = 0.790853
Fixing e-field (band 4) phase by -0.0146401 + -0.999893i; max ampl. = 1.0982
Fixing e-field (band 5) phase by -0.999755 + 0.0221379i; max ampl. = 0.995628
Fixing e-field (band 6) phase by -0.00917831 + 0.999958i; max ampl. = 1.35775
Fixing e-field (band 7) phase by -0.999999 + -0.00170621i; max ampl. = 1.34125
Fixing e-field (band 8) phase by 0.00264607 + -0.999996i; max ampl. = 0.653163
Outputting fields to simulation_InP_opt_along_x-e.v.k05.b01.z.te...
Outputting fields to simulation_InP_opt_along_x-e.v.k05.b02.z.te...
Outputting fields to simulation_InP_opt_along_x-e.v.k05.b03.z.te...
Outputting fields to simulation_InP_opt_along_x-e.v.k05.b04.z.te...
Outputting fields to simulation_InP_opt_along_x-e.v.k05.b05.z.te...
Outputting fields to simulation_InP_opt_along_x-e.v.k05.b06.z.te...
Outputting fields to simulation_InP_opt_along_x-e.v.k05.b07.z.te...
Outputting fields to simulation_InP_opt_along_x-e.v.k05.b08.z.te...
Outputting fields to simulation_InP_opt_along_x-h.v.k05.b01.y.te...
Outputting fields to simulation_InP_opt_along_x-h.v.k05.b02.y.te...
Outputting fields to simulation_InP_opt_along_x-h.v.k05.b03.y.te...
Outputting fields to simulation_InP_opt_along_x-h.v.k05.b04.y.te...
Outputting fields to simulation_InP_opt_along_x-h.v.k05.b05.y.te...
Outputting fields to simulation_InP_opt_along_x-h.v.k05.b06.y.te...
Outputting fields to simulation_InP_opt_along_x-h.v.k05.b07.y.te...
Outputting fields to simulation_InP_opt_along_x-h.v.k05.b08.y.te...
solve_kpoint (0.119048,0.0595238,0):
Solving for bands 1 to 8...
    linmin: converged after 3 iterations.
    linmin: converged after 3 iterations.
    linmin: converged after 3 iterations.
    linmin: converged after 3 iterations.
    linmin: converged after 3 iterations.
    linmin: converged after 3 iterations.
    linmin: converged after 2 iterations.
    linmin: converged after 2 iterations.
    linmin: converged after 3 iterations.
Finished solving for bands 1 to 8 after 9 iterations.
tefreqs:, 6, 0.119048, 0.0595238, 0, 0.119048, 0.0566502, 0.439827, 0.50733, 0.540912, 0.54562, 0.68204, 0.694284, 0.75036
elapsed time for k point: 0 seconds.
Fixing e-field (band 1) phase by 1 + 7.36375e-06i; max ampl. = 0.880349
Fixing e-field (band 2) phase by -0.00742789 + -0.999972i; max ampl. = 0.742144
Fixing e-field (band 3) phase by 0.00565178 + 0.999984i; max ampl. = 0.82138
Fixing e-field (band 4) phase by -0.0165723 + -0.999863i; max ampl. = 1.05374
Fixing e-field (band 5) phase by 0.999884 + -0.0152398i; max ampl. = 0.95014
Fixing e-field (band 6) phase by -0.0170611 + 0.999854i; max ampl. = 1.34365
Fixing e-field (band 7) phase by -0.999998 + -0.0020819i; max ampl. = 1.31737
Fixing e-field (band 8) phase by 0.00308089 + -0.999995i; max ampl. = 0.633316
Outputting fields to simulation_InP_opt_along_x-e.v.k06.b01.z.te...
Outputting fields to simulation_InP_opt_along_x-e.v.k06.b02.z.te...
Outputting fields to simulation_InP_opt_along_x-e.v.k06.b03.z.te...
Outputting fields to simulation_InP_opt_along_x-e.v.k06.b04.z.te...
Outputting fields to simulation_InP_opt_along_x-e.v.k06.b05.z.te...
Outputting fields to simulation_InP_opt_along_x-e.v.k06.b06.z.te...
Outputting fields to simulation_InP_opt_along_x-e.v.k06.b07.z.te...
Outputting fields to simulation_InP_opt_along_x-e.v.k06.b08.z.te...
Outputting fields to simulation_InP_opt_along_x-h.v.k06.b01.y.te...
Outputting fields to simulation_InP_opt_along_x-h.v.k06.b02.y.te...
Outputting fields to simulation_InP_opt_along_x-h.v.k06.b03.y.te...
Outputting fields to simulation_InP_opt_along_x-h.v.k06.b04.y.te...
Outputting fields to simulation_InP_opt_along_x-h.v.k06.b05.y.te...
Outputting fields to simulation_InP_opt_along_x-h.v.k06.b06.y.te...
Outputting fields to simulation_InP_opt_along_x-h.v.k06.b07.y.te...
Outputting fields to simulation_InP_opt_along_x-h.v.k06.b08.y.te...
solve_kpoint (0.142857,0.0714286,0):
Solving for bands 1 to 8...
    linmin: converged after 3 iterations.
    linmin: converged after 3 iterations.
    linmin: converged after 3 iterations.
    linmin: converged after 3 iterations.
    linmin: converged after 3 iterations.
    linmin: converged after 2 iterations.
    linmin: converged after 2 iterations.
    linmin: converged after 2 iterations.
Finished solving for bands 1 to 8 after 8 iterations.
tefreqs:, 7, 0.142857, 0.0714286, 0, 0.142857, 0.0679102, 0.437846, 0.500938, 0.541252, 0.547222, 0.684146, 0.700811, 0.745971
elapsed time for k point: 0 seconds.
Fixing e-field (band 1) phase by 1 + 4.43606e-06i; max ampl. = 0.882857
Fixing e-field (band 2) phase by -0.0139514 + -0.999903i; max ampl. = 0.744581
Fixing e-field (band 3) phase by 0.00562424 + 0.999984i; max ampl. = 0.847365
Fixing e-field (band 4) phase by -0.0123905 + -0.999923i; max ampl. = 1.01665
Fixing e-field (band 5) phase by 0.99992 + -0.0126122i; max ampl. = 0.904288
Fixing e-field (band 6) phase by -0.0252749 + 0.999681i; max ampl. = 1.32679
Fixing e-field (band 7) phase by -0.999997 + -0.00225079i; max ampl. = 1.29331
Fixing e-field (band 8) phase by 0.00343419 + -0.999994i; max ampl. = 0.615793
Outputting fields to simulation_InP_opt_along_x-e.v.k07.b01.z.te...
Outputting fields to simulation_InP_opt_along_x-e.v.k07.b02.z.te...
Outputting fields to simulation_InP_opt_along_x-e.v.k07.b03.z.te...
Outputting fields to simulation_InP_opt_along_x-e.v.k07.b04.z.te...
Outputting fields to simulation_InP_opt_along_x-e.v.k07.b05.z.te...
Outputting fields to simulation_InP_opt_along_x-e.v.k07.b06.z.te...
Outputting fields to simulation_InP_opt_along_x-e.v.k07.b07.z.te...
Outputting fields to simulation_InP_opt_along_x-e.v.k07.b08.z.te...
Outputting fields to simulation_InP_opt_along_x-h.v.k07.b01.y.te...
Outputting fields to simulation_InP_opt_along_x-h.v.k07.b02.y.te...
Outputting fields to simulation_InP_opt_along_x-h.v.k07.b03.y.te...
Outputting fields to simulation_InP_opt_along_x-h.v.k07.b04.y.te...
Outputting fields to simulation_InP_opt_along_x-h.v.k07.b05.y.te...
Outputting fields to simulation_InP_opt_along_x-h.v.k07.b06.y.te...
Outputting fields to simulation_InP_opt_along_x-h.v.k07.b07.y.te...
Outputting fields to simulation_InP_opt_along_x-h.v.k07.b08.y.te...
solve_kpoint (0.166667,0.0833333,0):
Solving for bands 1 to 8...
    linmin: converged after 3 iterations.
    linmin: converged after 3 iterations.
    linmin: converged after 3 iterations.
    linmin: converged after 2 iterations.
    linmin: converged after 3 iterations.
    linmin: converged after 2 iterations.
    linmin: converged after 2 iterations.
    linmin: converged after 2 iterations.
Finished solving for bands 1 to 8 after 8 iterations.
tefreqs:, 8, 0.166667, 0.0833333, 0, 0.166667, 0.07913, 0.435577, 0.493888, 0.54181, 0.548995, 0.686589, 0.707923, 0.741242
elapsed time for k point: 0 seconds.
Fixing e-field (band 1) phase by 1 + 1.5525e-06i; max ampl. = 0.881605
Fixing e-field (band 2) phase by 0.0428638 + 0.999081i; max ampl. = 0.747451
Fixing e-field (band 3) phase by 0.0131678 + 0.999913i; max ampl. = 0.865859
Fixing e-field (band 4) phase by 0.00954266 + 0.999954i; max ampl. = 0.987119
Fixing e-field (band 5) phase by 0.999933 + -0.0116024i; max ampl. = 0.873424
Fixing e-field (band 6) phase by -0.0355087 + 0.999369i; max ampl. = 1.30739
Fixing e-field (band 7) phase by -0.999997 + -0.00232397i; max ampl. = 1.27092
Fixing e-field (band 8) phase by 0.00379733 + -0.999993i; max ampl. = 0.599574
Outputting fields to simulation_InP_opt_along_x-e.v.k08.b01.z.te...
Outputting fields to simulation_InP_opt_along_x-e.v.k08.b02.z.te...
Outputting fields to simulation_InP_opt_along_x-e.v.k08.b03.z.te...
Outputting fields to simulation_InP_opt_along_x-e.v.k08.b04.z.te...
Outputting fields to simulation_InP_opt_along_x-e.v.k08.b05.z.te...
Outputting fields to simulation_InP_opt_along_x-e.v.k08.b06.z.te...
Outputting fields to simulation_InP_opt_along_x-e.v.k08.b07.z.te...
Outputting fields to simulation_InP_opt_along_x-e.v.k08.b08.z.te...
Outputting fields to simulation_InP_opt_along_x-h.v.k08.b01.y.te...
Outputting fields to simulation_InP_opt_along_x-h.v.k08.b02.y.te...
Outputting fields to simulation_InP_opt_along_x-h.v.k08.b03.y.te...
Outputting fields to simulation_InP_opt_along_x-h.v.k08.b04.y.te...
Outputting fields to simulation_InP_opt_along_x-h.v.k08.b05.y.te...
Outputting fields to simulation_InP_opt_along_x-h.v.k08.b06.y.te...
Outputting fields to simulation_InP_opt_along_x-h.v.k08.b07.y.te...
Outputting fields to simulation_InP_opt_along_x-h.v.k08.b08.y.te...
solve_kpoint (0.190476,0.0952381,0):
Solving for bands 1 to 8...
    linmin: converged after 3 iterations.
    linmin: converged after 3 iterations.
    linmin: converged after 3 iterations.
    linmin: converged after 2 iterations.
    linmin: converged after 3 iterations.
    linmin: converged after 2 iterations.
    linmin: converged after 2 iterations.
    linmin: converged after 2 iterations.
Finished solving for bands 1 to 8 after 8 iterations.
tefreqs:, 9, 0.190476, 0.0952381, 0, 0.190476, 0.0903012, 0.433049, 0.486329, 0.542581, 0.550921, 0.689349, 0.715431, 0.736291
elapsed time for k point: 0 seconds.
Fixing e-field (band 1) phase by 1 + 2.23903e-06i; max ampl. = 0.880504
Fixing e-field (band 2) phase by -0.686648 + -0.72699i; max ampl. = 0.750637
Fixing e-field (band 3) phase by -0.95448 + 0.298275i; max ampl. = 0.877477
Fixing e-field (band 4) phase by -0.00735851 + -0.999973i; max ampl. = 0.964188
Fixing e-field (band 5) phase by 0.999946 + -0.0103665i; max ampl. = 0.853348
Fixing e-field (band 6) phase by 0.0512556 + -0.998686i; max ampl. = 1.28565
Fixing e-field (band 7) phase by -0.999998 + -0.00213706i; max ampl. = 1.25311
Fixing e-field (band 8) phase by 0.00381632 + -0.999993i; max ampl. = 0.586737
Outputting fields to simulation_InP_opt_along_x-e.v.k09.b01.z.te...
Outputting fields to simulation_InP_opt_along_x-e.v.k09.b02.z.te...
Outputting fields to simulation_InP_opt_along_x-e.v.k09.b03.z.te...
Outputting fields to simulation_InP_opt_along_x-e.v.k09.b04.z.te...
Outputting fields to simulation_InP_opt_along_x-e.v.k09.b05.z.te...
Outputting fields to simulation_InP_opt_along_x-e.v.k09.b06.z.te...
Outputting fields to simulation_InP_opt_along_x-e.v.k09.b07.z.te...
Outputting fields to simulation_InP_opt_along_x-e.v.k09.b08.z.te...
Outputting fields to simulation_InP_opt_along_x-h.v.k09.b01.y.te...
Outputting fields to simulation_InP_opt_along_x-h.v.k09.b02.y.te...
Outputting fields to simulation_InP_opt_along_x-h.v.k09.b03.y.te...
Outputting fields to simulation_InP_opt_along_x-h.v.k09.b04.y.te...
Outputting fields to simulation_InP_opt_along_x-h.v.k09.b05.y.te...
Outputting fields to simulation_InP_opt_along_x-h.v.k09.b06.y.te...
Outputting fields to simulation_InP_opt_along_x-h.v.k09.b07.y.te...
Outputting fields to simulation_InP_opt_along_x-h.v.k09.b08.y.te...
solve_kpoint (0.214286,0.107143,0):
Solving for bands 1 to 8...
    linmin: converged after 3 iterations.
    linmin: converged after 3 iterations.
    linmin: converged after 2 iterations.
    linmin: converged after 2 iterations.
    linmin: converged after 3 iterations.
    linmin: converged after 2 iterations.
    linmin: converged after 2 iterations.
    linmin: converged after 2 iterations.
Finished solving for bands 1 to 8 after 8 iterations.
tefreqs:, 10, 0.214286, 0.107143, 0, 0.214286, 0.101414, 0.430289, 0.478391, 0.543555, 0.552991, 0.692404, 0.722925, 0.731456
elapsed time for k point: 0 seconds.
Fixing e-field (band 1) phase by 1 + 1.40051e-06i; max ampl. = 0.879577
Fixing e-field (band 2) phase by -0.108635 + 0.994082i; max ampl. = 0.75418
Fixing e-field (band 3) phase by 0.00980664 + -0.999952i; max ampl. = 0.884225
Fixing e-field (band 4) phase by -0.00585775 + -0.999983i; max ampl. = 0.946607
Fixing e-field (band 5) phase by 0.999954 + -0.00958256i; max ampl. = 0.832397
Fixing e-field (band 6) phase by 0.0775271 + -0.99699i; max ampl. = 1.26179
Fixing e-field (band 7) phase by -0.999999 + -0.00105894i; max ampl. = 1.24302
Fixing e-field (band 8) phase by 0.000939696 + -1i; max ampl. = 0.585703
Outputting fields to simulation_InP_opt_along_x-e.v.k10.b01.z.te...
Outputting fields to simulation_InP_opt_along_x-e.v.k10.b02.z.te...
Outputting fields to simulation_InP_opt_along_x-e.v.k10.b03.z.te...
Outputting fields to simulation_InP_opt_along_x-e.v.k10.b04.z.te...
Outputting fields to simulation_InP_opt_along_x-e.v.k10.b05.z.te...
Outputting fields to simulation_InP_opt_along_x-e.v.k10.b06.z.te...
Outputting fields to simulation_InP_opt_along_x-e.v.k10.b07.z.te...
Outputting fields to simulation_InP_opt_along_x-e.v.k10.b08.z.te...
Outputting fields to simulation_InP_opt_along_x-h.v.k10.b01.y.te...
Outputting fields to simulation_InP_opt_along_x-h.v.k10.b02.y.te...
Outputting fields to simulation_InP_opt_along_x-h.v.k10.b03.y.te...
Outputting fields to simulation_InP_opt_along_x-h.v.k10.b04.y.te...
Outputting fields to simulation_InP_opt_along_x-h.v.k10.b05.y.te...
Outputting fields to simulation_InP_opt_along_x-h.v.k10.b06.y.te...
Outputting fields to simulation_InP_opt_along_x-h.v.k10.b07.y.te...
Outputting fields to simulation_InP_opt_along_x-h.v.k10.b08.y.te...
solve_kpoint (0.238095,0.119048,0):
Solving for bands 1 to 8...
    linmin: converged after 3 iterations.
    linmin: converged after 3 iterations.
    linmin: converged after 2 iterations.
    linmin: converged after 2 iterations.
    linmin: converged after 3 iterations.
    linmin: converged after 2 iterations.
    linmin: converged after 2 iterations.
    linmin: converged after 2 iterations.
Finished solving for bands 1 to 8 after 8 iterations.
tefreqs:, 11, 0.238095, 0.119048, 0, 0.238095, 0.112459, 0.427328, 0.470178, 0.544721, 0.555193, 0.695731, 0.724534, 0.732538
elapsed time for k point: 0 seconds.
Fixing e-field (band 1) phase by 1 + 2.73652e-07i; max ampl. = 0.878978
Fixing e-field (band 2) phase by -0.149254 + 0.988799i; max ampl. = 0.758106
Fixing e-field (band 3) phase by -0.00482455 + 0.999988i; max ampl. = 0.887481
Fixing e-field (band 4) phase by -0.00487872 + -0.999988i; max ampl. = 0.933225
Fixing e-field (band 5) phase by 0.999958 + -0.00914583i; max ampl. = 0.810796
Fixing e-field (band 6) phase by 0.145895 + -0.9893i; max ampl. = 1.23604
Fixing e-field (band 7) phase by 0.999845 + 0.0176249i; max ampl. = 0.873946
Fixing e-field (band 8) phase by -0.999992 + -0.00405558i; max ampl. = 1.00532
Outputting fields to simulation_InP_opt_along_x-e.v.k11.b01.z.te...
Outputting fields to simulation_InP_opt_along_x-e.v.k11.b02.z.te...
Outputting fields to simulation_InP_opt_along_x-e.v.k11.b03.z.te...
Outputting fields to simulation_InP_opt_along_x-e.v.k11.b04.z.te...
Outputting fields to simulation_InP_opt_along_x-e.v.k11.b05.z.te...
Outputting fields to simulation_InP_opt_along_x-e.v.k11.b06.z.te...
Outputting fields to simulation_InP_opt_along_x-e.v.k11.b07.z.te...
Outputting fields to simulation_InP_opt_along_x-e.v.k11.b08.z.te...
Outputting fields to simulation_InP_opt_along_x-h.v.k11.b01.y.te...
Outputting fields to simulation_InP_opt_along_x-h.v.k11.b02.y.te...
Outputting fields to simulation_InP_opt_along_x-h.v.k11.b03.y.te...
Outputting fields to simulation_InP_opt_along_x-h.v.k11.b04.y.te...
Outputting fields to simulation_InP_opt_along_x-h.v.k11.b05.y.te...
Outputting fields to simulation_InP_opt_along_x-h.v.k11.b06.y.te...
Outputting fields to simulation_InP_opt_along_x-h.v.k11.b07.y.te...
Outputting fields to simulation_InP_opt_along_x-h.v.k11.b08.y.te...
solve_kpoint (0.261905,0.130952,0):
Solving for bands 1 to 8...
    linmin: converged after 3 iterations.
    linmin: converged after 3 iterations.
    linmin: converged after 2 iterations.
    linmin: converged after 2 iterations.
    linmin: converged after 3 iterations.
    linmin: converged after 2 iterations.
    linmin: converged after 2 iterations.
    linmin: converged after 2 iterations.
    linmin: converged after 2 iterations.
Finished solving for bands 1 to 8 after 9 iterations.
tefreqs:, 12, 0.261905, 0.130952, 0, 0.261905, 0.123423, 0.424193, 0.461779, 0.546068, 0.557518, 0.699305, 0.719443, 0.74028
elapsed time for k point: 0 seconds.
Fixing e-field (band 1) phase by 1 + 7.55745e-06i; max ampl. = 0.876652
Fixing e-field (band 2) phase by 0.206932 + 0.978355i; max ampl. = 0.76243
Fixing e-field (band 3) phase by -0.00326409 + 0.999995i; max ampl. = 0.888034
Fixing e-field (band 4) phase by -0.00421072 + -0.999991i; max ampl. = 0.923031
Fixing e-field (band 5) phase by 0.999958 + -0.0091799i; max ampl. = 0.788791
Fixing e-field (band 6) phase by 0.992791 + 0.119855i; max ampl. = 1.20912
Fixing e-field (band 7) phase by 0.00145134 + -0.999999i; max ampl. = 0.620976
Fixing e-field (band 8) phase by -0.999995 + -0.00320643i; max ampl. = 1.08428
Outputting fields to simulation_InP_opt_along_x-e.v.k12.b01.z.te...
Outputting fields to simulation_InP_opt_along_x-e.v.k12.b02.z.te...
Outputting fields to simulation_InP_opt_along_x-e.v.k12.b03.z.te...
Outputting fields to simulation_InP_opt_along_x-e.v.k12.b04.z.te...
Outputting fields to simulation_InP_opt_along_x-e.v.k12.b05.z.te...
Outputting fields to simulation_InP_opt_along_x-e.v.k12.b06.z.te...
Outputting fields to simulation_InP_opt_along_x-e.v.k12.b07.z.te...
Outputting fields to simulation_InP_opt_along_x-e.v.k12.b08.z.te...
Outputting fields to simulation_InP_opt_along_x-h.v.k12.b01.y.te...
Outputting fields to simulation_InP_opt_along_x-h.v.k12.b02.y.te...
Outputting fields to simulation_InP_opt_along_x-h.v.k12.b03.y.te...
Outputting fields to simulation_InP_opt_along_x-h.v.k12.b04.y.te...
Outputting fields to simulation_InP_opt_along_x-h.v.k12.b05.y.te...
Outputting fields to simulation_InP_opt_along_x-h.v.k12.b06.y.te...
Outputting fields to simulation_InP_opt_along_x-h.v.k12.b07.y.te...
Outputting fields to simulation_InP_opt_along_x-h.v.k12.b08.y.te...
solve_kpoint (0.285714,0.142857,0):
Solving for bands 1 to 8...
    linmin: converged after 3 iterations.
    linmin: converged after 3 iterations.
    linmin: converged after 2 iterations.
    linmin: converged after 2 iterations.
    linmin: converged after 3 iterations.
    linmin: converged after 2 iterations.
    linmin: converged after 2 iterations.
    linmin: converged after 2 iterations.
    linmin: converged after 2 iterations.
    linmin: converged after 2 iterations.
Finished solving for bands 1 to 8 after 10 iterations.
tefreqs:, 13, 0.285714, 0.142857, 0, 0.285714, 0.134292, 0.420912, 0.453267, 0.547588, 0.559959, 0.703093, 0.71386, 0.748391
elapsed time for k point: 0 seconds.
Fixing e-field (band 1) phase by 1 + -1.10979e-05i; max ampl. = 0.876948
Fixing e-field (band 2) phase by -0.0383431 + -0.999265i; max ampl. = 0.767688
Fixing e-field (band 3) phase by -0.00201295 + 0.999998i; max ampl. = 0.886717
Fixing e-field (band 4) phase by 0.00274185 + 0.999996i; max ampl. = 0.915193
Fixing e-field (band 5) phase by 0.999949 + -0.0100979i; max ampl. = 0.766875
Fixing e-field (band 6) phase by 0.0733521 + 0.997306i; max ampl. = 1.1813
Fixing e-field (band 7) phase by 0.00317131 + -0.999995i; max ampl. = 0.627503
Fixing e-field (band 8) phase by -0.999995 + -0.0030127i; max ampl. = 1.06961
Outputting fields to simulation_InP_opt_along_x-e.v.k13.b01.z.te...
Outputting fields to simulation_InP_opt_along_x-e.v.k13.b02.z.te...
Outputting fields to simulation_InP_opt_along_x-e.v.k13.b03.z.te...
Outputting fields to simulation_InP_opt_along_x-e.v.k13.b04.z.te...
Outputting fields to simulation_InP_opt_along_x-e.v.k13.b05.z.te...
Outputting fields to simulation_InP_opt_along_x-e.v.k13.b06.z.te...
Outputting fields to simulation_InP_opt_along_x-e.v.k13.b07.z.te...
Outputting fields to simulation_InP_opt_along_x-e.v.k13.b08.z.te...
Outputting fields to simulation_InP_opt_along_x-h.v.k13.b01.y.te...
Outputting fields to simulation_InP_opt_along_x-h.v.k13.b02.y.te...
Outputting fields to simulation_InP_opt_along_x-h.v.k13.b03.y.te...
Outputting fields to simulation_InP_opt_along_x-h.v.k13.b04.y.te...
Outputting fields to simulation_InP_opt_along_x-h.v.k13.b05.y.te...
Outputting fields to simulation_InP_opt_along_x-h.v.k13.b06.y.te...
Outputting fields to simulation_InP_opt_along_x-h.v.k13.b07.y.te...
Outputting fields to simulation_InP_opt_along_x-h.v.k13.b08.y.te...
solve_kpoint (0.309524,0.154762,0):
Solving for bands 1 to 8...
    linmin: converged after 3 iterations.
    linmin: converged after 3 iterations.
    linmin: converged after 2 iterations.
    linmin: converged after 3 iterations.
    linmin: converged after 3 iterations.
    linmin: converged after 2 iterations.
    linmin: converged after 2 iterations.
    linmin: converged after 2 iterations.
    linmin: converged after 2 iterations.
    linmin: converged after 2 iterations.
Finished solving for bands 1 to 8 after 10 iterations.
tefreqs:, 14, 0.309524, 0.154762, 0, 0.309524, 0.14505, 0.41751, 0.444711, 0.549272, 0.562506, 0.706827, 0.708377, 0.756411
elapsed time for k point: 0 seconds.
Fixing e-field (band 1) phase by 1 + -4.03009e-06i; max ampl. = 0.876232
Fixing e-field (band 2) phase by 0.0271347 + 0.999632i; max ampl. = 0.773705
Fixing e-field (band 3) phase by -0.00209628 + 0.999998i; max ampl. = 0.883444
Fixing e-field (band 4) phase by -0.00291511 + -0.999996i; max ampl. = 0.909273
Fixing e-field (band 5) phase by 0.999918 + -0.0127923i; max ampl. = 0.74531
Fixing e-field (band 6) phase by -0.0178063 + 0.999841i; max ampl. = 1.08036
Fixing e-field (band 7) phase by 0.0493135 + -0.998783i; max ampl. = 0.718161
Fixing e-field (band 8) phase by -0.999996 + -0.00277677i; max ampl. = 1.03771
Outputting fields to simulation_InP_opt_along_x-e.v.k14.b01.z.te...
Outputting fields to simulation_InP_opt_along_x-e.v.k14.b02.z.te...
Outputting fields to simulation_InP_opt_along_x-e.v.k14.b03.z.te...
Outputting fields to simulation_InP_opt_along_x-e.v.k14.b04.z.te...
Outputting fields to simulation_InP_opt_along_x-e.v.k14.b05.z.te...
Outputting fields to simulation_InP_opt_along_x-e.v.k14.b06.z.te...
Outputting fields to simulation_InP_opt_along_x-e.v.k14.b07.z.te...
Outputting fields to simulation_InP_opt_along_x-e.v.k14.b08.z.te...
Outputting fields to simulation_InP_opt_along_x-h.v.k14.b01.y.te...
Outputting fields to simulation_InP_opt_along_x-h.v.k14.b02.y.te...
Outputting fields to simulation_InP_opt_along_x-h.v.k14.b03.y.te...
Outputting fields to simulation_InP_opt_along_x-h.v.k14.b04.y.te...
Outputting fields to simulation_InP_opt_along_x-h.v.k14.b05.y.te...
Outputting fields to simulation_InP_opt_along_x-h.v.k14.b06.y.te...
Outputting fields to simulation_InP_opt_along_x-h.v.k14.b07.y.te...
Outputting fields to simulation_InP_opt_along_x-h.v.k14.b08.y.te...
solve_kpoint (0.333333,0.166667,0):
Solving for bands 1 to 8...
    linmin: converged after 3 iterations.
    linmin: converged after 3 iterations.
    linmin: converged after 2 iterations.
    linmin: converged after 3 iterations.
    linmin: converged after 3 iterations.
    linmin: converged after 2 iterations.
    linmin: converged after 2 iterations.
    linmin: converged after 2 iterations.
    linmin: converged after 2 iterations.
    linmin: converged after 2 iterations.
    linmin: converged after 2 iterations.
Finished solving for bands 1 to 8 after 11 iterations.
tefreqs:, 15, 0.333333, 0.166667, 0, 0.333333, 0.155676, 0.41401, 0.436171, 0.551111, 0.565149, 0.702182, 0.711353, 0.764108
elapsed time for k point: 0 seconds.
Fixing e-field (band 1) phase by 1 + 9.31688e-06i; max ampl. = 0.874676
Fixing e-field (band 2) phase by 0.0240507 + 0.999711i; max ampl. = 0.780605
Fixing e-field (band 3) phase by -0.0011868 + 0.999999i; max ampl. = 0.878085
Fixing e-field (band 4) phase by 0.00345286 + 0.999994i; max ampl. = 0.904774
Fixing e-field (band 5) phase by 0.999489 + -0.0319534i; max ampl. = 0.72458
Fixing e-field (band 6) phase by 0.0212435 + -0.999774i; max ampl. = 0.647429
Fixing e-field (band 7) phase by -0.125585 + -0.992083i; max ampl. = 1.10218
Fixing e-field (band 8) phase by -0.999997 + -0.00247492i; max ampl. = 1.00071
Outputting fields to simulation_InP_opt_along_x-e.v.k15.b01.z.te...
Outputting fields to simulation_InP_opt_along_x-e.v.k15.b02.z.te...
Outputting fields to simulation_InP_opt_along_x-e.v.k15.b03.z.te...
Outputting fields to simulation_InP_opt_along_x-e.v.k15.b04.z.te...
Outputting fields to simulation_InP_opt_along_x-e.v.k15.b05.z.te...
Outputting fields to simulation_InP_opt_along_x-e.v.k15.b06.z.te...
Outputting fields to simulation_InP_opt_along_x-e.v.k15.b07.z.te...
Outputting fields to simulation_InP_opt_along_x-e.v.k15.b08.z.te...
Outputting fields to simulation_InP_opt_along_x-h.v.k15.b01.y.te...
Outputting fields to simulation_InP_opt_along_x-h.v.k15.b02.y.te...
Outputting fields to simulation_InP_opt_along_x-h.v.k15.b03.y.te...
Outputting fields to simulation_InP_opt_along_x-h.v.k15.b04.y.te...
Outputting fields to simulation_InP_opt_along_x-h.v.k15.b05.y.te...
Outputting fields to simulation_InP_opt_along_x-h.v.k15.b06.y.te...
Outputting fields to simulation_InP_opt_along_x-h.v.k15.b07.y.te...
Outputting fields to simulation_InP_opt_along_x-h.v.k15.b08.y.te...
solve_kpoint (0.357143,0.178571,0):
Solving for bands 1 to 8...
    linmin: converged after 3 iterations.
    linmin: converged after 3 iterations.
    linmin: converged after 2 iterations.
    linmin: converged after 3 iterations.
    linmin: converged after 3 iterations.
    linmin: converged after 2 iterations.
    linmin: converged after 2 iterations.
    linmin: converged after 2 iterations.
    linmin: converged after 2 iterations.
    linmin: converged after 2 iterations.
    linmin: converged after 2 iterations.
    linmin: converged after 2 iterations.
Finished solving for bands 1 to 8 after 12 iterations.
tefreqs:, 16, 0.357143, 0.178571, 0, 0.357143, 0.166145, 0.410434, 0.427708, 0.553097, 0.567877, 0.696291, 0.715657, 0.771182
elapsed time for k point: 0 seconds.
Fixing e-field (band 1) phase by 1 + -1.32315e-05i; max ampl. = 0.874637
Fixing e-field (band 2) phase by -0.0173909 + -0.999849i; max ampl. = 0.790631
Fixing e-field (band 3) phase by -0.999983 + -0.00577032i; max ampl. = 0.776869
Fixing e-field (band 4) phase by -0.00245458 + -0.999997i; max ampl. = 0.90148
Fixing e-field (band 5) phase by -0.0172488 + 0.999851i; max ampl. = 0.739222
Fixing e-field (band 6) phase by -0.0333423 + 0.999444i; max ampl. = 0.654149
Fixing e-field (band 7) phase by -0.0491339 + -0.998792i; max ampl. = 1.07267
Fixing e-field (band 8) phase by 0.999998 + 0.00183037i; max ampl. = 0.977283
Outputting fields to simulation_InP_opt_along_x-e.v.k16.b01.z.te...
Outputting fields to simulation_InP_opt_along_x-e.v.k16.b02.z.te...
Outputting fields to simulation_InP_opt_along_x-e.v.k16.b03.z.te...
Outputting fields to simulation_InP_opt_along_x-e.v.k16.b04.z.te...
Outputting fields to simulation_InP_opt_along_x-e.v.k16.b05.z.te...
Outputting fields to simulation_InP_opt_along_x-e.v.k16.b06.z.te...
Outputting fields to simulation_InP_opt_along_x-e.v.k16.b07.z.te...
Outputting fields to simulation_InP_opt_along_x-e.v.k16.b08.z.te...
Outputting fields to simulation_InP_opt_along_x-h.v.k16.b01.y.te...
Outputting fields to simulation_InP_opt_along_x-h.v.k16.b02.y.te...
Outputting fields to simulation_InP_opt_along_x-h.v.k16.b03.y.te...
Outputting fields to simulation_InP_opt_along_x-h.v.k16.b04.y.te...
Outputting fields to simulation_InP_opt_along_x-h.v.k16.b05.y.te...
Outputting fields to simulation_InP_opt_along_x-h.v.k16.b06.y.te...
Outputting fields to simulation_InP_opt_along_x-h.v.k16.b07.y.te...
Outputting fields to simulation_InP_opt_along_x-h.v.k16.b08.y.te...
solve_kpoint (0.380952,0.190476,0):
Solving for bands 1 to 8...
    linmin: converged after 3 iterations.
    linmin: converged after 3 iterations.
    linmin: converged after 3 iterations.
    linmin: converged after 3 iterations.
    linmin: converged after 3 iterations.
    linmin: converged after 4 iterations.
    linmin: converged after 2 iterations.
    linmin: converged after 2 iterations.
    linmin: converged after 2 iterations.
    linmin: converged after 2 iterations.
    linmin: converged after 2 iterations.
    linmin: converged after 2 iterations.
    linmin: converged after 2 iterations.
Finished solving for bands 1 to 8 after 13 iterations.
tefreqs:, 17, 0.380952, 0.190476, 0, 0.380952, 0.176429, 0.406795, 0.419387, 0.555223, 0.570676, 0.690342, 0.720092, 0.777181
elapsed time for k point: 0 seconds.
Fixing e-field (band 1) phase by 1 + -2.1029e-06i; max ampl. = 0.873567
Fixing e-field (band 2) phase by 0.0166427 + 0.999862i; max ampl. = 0.803707
Fixing e-field (band 3) phase by -0.99999 + -0.00449294i; max ampl. = 0.790615
Fixing e-field (band 4) phase by -0.0028485 + -0.999996i; max ampl. = 0.898912
Fixing e-field (band 5) phase by 0.00533121 + -0.999986i; max ampl. = 0.753945
Fixing e-field (band 6) phase by 0.144184 + 0.989551i; max ampl. = 0.660125
Fixing e-field (band 7) phase by 0.0214825 + 0.999769i; max ampl. = 1.03603
Fixing e-field (band 8) phase by 0.999999 + 0.00125719i; max ampl. = 0.942211
Outputting fields to simulation_InP_opt_along_x-e.v.k17.b01.z.te...
Outputting fields to simulation_InP_opt_along_x-e.v.k17.b02.z.te...
Outputting fields to simulation_InP_opt_along_x-e.v.k17.b03.z.te...
Outputting fields to simulation_InP_opt_along_x-e.v.k17.b04.z.te...
Outputting fields to simulation_InP_opt_along_x-e.v.k17.b05.z.te...
Outputting fields to simulation_InP_opt_along_x-e.v.k17.b06.z.te...
Outputting fields to simulation_InP_opt_along_x-e.v.k17.b07.z.te...
Outputting fields to simulation_InP_opt_along_x-e.v.k17.b08.z.te...
Outputting fields to simulation_InP_opt_along_x-h.v.k17.b01.y.te...
Outputting fields to simulation_InP_opt_along_x-h.v.k17.b02.y.te...
Outputting fields to simulation_InP_opt_along_x-h.v.k17.b03.y.te...
Outputting fields to simulation_InP_opt_along_x-h.v.k17.b04.y.te...
Outputting fields to simulation_InP_opt_along_x-h.v.k17.b05.y.te...
Outputting fields to simulation_InP_opt_along_x-h.v.k17.b06.y.te...
Outputting fields to simulation_InP_opt_along_x-h.v.k17.b07.y.te...
Outputting fields to simulation_InP_opt_along_x-h.v.k17.b08.y.te...
solve_kpoint (0.404762,0.202381,0):
Solving for bands 1 to 8...
    linmin: converged after 3 iterations.
    linmin: converged after 3 iterations.
    linmin: converged after 3 iterations.
    linmin: converged after 3 iterations.
    linmin: converged after 3 iterations.
    linmin: converged after 4 iterations.
    linmin: converged after 2 iterations.
    linmin: converged after 2 iterations.
    linmin: converged after 2 iterations.
    linmin: converged after 2 iterations.
    linmin: converged after 2 iterations.
    linmin: converged after 2 iterations.
    linmin: converged after 2 iterations.
    linmin: converged after 2 iterations.
Finished solving for bands 1 to 8 after 14 iterations.
tefreqs:, 18, 0.404762, 0.202381, 0, 0.404762, 0.186488, 0.403098, 0.411288, 0.557481, 0.573528, 0.684368, 0.724615, 0.781571
elapsed time for k point: 0 seconds.
Fixing e-field (band 1) phase by 1 + -8.24145e-06i; max ampl. = 0.873667
Fixing e-field (band 2) phase by 0.0154784 + 0.99988i; max ampl. = 0.826195
Fixing e-field (band 3) phase by -0.999988 + -0.00498824i; max ampl. = 0.806634
Fixing e-field (band 4) phase by -0.00351668 + -0.999994i; max ampl. = 0.896693
Fixing e-field (band 5) phase by 0.00509323 + -0.999987i; max ampl. = 0.760595
Fixing e-field (band 6) phase by -0.0213835 + -0.999771i; max ampl. = 0.665703
Fixing e-field (band 7) phase by -0.0150497 + -0.999887i; max ampl. = 0.995745
Fixing e-field (band 8) phase by 1 + 0.000160478i; max ampl. = 0.883722
Outputting fields to simulation_InP_opt_along_x-e.v.k18.b01.z.te...
Outputting fields to simulation_InP_opt_along_x-e.v.k18.b02.z.te...
Outputting fields to simulation_InP_opt_along_x-e.v.k18.b03.z.te...
Outputting fields to simulation_InP_opt_along_x-e.v.k18.b04.z.te...
Outputting fields to simulation_InP_opt_along_x-e.v.k18.b05.z.te...
Outputting fields to simulation_InP_opt_along_x-e.v.k18.b06.z.te...
Outputting fields to simulation_InP_opt_along_x-e.v.k18.b07.z.te...
Outputting fields to simulation_InP_opt_along_x-e.v.k18.b08.z.te...
Outputting fields to simulation_InP_opt_along_x-h.v.k18.b01.y.te...
Outputting fields to simulation_InP_opt_along_x-h.v.k18.b02.y.te...
Outputting fields to simulation_InP_opt_along_x-h.v.k18.b03.y.te...
Outputting fields to simulation_InP_opt_along_x-h.v.k18.b04.y.te...
Outputting fields to simulation_InP_opt_along_x-h.v.k18.b05.y.te...
Outputting fields to simulation_InP_opt_along_x-h.v.k18.b06.y.te...
Outputting fields to simulation_InP_opt_along_x-h.v.k18.b07.y.te...
Outputting fields to simulation_InP_opt_along_x-h.v.k18.b08.y.te...
solve_kpoint (0.428571,0.214286,0):
Solving for bands 1 to 8...
    linmin: converged after 3 iterations.
    linmin: converged after 3 iterations.
    linmin: converged after 4 iterations.
    linmin: converged after 3 iterations.
    linmin: converged after 3 iterations.
    linmin: converged after 4 iterations.
    linmin: converged after 2 iterations.
    linmin: converged after 2 iterations.
    linmin: converged after 2 iterations.
    linmin: converged after 2 iterations.
    linmin: converged after 2 iterations.
    linmin: converged after 2 iterations.
    linmin: converged after 2 iterations.
    linmin: converged after 2 iterations.
Finished solving for bands 1 to 8 after 14 iterations.
tefreqs:, 19, 0.428571, 0.214286, 0, 0.428571, 0.196274, 0.399275, 0.403569, 0.559863, 0.57641, 0.678394, 0.729185, 0.784113
elapsed time for k point: 0 seconds.
Fixing e-field (band 1) phase by 1 + -8.85318e-06i; max ampl. = 0.873233
Fixing e-field (band 2) phase by 0.0127892 + 0.999918i; max ampl. = 0.869985
Fixing e-field (band 3) phase by -0.999978 + -0.00669464i; max ampl. = 0.818885
Fixing e-field (band 4) phase by 0.00192562 + 0.999998i; max ampl. = 0.894912
Fixing e-field (band 5) phase by -0.00330178 + 0.999995i; max ampl. = 0.763542
Fixing e-field (band 6) phase by 0.999984 + -0.00563125i; max ampl. = 0.887555
Fixing e-field (band 7) phase by -0.00989736 + -0.999951i; max ampl. = 0.953225
Fixing e-field (band 8) phase by 0.999986 + -0.00524157i; max ampl. = 0.811224
Outputting fields to simulation_InP_opt_along_x-e.v.k19.b01.z.te...
Outputting fields to simulation_InP_opt_along_x-e.v.k19.b02.z.te...
Outputting fields to simulation_InP_opt_along_x-e.v.k19.b03.z.te...
Outputting fields to simulation_InP_opt_along_x-e.v.k19.b04.z.te...
Outputting fields to simulation_InP_opt_along_x-e.v.k19.b05.z.te...
Outputting fields to simulation_InP_opt_along_x-e.v.k19.b06.z.te...
Outputting fields to simulation_InP_opt_along_x-e.v.k19.b07.z.te...
Outputting fields to simulation_InP_opt_along_x-e.v.k19.b08.z.te...
Outputting fields to simulation_InP_opt_along_x-h.v.k19.b01.y.te...
Outputting fields to simulation_InP_opt_along_x-h.v.k19.b02.y.te...
Outputting fields to simulation_InP_opt_along_x-h.v.k19.b03.y.te...
Outputting fields to simulation_InP_opt_along_x-h.v.k19.b04.y.te...
Outputting fields to simulation_InP_opt_along_x-h.v.k19.b05.y.te...
Outputting fields to simulation_InP_opt_along_x-h.v.k19.b06.y.te...
Outputting fields to simulation_InP_opt_along_x-h.v.k19.b07.y.te...
Outputting fields to simulation_InP_opt_along_x-h.v.k19.b08.y.te...
solve_kpoint (0.452381,0.22619,0):
Solving for bands 1 to 8...
    linmin: converged after 2 iterations.
    linmin: converged after 3 iterations.
    linmin: converged after 4 iterations.
    linmin: converged after 3 iterations.
    linmin: converged after 2 iterations.
    linmin: converged after 2 iterations.
    linmin: converged after 2 iterations.
    linmin: converged after 2 iterations.
    linmin: converged after 2 iterations.
    linmin: converged after 2 iterations.
    linmin: converged after 2 iterations.
    linmin: converged after 2 iterations.
    linmin: converged after 2 iterations.
Finished solving for bands 1 to 8 after 13 iterations.
tefreqs:, 20, 0.452381, 0.22619, 0, 0.452381, 0.205727, 0.39464, 0.397014, 0.562361, 0.579293, 0.672449, 0.733758, 0.785159
elapsed time for k point: 0 seconds.
Fixing e-field (band 1) phase by 1 + -1.60505e-05i; max ampl. = 0.872339
Fixing e-field (band 2) phase by -1 + 0.000639845i; max ampl. = 0.819328
Fixing e-field (band 3) phase by -0.0243336 + -0.999704i; max ampl. = 0.928447
Fixing e-field (band 4) phase by -0.000886706 + -1i; max ampl. = 0.893479
Fixing e-field (band 5) phase by -0.0010892 + 0.999999i; max ampl. = 0.763389
Fixing e-field (band 6) phase by -0.999999 + 0.00102171i; max ampl. = 0.902732
Fixing e-field (band 7) phase by 0.0100414 + 0.99995i; max ampl. = 0.910945
Fixing e-field (band 8) phase by 0.00697234 + -0.999976i; max ampl. = 0.694145
Outputting fields to simulation_InP_opt_along_x-e.v.k20.b01.z.te...
Outputting fields to simulation_InP_opt_along_x-e.v.k20.b02.z.te...
Outputting fields to simulation_InP_opt_along_x-e.v.k20.b03.z.te...
Outputting fields to simulation_InP_opt_along_x-e.v.k20.b04.z.te...
Outputting fields to simulation_InP_opt_along_x-e.v.k20.b05.z.te...
Outputting fields to simulation_InP_opt_along_x-e.v.k20.b06.z.te...
Outputting fields to simulation_InP_opt_along_x-e.v.k20.b07.z.te...
Outputting fields to simulation_InP_opt_along_x-e.v.k20.b08.z.te...
Outputting fields to simulation_InP_opt_along_x-h.v.k20.b01.y.te...
Outputting fields to simulation_InP_opt_along_x-h.v.k20.b02.y.te...
Outputting fields to simulation_InP_opt_along_x-h.v.k20.b03.y.te...
Outputting fields to simulation_InP_opt_along_x-h.v.k20.b04.y.te...
Outputting fields to simulation_InP_opt_along_x-h.v.k20.b05.y.te...
Outputting fields to simulation_InP_opt_along_x-h.v.k20.b06.y.te...
Outputting fields to simulation_InP_opt_along_x-h.v.k20.b07.y.te...
Outputting fields to simulation_InP_opt_along_x-h.v.k20.b08.y.te...
solve_kpoint (0.47619,0.238095,0):
Solving for bands 1 to 8...
    linmin: converged after 2 iterations.
    linmin: converged after 3 iterations.
    linmin: converged after 4 iterations.
    linmin: converged after 3 iterations.
    linmin: converged after 3 iterations.
    linmin: converged after 2 iterations.
    linmin: converged after 2 iterations.
    linmin: converged after 2 iterations.
    linmin: converged after 2 iterations.
    linmin: converged after 2 iterations.
    linmin: converged after 2 iterations.
    linmin: converged after 2 iterations.
    linmin: converged after 2 iterations.
Finished solving for bands 1 to 8 after 13 iterations.
tefreqs:, 21, 0.47619, 0.238095, 0, 0.47619, 0.214766, 0.388217, 0.392714, 0.564969, 0.582135, 0.666572, 0.738275, 0.785305
elapsed time for k point: 0 seconds.
Fixing e-field (band 1) phase by 1 + -1.66503e-05i; max ampl. = 0.871777
Fixing e-field (band 2) phase by -1 + 0.00080844i; max ampl. = 0.8418
Fixing e-field (band 3) phase by 0.0122363 + 0.999925i; max ampl. = 0.785697
Fixing e-field (band 4) phase by -0.00089857 + -1i; max ampl. = 0.89194
Fixing e-field (band 5) phase by -0.000931847 + 1i; max ampl. = 0.760223
Fixing e-field (band 6) phase by -1 + -0.000341887i; max ampl. = 0.916067
Fixing e-field (band 7) phase by -0.0118565 + -0.99993i; max ampl. = 0.882324
Fixing e-field (band 8) phase by 0.00584317 + -0.999983i; max ampl. = 0.758984
Outputting fields to simulation_InP_opt_along_x-e.v.k21.b01.z.te...
Outputting fields to simulation_InP_opt_along_x-e.v.k21.b02.z.te...
Outputting fields to simulation_InP_opt_along_x-e.v.k21.b03.z.te...
Outputting fields to simulation_InP_opt_along_x-e.v.k21.b04.z.te...
Outputting fields to simulation_InP_opt_along_x-e.v.k21.b05.z.te...
Outputting fields to simulation_InP_opt_along_x-e.v.k21.b06.z.te...
Outputting fields to simulation_InP_opt_along_x-e.v.k21.b07.z.te...
Outputting fields to simulation_InP_opt_along_x-e.v.k21.b08.z.te...
Outputting fields to simulation_InP_opt_along_x-h.v.k21.b01.y.te...
Outputting fields to simulation_InP_opt_along_x-h.v.k21.b02.y.te...
Outputting fields to simulation_InP_opt_along_x-h.v.k21.b03.y.te...
Outputting fields to simulation_InP_opt_along_x-h.v.k21.b04.y.te...
Outputting fields to simulation_InP_opt_along_x-h.v.k21.b05.y.te...
Outputting fields to simulation_InP_opt_along_x-h.v.k21.b06.y.te...
Outputting fields to simulation_InP_opt_along_x-h.v.k21.b07.y.te...
Outputting fields to simulation_InP_opt_along_x-h.v.k21.b08.y.te...
solve_kpoint (0.5,0.25,0):
Solving for bands 1 to 8...
    linmin: converged after 2 iterations.
    linmin: converged after 3 iterations.
    linmin: converged after 4 iterations.
    linmin: converged after 3 iterations.
    linmin: converged after 3 iterations.
    linmin: converged after 2 iterations.
    linmin: converged after 2 iterations.
    linmin: converged after 2 iterations.
    linmin: converged after 2 iterations.
    linmin: converged after 2 iterations.
    linmin: converged after 2 iterations.
Finished solving for bands 1 to 8 after 11 iterations.
tefreqs:, 22, 0.5, 0.25, 0, 0.5, 0.223289, 0.381799, 0.389015, 0.567675, 0.584878, 0.660816, 0.742663, 0.785017
elapsed time for k point: 1 seconds.
Fixing e-field (band 1) phase by 1 + -2.02992e-05i; max ampl. = 0.870629
Fixing e-field (band 2) phase by -1 + 0.000350314i; max ampl. = 0.854592
Fixing e-field (band 3) phase by 0.0130686 + 0.999915i; max ampl. = 0.720728
Fixing e-field (band 4) phase by -0.000959594 + -1i; max ampl. = 0.890095
Fixing e-field (band 5) phase by -0.000881096 + 1i; max ampl. = 0.7538
Fixing e-field (band 6) phase by -0.999999 + -0.0013687i; max ampl. = 0.92719
Fixing e-field (band 7) phase by -0.0141343 + -0.9999i; max ampl. = 0.905475
Fixing e-field (band 8) phase by 0.00737127 + -0.999973i; max ampl. = 0.806644
Outputting fields to simulation_InP_opt_along_x-e.v.k22.b01.z.te...
Outputting fields to simulation_InP_opt_along_x-e.v.k22.b02.z.te...
Outputting fields to simulation_InP_opt_along_x-e.v.k22.b03.z.te...
Outputting fields to simulation_InP_opt_along_x-e.v.k22.b04.z.te...
Outputting fields to simulation_InP_opt_along_x-e.v.k22.b05.z.te...
Outputting fields to simulation_InP_opt_along_x-e.v.k22.b06.z.te...
Outputting fields to simulation_InP_opt_along_x-e.v.k22.b07.z.te...
Outputting fields to simulation_InP_opt_along_x-e.v.k22.b08.z.te...
Outputting fields to simulation_InP_opt_along_x-h.v.k22.b01.y.te...
Outputting fields to simulation_InP_opt_along_x-h.v.k22.b02.y.te...
Outputting fields to simulation_InP_opt_along_x-h.v.k22.b03.y.te...
Outputting fields to simulation_InP_opt_along_x-h.v.k22.b04.y.te...
Outputting fields to simulation_InP_opt_along_x-h.v.k22.b05.y.te...
Outputting fields to simulation_InP_opt_along_x-h.v.k22.b06.y.te...
Outputting fields to simulation_InP_opt_along_x-h.v.k22.b07.y.te...
Outputting fields to simulation_InP_opt_along_x-h.v.k22.b08.y.te...
Band 1 range: 0.0 at #(0.0 0.0 0.0) to 0.22328919891823804 at #(0.5 0.25000000000000006 0.0)
Band 2 range: 0.381798635980877 at #(0.5 0.25000000000000006 0.0) to 0.44455516469155454 at #(0.0 0.0 0.0)
Band 3 range: 0.3890150320829568 at #(0.5 0.25000000000000006 0.0) to 0.523521321605683 at #(0.0 0.0 0.0)
Band 4 range: 0.5407898153473203 at #(0.09523809523809498 0.04761904761904755 0.0) to 0.5676753163773166 at #(0.5 0.25000000000000006 0.0)
Band 5 range: 0.5413676525950274 at #(0.0 0.0 0.0) to 0.5848776740190336 at #(0.5 0.25000000000000006 0.0)
Band 6 range: 0.6608159797293891 at #(0.5 0.25000000000000006 0.0) to 0.7068270353437455 at #(0.3095238095238093 0.1547619047619047 0.0)
Band 7 range: 0.6771262389445478 at #(0.0 0.0 0.0) to 0.7426628622171154 at #(0.5 0.25000000000000006 0.0)
Band 8 range: 0.7314559669014148 at #(0.21428571428571402 0.10714285714285707 0.0) to 0.7853049331504727 at #(0.47619047619047616 0.23809523809523814 0.0)
Gap from band 1 (0.22328919891823804) to band 2 (0.381798635980877), 52.39220751779513%
Gap from band 3 (0.523521321605683) to band 4 (0.5407898153473203), 3.2450085585076103%
Gap from band 5 (0.5848776740190336) to band 6 (0.6608159797293891), 12.19213174633253%
total elapsed time for run: 15 seconds.
done.
init-params: initializing eigensolver data
Computing 8 bands with 1.000000e-07 tolerance.
Working in 2 dimensions.
Grid size is 64 x 64 x 1.
Solving for 8 bands at a time.
Creating Maxwell data...
Mesh size is 3.
Lattice vectors:
     (1, 0, 0)
     (0.5, 0.866025, 0)
     (0, 0, 1)
Cell volume = 0.866025
Reciprocal lattice vectors (/ 2 pi):
     (1, -0.57735, 0)
     (-0, 1.1547, -0)
     (0, -0, 1)
Geometric objects:
     block, center = (0,0,0)
          size (1e+20,1e+20,1e+20)
          axes (1,0,0), (0,1,0), (0,0,1)
          epsilon = 9.61, mu = 1
     cylinder, center = (0.333333,0.333333,0)
          radius 0.1, height 1e+20, axis (0, 0, 1)
          epsilon = 1, mu = 1
     cylinder, center = (0.666667,0.666667,0)
          radius 0.34, height 1e+20, axis (0, 0, 1)
          epsilon = 1, mu = 1
Geometric object tree has depth 3 and 32 object nodes (vs. 3 actual objects)
Initializing epsilon function...
22 k-points:
     (0,0,0)
     (0.0238095,0.0119048,0)
     (0.047619,0.0238095,0)
     (0.0714286,0.0357143,0)
     (0.0952381,0.047619,0)
     (0.119048,0.0595238,0)
     (0.142857,0.0714286,0)
     (0.166667,0.0833333,0)
     (0.190476,0.0952381,0)
     (0.214286,0.107143,0)
     (0.238095,0.119048,0)
     (0.261905,0.130952,0)
     (0.285714,0.142857,0)
     (0.309524,0.154762,0)
     (0.333333,0.166667,0)
     (0.357143,0.178571,0)
     (0.380952,0.190476,0)
     (0.404762,0.202381,0)
     (0.428571,0.214286,0)
     (0.452381,0.22619,0)
     (0.47619,0.238095,0)
     (0.5,0.25,0)
Solving for band polarization: tm.
Initializing fields to random numbers...
elapsed time for initialization: 0 seconds.
epsilon: 1-9.61, mean 5.68706, harm. mean 2.00913, 57.5195% > 1, 54.4374% "fill"
Outputting simulation_InP_opt_along_x-epsilon...
solve_kpoint (0,0,0):
tmfreqs:, k index, k1, k2, k3, kmag/2pi, tm band 1, tm band 2, tm band 3, tm band 4, tm band 5, tm band 6, tm band 7, tm band 8
Solving for bands 2 to 8...
    linmin: converged after 7 iterations.
    linmin: converged after 8 iterations.
    linmin: converged after 5 iterations.
    linmin: converged after 4 iterations.
    linmin: converged after 4 iterations.
    linmin: converged after 4 iterations.
    linmin: converged after 4 iterations.
    linmin: converged after 4 iterations.
    linmin: converged after 4 iterations.
    linmin: converged after 4 iterations.
    linmin: converged after 4 iterations.
    linmin: converged after 3 iterations.
    linmin: converged after 3 iterations.
    linmin: converged after 3 iterations.
    linmin: converged after 4 iterations.
    linmin: converged after 4 iterations.
    linmin: converged after 4 iterations.
    linmin: converged after 3 iterations.
    linmin: converged after 4 iterations.
    linmin: converged after 4 iterations.
    linmin: converged after 4 iterations.
    linmin: converged after 3 iterations.
    linmin: converged after 4 iterations.
    linmin: converged after 4 iterations.
    linmin: converged after 2 iterations.
    linmin: converged after 2 iterations.
    linmin: converged after 2 iterations.
    linmin: converged after 2 iterations.
    linmin: converged after 2 iterations.
    linmin: converged after 2 iterations.
    linmin: converged after 2 iterations.
    linmin: converged after 2 iterations.
    linmin: converged after 2 iterations.
    linmin: converged after 2 iterations.
    linmin: converged after 2 iterations.
Finished solving for bands 2 to 8 after 35 iterations.
tmfreqs:, 1, 0, 0, 0, 0, 0, 0.408301, 0.408482, 0.408483, 0.522631, 0.522732, 0.719395, 0.743313
elapsed time for k point: 0 seconds.
Fixing e-field (band 1) phase by 1 + -0i; max ampl. = 0
Fixing e-field (band 2) phase by 0.142174 + 0.989842i; max ampl. = 0.847789
Fixing e-field (band 3) phase by -0.36084 + 0.932628i; max ampl. = 0.959511
Fixing e-field (band 4) phase by 0.979072 + 0.203514i; max ampl. = 0.832246
Fixing e-field (band 5) phase by 0.779366 + -0.626569i; max ampl. = 0.795925
Fixing e-field (band 6) phase by -0.713191 + 0.70097i; max ampl. = 0.916688
Fixing e-field (band 7) phase by 0.602903 + 0.797814i; max ampl. = 1.19935
Fixing e-field (band 8) phase by -0.599241 + 0.800569i; max ampl. = 0.896814
Outputting fields to simulation_InP_opt_along_x-e.v.k01.b01.z.tm...
Outputting fields to simulation_InP_opt_along_x-e.v.k01.b02.z.tm...
Outputting fields to simulation_InP_opt_along_x-e.v.k01.b03.z.tm...
Outputting fields to simulation_InP_opt_along_x-e.v.k01.b04.z.tm...
Outputting fields to simulation_InP_opt_along_x-e.v.k01.b05.z.tm...
Outputting fields to simulation_InP_opt_along_x-e.v.k01.b06.z.tm...
Outputting fields to simulation_InP_opt_along_x-e.v.k01.b07.z.tm...
Outputting fields to simulation_InP_opt_along_x-e.v.k01.b08.z.tm...
Outputting fields to simulation_InP_opt_along_x-h.v.k01.b01.y.tm...
Outputting fields to simulation_InP_opt_along_x-h.v.k01.b02.y.tm...
Outputting fields to simulation_InP_opt_along_x-h.v.k01.b03.y.tm...
Outputting fields to simulation_InP_opt_along_x-h.v.k01.b04.y.tm...
Outputting fields to simulation_InP_opt_along_x-h.v.k01.b05.y.tm...
Outputting fields to simulation_InP_opt_along_x-h.v.k01.b06.y.tm...
Outputting fields to simulation_InP_opt_along_x-h.v.k01.b07.y.tm...
Outputting fields to simulation_InP_opt_along_x-h.v.k01.b08.y.tm...
solve_kpoint (0.0238095,0.0119048,0):
Solving for bands 1 to 8...
    linmin: converged after 7 iterations.
    linmin: converged after 5 iterations.
    linmin: converged after 5 iterations.
    linmin: converged after 4 iterations.
    linmin: converged after 3 iterations.
    linmin: converged after 3 iterations.
    linmin: converged after 3 iterations.
    linmin: converged after 3 iterations.
    linmin: converged after 3 iterations.
    linmin: converged after 3 iterations.
    linmin: converged after 3 iterations.
    linmin: converged after 3 iterations.
    linmin: converged after 3 iterations.
    linmin: converged after 3 iterations.
    linmin: converged after 3 iterations.
    linmin: converged after 3 iterations.
    linmin: converged after 3 iterations.
    linmin: converged after 2 iterations.
    linmin: converged after 2 iterations.
    linmin: converged after 2 iterations.
    linmin: converged after 2 iterations.
    linmin: converged after 2 iterations.
    linmin: converged after 2 iterations.
    linmin: converged after 4 iterations.
    linmin: converged after 4 iterations.
    linmin: converged after 4 iterations.
    linmin: converged after 2 iterations.
    linmin: converged after 2 iterations.
    linmin: converged after 2 iterations.
    linmin: converged after 2 iterations.
    linmin: converged after 2 iterations.
    linmin: converged after 2 iterations.
    linmin: converged after 4 iterations.
    linmin: converged after 4 iterations.
    linmin: converged after 2 iterations.
    linmin: converged after 2 iterations.
    linmin: converged after 2 iterations.
    linmin: converged after 2 iterations.
    linmin: converged after 2 iterations.
    linmin: converged after 2 iterations.
    linmin: converged after 2 iterations.
    linmin: converged after 2 iterations.
    linmin: converged after 2 iterations.
    linmin: converged after 2 iterations.
    linmin: converged after 2 iterations.
    linmin: converged after 2 iterations.
    linmin: converged after 2 iterations.
    linmin: converged after 2 iterations.
    linmin: converged after 2 iterations.
    linmin: converged after 2 iterations.
    linmin: converged after 2 iterations.
    linmin: converged after 2 iterations.
    linmin: converged after 2 iterations.
    linmin: converged after 2 iterations.
    linmin: converged after 2 iterations.
    linmin: converged after 2 iterations.
    linmin: converged after 2 iterations.
    linmin: converged after 2 iterations.
    linmin: converged after 2 iterations.
    linmin: converged after 2 iterations.
    linmin: converged after 2 iterations.
    linmin: converged after 2 iterations.
    linmin: converged after 2 iterations.
    linmin: converged after 2 iterations.
    linmin: converged after 2 iterations.
    linmin: converged after 2 iterations.
    linmin: converged after 2 iterations.
    linmin: converged after 2 iterations.
    linmin: converged after 2 iterations.
    linmin: converged after 2 iterations.
    linmin: converged after 2 iterations.
    linmin: converged after 2 iterations.
    linmin: converged after 2 iterations.
    linmin: converged after 2 iterations.
    linmin: converged after 2 iterations.
Finished solving for bands 1 to 8 after 75 iterations.
tmfreqs:, 2, 0.0238095, 0.0119048, 0, 0.0238095, 0.00998327, 0.402622, 0.40837, 0.414041, 0.522603, 0.522886, 0.719238, 0.74178
elapsed time for k point: 1 seconds.
Fixing e-field (band 1) phase by -1 + -2.72129e-05i; max ampl. = 0.451374
Fixing e-field (band 2) phase by 0.996993 + 0.0774972i; max ampl. = 0.59807
Fixing e-field (band 3) phase by -0.966346 + 0.257246i; max ampl. = 0.957882
Fixing e-field (band 4) phase by 0.999387 + -0.0350006i; max ampl. = 0.601053
Fixing e-field (band 5) phase by -9.71795e-05 + -1i; max ampl. = 0.854423
Fixing e-field (band 6) phase by -0.0465249 + 0.998917i; max ampl. = 0.905614
Fixing e-field (band 7) phase by 0.988803 + 0.149228i; max ampl. = 1.19152
Fixing e-field (band 8) phase by -0.654989 + 0.755638i; max ampl. = 0.853098
Outputting fields to simulation_InP_opt_along_x-e.v.k02.b01.z.tm...
Outputting fields to simulation_InP_opt_along_x-e.v.k02.b02.z.tm...
Outputting fields to simulation_InP_opt_along_x-e.v.k02.b03.z.tm...
Outputting fields to simulation_InP_opt_along_x-e.v.k02.b04.z.tm...
Outputting fields to simulation_InP_opt_along_x-e.v.k02.b05.z.tm...
Outputting fields to simulation_InP_opt_along_x-e.v.k02.b06.z.tm...
Outputting fields to simulation_InP_opt_along_x-e.v.k02.b07.z.tm...
Outputting fields to simulation_InP_opt_along_x-e.v.k02.b08.z.tm...
Outputting fields to simulation_InP_opt_along_x-h.v.k02.b01.y.tm...
Outputting fields to simulation_InP_opt_along_x-h.v.k02.b02.y.tm...
Outputting fields to simulation_InP_opt_along_x-h.v.k02.b03.y.tm...
Outputting fields to simulation_InP_opt_along_x-h.v.k02.b04.y.tm...
Outputting fields to simulation_InP_opt_along_x-h.v.k02.b05.y.tm...
Outputting fields to simulation_InP_opt_along_x-h.v.k02.b06.y.tm...
Outputting fields to simulation_InP_opt_along_x-h.v.k02.b07.y.tm...
Outputting fields to simulation_InP_opt_along_x-h.v.k02.b08.y.tm...
solve_kpoint (0.047619,0.0238095,0):
Solving for bands 1 to 8...
    linmin: converged after 6 iterations.
    linmin: converged after 4 iterations.
    linmin: converged after 4 iterations.
    linmin: converged after 3 iterations.
    linmin: converged after 3 iterations.
    linmin: converged after 3 iterations.
    linmin: converged after 2 iterations.
    linmin: converged after 2 iterations.
    linmin: converged after 2 iterations.
    linmin: converged after 2 iterations.
    linmin: converged after 2 iterations.
    linmin: converged after 4 iterations.
    linmin: converged after 4 iterations.
    linmin: converged after 4 iterations.
    linmin: converged after 4 iterations.
    linmin: converged after 4 iterations.
    linmin: converged after 2 iterations.
    linmin: converged after 2 iterations.
    linmin: converged after 2 iterations.
    linmin: converged after 2 iterations.
Finished solving for bands 1 to 8 after 20 iterations.
tmfreqs:, 3, 0.047619, 0.0238095, 0, 0.047619, 0.0199618, 0.396748, 0.408031, 0.419555, 0.522323, 0.523548, 0.718657, 0.738226
elapsed time for k point: 0 seconds.
Fixing e-field (band 1) phase by 1 + 2.07941e-05i; max ampl. = 0.451482
Fixing e-field (band 2) phase by 0.0042586 + -0.999991i; max ampl. = 0.592164
Fixing e-field (band 3) phase by 0.999929 + -0.0119296i; max ampl. = 0.956494
Fixing e-field (band 4) phase by 0.999198 + -0.0400489i; max ampl. = 0.610528
Fixing e-field (band 5) phase by 0.000992807 + 1i; max ampl. = 0.806404
Fixing e-field (band 6) phase by -0.624837 + 0.780755i; max ampl. = 0.916845
Fixing e-field (band 7) phase by 0.998241 + 0.0592827i; max ampl. = 1.16259
Fixing e-field (band 8) phase by -0.979184 + 0.202973i; max ampl. = 0.832073
Outputting fields to simulation_InP_opt_along_x-e.v.k03.b01.z.tm...
Outputting fields to simulation_InP_opt_along_x-e.v.k03.b02.z.tm...
Outputting fields to simulation_InP_opt_along_x-e.v.k03.b03.z.tm...
Outputting fields to simulation_InP_opt_along_x-e.v.k03.b04.z.tm...
Outputting fields to simulation_InP_opt_along_x-e.v.k03.b05.z.tm...
Outputting fields to simulation_InP_opt_along_x-e.v.k03.b06.z.tm...
Outputting fields to simulation_InP_opt_along_x-e.v.k03.b07.z.tm...
Outputting fields to simulation_InP_opt_along_x-e.v.k03.b08.z.tm...
Outputting fields to simulation_InP_opt_along_x-h.v.k03.b01.y.tm...
Outputting fields to simulation_InP_opt_along_x-h.v.k03.b02.y.tm...
Outputting fields to simulation_InP_opt_along_x-h.v.k03.b03.y.tm...
Outputting fields to simulation_InP_opt_along_x-h.v.k03.b04.y.tm...
Outputting fields to simulation_InP_opt_along_x-h.v.k03.b05.y.tm...
Outputting fields to simulation_InP_opt_along_x-h.v.k03.b06.y.tm...
Outputting fields to simulation_InP_opt_along_x-h.v.k03.b07.y.tm...
Outputting fields to simulation_InP_opt_along_x-h.v.k03.b08.y.tm...
solve_kpoint (0.0714286,0.0357143,0):
Solving for bands 1 to 8...
    linmin: converged after 5 iterations.
    linmin: converged after 3 iterations.
    linmin: converged after 3 iterations.
    linmin: converged after 3 iterations.
    linmin: converged after 3 iterations.
    linmin: converged after 3 iterations.
    linmin: converged after 2 iterations.
    linmin: converged after 2 iterations.
    linmin: converged after 2 iterations.
    linmin: converged after 2 iterations.
    linmin: converged after 2 iterations.
    linmin: converged after 2 iterations.
    linmin: converged after 2 iterations.
    linmin: converged after 2 iterations.
    linmin: converged after 2 iterations.
    linmin: converged after 2 iterations.
    linmin: converged after 2 iterations.
Finished solving for bands 1 to 8 after 17 iterations.
tmfreqs:, 4, 0.0714286, 0.0357143, 0, 0.0714286, 0.029931, 0.390784, 0.407459, 0.42492, 0.521873, 0.524659, 0.717321, 0.734113
elapsed time for k point: 0 seconds.
Fixing e-field (band 1) phase by 1 + 3.45475e-07i; max ampl. = 0.453322
Fixing e-field (band 2) phase by 0.034291 + -0.999412i; max ampl. = 0.594226
Fixing e-field (band 3) phase by -0.999972 + 0.00749405i; max ampl. = 0.954117
Fixing e-field (band 4) phase by 0.999116 + -0.0420359i; max ampl. = 0.618897
Fixing e-field (band 5) phase by -0.000508396 + -1i; max ampl. = 0.792768
Fixing e-field (band 6) phase by -0.923491 + 0.38362i; max ampl. = 0.918322
Fixing e-field (band 7) phase by -0.999234 + -0.0391385i; max ampl. = 1.09804
Fixing e-field (band 8) phase by -0.999048 + 0.0436252i; max ampl. = 0.820286
Outputting fields to simulation_InP_opt_along_x-e.v.k04.b01.z.tm...
Outputting fields to simulation_InP_opt_along_x-e.v.k04.b02.z.tm...
Outputting fields to simulation_InP_opt_along_x-e.v.k04.b03.z.tm...
Outputting fields to simulation_InP_opt_along_x-e.v.k04.b04.z.tm...
Outputting fields to simulation_InP_opt_along_x-e.v.k04.b05.z.tm...
Outputting fields to simulation_InP_opt_along_x-e.v.k04.b06.z.tm...
Outputting fields to simulation_InP_opt_along_x-e.v.k04.b07.z.tm...
Outputting fields to simulation_InP_opt_along_x-e.v.k04.b08.z.tm...
Outputting fields to simulation_InP_opt_along_x-h.v.k04.b01.y.tm...
Outputting fields to simulation_InP_opt_along_x-h.v.k04.b02.y.tm...
Outputting fields to simulation_InP_opt_along_x-h.v.k04.b03.y.tm...
Outputting fields to simulation_InP_opt_along_x-h.v.k04.b04.y.tm...
Outputting fields to simulation_InP_opt_along_x-h.v.k04.b05.y.tm...
Outputting fields to simulation_InP_opt_along_x-h.v.k04.b06.y.tm...
Outputting fields to simulation_InP_opt_along_x-h.v.k04.b07.y.tm...
Outputting fields to simulation_InP_opt_along_x-h.v.k04.b08.y.tm...
solve_kpoint (0.0952381,0.047619,0):
Solving for bands 1 to 8...
    linmin: converged after 4 iterations.
    linmin: converged after 3 iterations.
    linmin: converged after 3 iterations.
    linmin: converged after 3 iterations.
    linmin: converged after 3 iterations.
    linmin: converged after 3 iterations.
    linmin: converged after 2 iterations.
    linmin: converged after 2 iterations.
    linmin: converged after 2 iterations.
    linmin: converged after 4 iterations.
    linmin: converged after 4 iterations.
    linmin: converged after 2 iterations.
    linmin: converged after 4 iterations.
    linmin: converged after 2 iterations.
    linmin: converged after 2 iterations.
    linmin: converged after 2 iterations.
    linmin: converged after 2 iterations.
Finished solving for bands 1 to 8 after 17 iterations.
tmfreqs:, 5, 0.0952381, 0.047619, 0, 0.0952381, 0.0398857, 0.384745, 0.406644, 0.430125, 0.521288, 0.526209, 0.714757, 0.730196
elapsed time for k point: 0 seconds.
Fixing e-field (band 1) phase by 1 + -1.46705e-05i; max ampl. = 0.452089
Fixing e-field (band 2) phase by -0.0360544 + 0.99935i; max ampl. = 0.596085
Fixing e-field (band 3) phase by -0.999997 + 0.00259719i; max ampl. = 0.950708
Fixing e-field (band 4) phase by 0.999026 + -0.0441286i; max ampl. = 0.627503
Fixing e-field (band 5) phase by -6.77638e-05 + 1i; max ampl. = 0.782766
Fixing e-field (band 6) phase by -0.977514 + 0.210872i; max ampl. = 0.919602
Fixing e-field (band 7) phase by 0.999383 + 0.0351219i; max ampl. = 0.990277
Fixing e-field (band 8) phase by 0.996154 + -0.0876192i; max ampl. = 0.776839
Outputting fields to simulation_InP_opt_along_x-e.v.k05.b01.z.tm...
Outputting fields to simulation_InP_opt_along_x-e.v.k05.b02.z.tm...
Outputting fields to simulation_InP_opt_along_x-e.v.k05.b03.z.tm...
Outputting fields to simulation_InP_opt_along_x-e.v.k05.b04.z.tm...
Outputting fields to simulation_InP_opt_along_x-e.v.k05.b05.z.tm...
Outputting fields to simulation_InP_opt_along_x-e.v.k05.b06.z.tm...
Outputting fields to simulation_InP_opt_along_x-e.v.k05.b07.z.tm...
Outputting fields to simulation_InP_opt_along_x-e.v.k05.b08.z.tm...
Outputting fields to simulation_InP_opt_along_x-h.v.k05.b01.y.tm...
Outputting fields to simulation_InP_opt_along_x-h.v.k05.b02.y.tm...
Outputting fields to simulation_InP_opt_along_x-h.v.k05.b03.y.tm...
Outputting fields to simulation_InP_opt_along_x-h.v.k05.b04.y.tm...
Outputting fields to simulation_InP_opt_along_x-h.v.k05.b05.y.tm...
Outputting fields to simulation_InP_opt_along_x-h.v.k05.b06.y.tm...
Outputting fields to simulation_InP_opt_along_x-h.v.k05.b07.y.tm...
Outputting fields to simulation_InP_opt_along_x-h.v.k05.b08.y.tm...
solve_kpoint (0.119048,0.0595238,0):
Solving for bands 1 to 8...
    linmin: converged after 4 iterations.
    linmin: converged after 4 iterations.
    linmin: converged after 4 iterations.
    linmin: converged after 3 iterations.
    linmin: converged after 4 iterations.
    linmin: converged after 2 iterations.
    linmin: converged after 4 iterations.
    linmin: converged after 4 iterations.
    linmin: converged after 4 iterations.
    linmin: converged after 4 iterations.
    linmin: converged after 4 iterations.
    linmin: converged after 2 iterations.
    linmin: converged after 2 iterations.
    linmin: converged after 2 iterations.
    linmin: converged after 2 iterations.
    linmin: converged after 2 iterations.
Finished solving for bands 1 to 8 after 16 iterations.
tmfreqs:, 6, 0.119048, 0.0595238, 0, 0.119048, 0.0498212, 0.378645, 0.405575, 0.435161, 0.520614, 0.528193, 0.710737, 0.726653
elapsed time for k point: 0 seconds.
Fixing e-field (band 1) phase by 1 + -2.16111e-05i; max ampl. = 0.453212
Fixing e-field (band 2) phase by 0.0341733 + -0.999416i; max ampl. = 0.59747
Fixing e-field (band 3) phase by -1 + -0.00044384i; max ampl. = 0.946236
Fixing e-field (band 4) phase by -0.998981 + 0.0451426i; max ampl. = 0.636416
Fixing e-field (band 5) phase by -0.000990823 + 1i; max ampl. = 0.772616
Fixing e-field (band 6) phase by -0.989554 + 0.14416i; max ampl. = 0.920831
Fixing e-field (band 7) phase by 0.999484 + 0.0321357i; max ampl. = 0.872062
Fixing e-field (band 8) phase by 0.972153 + -0.234346i; max ampl. = 0.767702
Outputting fields to simulation_InP_opt_along_x-e.v.k06.b01.z.tm...
Outputting fields to simulation_InP_opt_along_x-e.v.k06.b02.z.tm...
Outputting fields to simulation_InP_opt_along_x-e.v.k06.b03.z.tm...
Outputting fields to simulation_InP_opt_along_x-e.v.k06.b04.z.tm...
Outputting fields to simulation_InP_opt_along_x-e.v.k06.b05.z.tm...
Outputting fields to simulation_InP_opt_along_x-e.v.k06.b06.z.tm...
Outputting fields to simulation_InP_opt_along_x-e.v.k06.b07.z.tm...
Outputting fields to simulation_InP_opt_along_x-e.v.k06.b08.z.tm...
Outputting fields to simulation_InP_opt_along_x-h.v.k06.b01.y.tm...
Outputting fields to simulation_InP_opt_along_x-h.v.k06.b02.y.tm...
Outputting fields to simulation_InP_opt_along_x-h.v.k06.b03.y.tm...
Outputting fields to simulation_InP_opt_along_x-h.v.k06.b04.y.tm...
Outputting fields to simulation_InP_opt_along_x-h.v.k06.b05.y.tm...
Outputting fields to simulation_InP_opt_along_x-h.v.k06.b06.y.tm...
Outputting fields to simulation_InP_opt_along_x-h.v.k06.b07.y.tm...
Outputting fields to simulation_InP_opt_along_x-h.v.k06.b08.y.tm...
solve_kpoint (0.142857,0.0714286,0):
Solving for bands 1 to 8...
    linmin: converged after 3 iterations.
    linmin: converged after 4 iterations.
    linmin: converged after 4 iterations.
    linmin: converged after 4 iterations.
    linmin: converged after 4 iterations.
    linmin: converged after 4 iterations.
    linmin: converged after 4 iterations.
    linmin: converged after 4 iterations.
    linmin: converged after 4 iterations.
    linmin: converged after 4 iterations.
    linmin: converged after 2 iterations.
    linmin: converged after 2 iterations.
    linmin: converged after 2 iterations.
    linmin: converged after 2 iterations.
Finished solving for bands 1 to 8 after 14 iterations.
tmfreqs:, 7, 0.142857, 0.0714286, 0, 0.142857, 0.0597323, 0.372498, 0.404239, 0.440022, 0.519898, 0.530601, 0.705528, 0.723254
elapsed time for k point: 0 seconds.
Fixing e-field (band 1) phase by 1 + -2.03611e-05i; max ampl. = 0.454356
Fixing e-field (band 2) phase by 0.0278985 + -0.999611i; max ampl. = 0.598373
Fixing e-field (band 3) phase by -1 + -0.00061401i; max ampl. = 0.940516
Fixing e-field (band 4) phase by 0.99899 + -0.0449359i; max ampl. = 0.644911
Fixing e-field (band 5) phase by 0.00182252 + -0.999998i; max ampl. = 0.761156
Fixing e-field (band 6) phase by -0.993298 + 0.115586i; max ampl. = 0.921788
Fixing e-field (band 7) phase by 0.999623 + 0.0274692i; max ampl. = 0.840943
Fixing e-field (band 8) phase by 0.745047 + -0.667011i; max ampl. = 0.772479
Outputting fields to simulation_InP_opt_along_x-e.v.k07.b01.z.tm...
Outputting fields to simulation_InP_opt_along_x-e.v.k07.b02.z.tm...
Outputting fields to simulation_InP_opt_along_x-e.v.k07.b03.z.tm...
Outputting fields to simulation_InP_opt_along_x-e.v.k07.b04.z.tm...
Outputting fields to simulation_InP_opt_along_x-e.v.k07.b05.z.tm...
Outputting fields to simulation_InP_opt_along_x-e.v.k07.b06.z.tm...
Outputting fields to simulation_InP_opt_along_x-e.v.k07.b07.z.tm...
Outputting fields to simulation_InP_opt_along_x-e.v.k07.b08.z.tm...
Outputting fields to simulation_InP_opt_along_x-h.v.k07.b01.y.tm...
Outputting fields to simulation_InP_opt_along_x-h.v.k07.b02.y.tm...
Outputting fields to simulation_InP_opt_along_x-h.v.k07.b03.y.tm...
Outputting fields to simulation_InP_opt_along_x-h.v.k07.b04.y.tm...
Outputting fields to simulation_InP_opt_along_x-h.v.k07.b05.y.tm...
Outputting fields to simulation_InP_opt_along_x-h.v.k07.b06.y.tm...
Outputting fields to simulation_InP_opt_along_x-h.v.k07.b07.y.tm...
Outputting fields to simulation_InP_opt_along_x-h.v.k07.b08.y.tm...
solve_kpoint (0.166667,0.0833333,0):
Solving for bands 1 to 8...
    linmin: converged after 3 iterations.
    linmin: converged after 4 iterations.
    linmin: converged after 4 iterations.
    linmin: converged after 4 iterations.
    linmin: converged after 4 iterations.
    linmin: converged after 2 iterations.
    linmin: converged after 2 iterations.
    linmin: converged after 2 iterations.
    linmin: converged after 2 iterations.
    linmin: converged after 2 iterations.
    linmin: converged after 2 iterations.
    linmin: converged after 2 iterations.
    linmin: converged after 2 iterations.
Finished solving for bands 1 to 8 after 13 iterations.
tmfreqs:, 8, 0.166667, 0.0833333, 0, 0.166667, 0.0696136, 0.366317, 0.402621, 0.444708, 0.519196, 0.53342, 0.699562, 0.719822
elapsed time for k point: 0 seconds.
Fixing e-field (band 1) phase by 1 + -1.70542e-05i; max ampl. = 0.455578
Fixing e-field (band 2) phase by 0.018252 + -0.999833i; max ampl. = 0.599079
Fixing e-field (band 3) phase by -1 + -2.06416e-05i; max ampl. = 0.933629
Fixing e-field (band 4) phase by 0.999073 + -0.0430439i; max ampl. = 0.65276
Fixing e-field (band 5) phase by 0.00251192 + -0.999997i; max ampl. = 0.74848
Fixing e-field (band 6) phase by 0.994748 + -0.10235i; max ampl. = 0.922252
Fixing e-field (band 7) phase by 0.999593 + 0.0285404i; max ampl. = 0.850719
Fixing e-field (band 8) phase by -0.354172 + -0.93518i; max ampl. = 0.75694
Outputting fields to simulation_InP_opt_along_x-e.v.k08.b01.z.tm...
Outputting fields to simulation_InP_opt_along_x-e.v.k08.b02.z.tm...
Outputting fields to simulation_InP_opt_along_x-e.v.k08.b03.z.tm...
Outputting fields to simulation_InP_opt_along_x-e.v.k08.b04.z.tm...
Outputting fields to simulation_InP_opt_along_x-e.v.k08.b05.z.tm...
Outputting fields to simulation_InP_opt_along_x-e.v.k08.b06.z.tm...
Outputting fields to simulation_InP_opt_along_x-e.v.k08.b07.z.tm...
Outputting fields to simulation_InP_opt_along_x-e.v.k08.b08.z.tm...
Outputting fields to simulation_InP_opt_along_x-h.v.k08.b01.y.tm...
Outputting fields to simulation_InP_opt_along_x-h.v.k08.b02.y.tm...
Outputting fields to simulation_InP_opt_along_x-h.v.k08.b03.y.tm...
Outputting fields to simulation_InP_opt_along_x-h.v.k08.b04.y.tm...
Outputting fields to simulation_InP_opt_along_x-h.v.k08.b05.y.tm...
Outputting fields to simulation_InP_opt_along_x-h.v.k08.b06.y.tm...
Outputting fields to simulation_InP_opt_along_x-h.v.k08.b07.y.tm...
Outputting fields to simulation_InP_opt_along_x-h.v.k08.b08.y.tm...
solve_kpoint (0.190476,0.0952381,0):
Solving for bands 1 to 8...
    linmin: converged after 3 iterations.
    linmin: converged after 4 iterations.
    linmin: converged after 4 iterations.
    linmin: converged after 4 iterations.
    linmin: converged after 2 iterations.
    linmin: converged after 2 iterations.
    linmin: converged after 2 iterations.
    linmin: converged after 2 iterations.
    linmin: converged after 2 iterations.
    linmin: converged after 2 iterations.
    linmin: converged after 2 iterations.
    linmin: converged after 2 iterations.
Finished solving for bands 1 to 8 after 12 iterations.
tmfreqs:, 9, 0.190476, 0.0952381, 0, 0.190476, 0.0794594, 0.360115, 0.400711, 0.449221, 0.51856, 0.536633, 0.693145, 0.716331
elapsed time for k point: 0 seconds.
Fixing e-field (band 1) phase by 1 + -1.63776e-05i; max ampl. = 0.457352
Fixing e-field (band 2) phase by -0.00927624 + 0.999957i; max ampl. = 0.599386
Fixing e-field (band 3) phase by -1 + 0.000493562i; max ampl. = 0.925355
Fixing e-field (band 4) phase by 0.99834 + -0.0575958i; max ampl. = 0.660889
Fixing e-field (band 5) phase by -0.00287287 + 0.999996i; max ampl. = 0.73451
Fixing e-field (band 6) phase by 0.995845 + -0.0910642i; max ampl. = 0.922143
Fixing e-field (band 7) phase by -0.00257616 + 0.999997i; max ampl. = 0.715806
Fixing e-field (band 8) phase by 0.447213 + 0.894428i; max ampl. = 0.742579
Outputting fields to simulation_InP_opt_along_x-e.v.k09.b01.z.tm...
Outputting fields to simulation_InP_opt_along_x-e.v.k09.b02.z.tm...
Outputting fields to simulation_InP_opt_along_x-e.v.k09.b03.z.tm...
Outputting fields to simulation_InP_opt_along_x-e.v.k09.b04.z.tm...
Outputting fields to simulation_InP_opt_along_x-e.v.k09.b05.z.tm...
Outputting fields to simulation_InP_opt_along_x-e.v.k09.b06.z.tm...
Outputting fields to simulation_InP_opt_along_x-e.v.k09.b07.z.tm...
Outputting fields to simulation_InP_opt_along_x-e.v.k09.b08.z.tm...
Outputting fields to simulation_InP_opt_along_x-h.v.k09.b01.y.tm...
Outputting fields to simulation_InP_opt_along_x-h.v.k09.b02.y.tm...
Outputting fields to simulation_InP_opt_along_x-h.v.k09.b03.y.tm...
Outputting fields to simulation_InP_opt_along_x-h.v.k09.b04.y.tm...
Outputting fields to simulation_InP_opt_along_x-h.v.k09.b05.y.tm...
Outputting fields to simulation_InP_opt_along_x-h.v.k09.b06.y.tm...
Outputting fields to simulation_InP_opt_along_x-h.v.k09.b07.y.tm...
Outputting fields to simulation_InP_opt_along_x-h.v.k09.b08.y.tm...
solve_kpoint (0.214286,0.107143,0):
Solving for bands 1 to 8...
    linmin: converged after 3 iterations.
    linmin: converged after 4 iterations.
    linmin: converged after 2 iterations.
    linmin: converged after 2 iterations.
    linmin: converged after 2 iterations.
    linmin: converged after 2 iterations.
    linmin: converged after 2 iterations.
    linmin: converged after 2 iterations.
    linmin: converged after 2 iterations.
    linmin: converged after 2 iterations.
    linmin: converged after 2 iterations.
Finished solving for bands 1 to 8 after 11 iterations.
tmfreqs:, 10, 0.214286, 0.107143, 0, 0.214286, 0.0892636, 0.353904, 0.398501, 0.45357, 0.518042, 0.540219, 0.68645, 0.712797
elapsed time for k point: 1 seconds.
Fixing e-field (band 1) phase by 1 + -1.072e-05i; max ampl. = 0.459134
Fixing e-field (band 2) phase by -0.00471485 + 0.999989i; max ampl. = 0.599552
Fixing e-field (band 3) phase by -1 + 0.000277447i; max ampl. = 0.915994
Fixing e-field (band 4) phase by 0.999979 + -0.00649484i; max ampl. = 0.668745
Fixing e-field (band 5) phase by -0.00294101 + 0.999996i; max ampl. = 0.7194
Fixing e-field (band 6) phase by 0.996691 + -0.0812781i; max ampl. = 0.9226
Fixing e-field (band 7) phase by 0.00286312 + -0.999996i; max ampl. = 0.722781
Fixing e-field (band 8) phase by -0.9953 + 0.0968345i; max ampl. = 0.729033
Outputting fields to simulation_InP_opt_along_x-e.v.k10.b01.z.tm...
Outputting fields to simulation_InP_opt_along_x-e.v.k10.b02.z.tm...
Outputting fields to simulation_InP_opt_along_x-e.v.k10.b03.z.tm...
Outputting fields to simulation_InP_opt_along_x-e.v.k10.b04.z.tm...
Outputting fields to simulation_InP_opt_along_x-e.v.k10.b05.z.tm...
Outputting fields to simulation_InP_opt_along_x-e.v.k10.b06.z.tm...
Outputting fields to simulation_InP_opt_along_x-e.v.k10.b07.z.tm...
Outputting fields to simulation_InP_opt_along_x-e.v.k10.b08.z.tm...
Outputting fields to simulation_InP_opt_along_x-h.v.k10.b01.y.tm...
Outputting fields to simulation_InP_opt_along_x-h.v.k10.b02.y.tm...
Outputting fields to simulation_InP_opt_along_x-h.v.k10.b03.y.tm...
Outputting fields to simulation_InP_opt_along_x-h.v.k10.b04.y.tm...
Outputting fields to simulation_InP_opt_along_x-h.v.k10.b05.y.tm...
Outputting fields to simulation_InP_opt_along_x-h.v.k10.b06.y.tm...
Outputting fields to simulation_InP_opt_along_x-h.v.k10.b07.y.tm...
Outputting fields to simulation_InP_opt_along_x-h.v.k10.b08.y.tm...
solve_kpoint (0.238095,0.119048,0):
Solving for bands 1 to 8...
    linmin: converged after 3 iterations.
    linmin: converged after 4 iterations.
    linmin: converged after 2 iterations.
    linmin: converged after 2 iterations.
    linmin: converged after 2 iterations.
    linmin: converged after 2 iterations.
    linmin: converged after 2 iterations.
    linmin: converged after 2 iterations.
    linmin: converged after 2 iterations.
    linmin: converged after 2 iterations.
    linmin: converged after 2 iterations.
Finished solving for bands 1 to 8 after 11 iterations.
tmfreqs:, 11, 0.238095, 0.119048, 0, 0.238095, 0.0990195, 0.347695, 0.395989, 0.457765, 0.517687, 0.544153, 0.679577, 0.709241
elapsed time for k point: 0 seconds.
Fixing e-field (band 1) phase by 1 + -1.09723e-05i; max ampl. = 0.461395
Fixing e-field (band 2) phase by 0.00101607 + -0.999999i; max ampl. = 0.599531
Fixing e-field (band 3) phase by 1 + -0.000413101i; max ampl. = 0.905327
Fixing e-field (band 4) phase by -0.999811 + 0.0194402i; max ampl. = 0.675819
Fixing e-field (band 5) phase by 0.00299026 + -0.999996i; max ampl. = 0.703265
Fixing e-field (band 6) phase by 0.997356 + -0.072667i; max ampl. = 0.922221
Fixing e-field (band 7) phase by -0.00114907 + 0.999999i; max ampl. = 0.725598
Fixing e-field (band 8) phase by -0.991241 + -0.132064i; max ampl. = 0.718255
Outputting fields to simulation_InP_opt_along_x-e.v.k11.b01.z.tm...
Outputting fields to simulation_InP_opt_along_x-e.v.k11.b02.z.tm...
Outputting fields to simulation_InP_opt_along_x-e.v.k11.b03.z.tm...
Outputting fields to simulation_InP_opt_along_x-e.v.k11.b04.z.tm...
Outputting fields to simulation_InP_opt_along_x-e.v.k11.b05.z.tm...
Outputting fields to simulation_InP_opt_along_x-e.v.k11.b06.z.tm...
Outputting fields to simulation_InP_opt_along_x-e.v.k11.b07.z.tm...
Outputting fields to simulation_InP_opt_along_x-e.v.k11.b08.z.tm...
Outputting fields to simulation_InP_opt_along_x-h.v.k11.b01.y.tm...
Outputting fields to simulation_InP_opt_along_x-h.v.k11.b02.y.tm...
Outputting fields to simulation_InP_opt_along_x-h.v.k11.b03.y.tm...
Outputting fields to simulation_InP_opt_along_x-h.v.k11.b04.y.tm...
Outputting fields to simulation_InP_opt_along_x-h.v.k11.b05.y.tm...
Outputting fields to simulation_InP_opt_along_x-h.v.k11.b06.y.tm...
Outputting fields to simulation_InP_opt_along_x-h.v.k11.b07.y.tm...
Outputting fields to simulation_InP_opt_along_x-h.v.k11.b08.y.tm...
solve_kpoint (0.261905,0.130952,0):
Solving for bands 1 to 8...
    linmin: converged after 3 iterations.
    linmin: converged after 2 iterations.
    linmin: converged after 2 iterations.
    linmin: converged after 2 iterations.
    linmin: converged after 2 iterations.
    linmin: converged after 2 iterations.
    linmin: converged after 2 iterations.
    linmin: converged after 2 iterations.
    linmin: converged after 2 iterations.
    linmin: converged after 2 iterations.
Finished solving for bands 1 to 8 after 10 iterations.
tmfreqs:, 12, 0.261905, 0.130952, 0, 0.261905, 0.10872, 0.3415, 0.393178, 0.461821, 0.517532, 0.548405, 0.672585, 0.705679
elapsed time for k point: 0 seconds.
Fixing e-field (band 1) phase by 1 + -1.04068e-05i; max ampl. = 0.463998
Fixing e-field (band 2) phase by -0.000655986 + -1i; max ampl. = 0.599386
Fixing e-field (band 3) phase by 1 + -0.000282115i; max ampl. = 0.893531
Fixing e-field (band 4) phase by 0.999827 + -0.0185889i; max ampl. = 0.682103
Fixing e-field (band 5) phase by -0.0029545 + 0.999996i; max ampl. = 0.686363
Fixing e-field (band 6) phase by 0.997843 + -0.0656507i; max ampl. = 0.92083
Fixing e-field (band 7) phase by -0.000116209 + 1i; max ampl. = 0.726198
Fixing e-field (band 8) phase by -0.985375 + -0.170401i; max ampl. = 0.710636
Outputting fields to simulation_InP_opt_along_x-e.v.k12.b01.z.tm...
Outputting fields to simulation_InP_opt_along_x-e.v.k12.b02.z.tm...
Outputting fields to simulation_InP_opt_along_x-e.v.k12.b03.z.tm...
Outputting fields to simulation_InP_opt_along_x-e.v.k12.b04.z.tm...
Outputting fields to simulation_InP_opt_along_x-e.v.k12.b05.z.tm...
Outputting fields to simulation_InP_opt_along_x-e.v.k12.b06.z.tm...
Outputting fields to simulation_InP_opt_along_x-e.v.k12.b07.z.tm...
Outputting fields to simulation_InP_opt_along_x-e.v.k12.b08.z.tm...
Outputting fields to simulation_InP_opt_along_x-h.v.k12.b01.y.tm...
Outputting fields to simulation_InP_opt_along_x-h.v.k12.b02.y.tm...
Outputting fields to simulation_InP_opt_along_x-h.v.k12.b03.y.tm...
Outputting fields to simulation_InP_opt_along_x-h.v.k12.b04.y.tm...
Outputting fields to simulation_InP_opt_along_x-h.v.k12.b05.y.tm...
Outputting fields to simulation_InP_opt_along_x-h.v.k12.b06.y.tm...
Outputting fields to simulation_InP_opt_along_x-h.v.k12.b07.y.tm...
Outputting fields to simulation_InP_opt_along_x-h.v.k12.b08.y.tm...
solve_kpoint (0.285714,0.142857,0):
Solving for bands 1 to 8...
    linmin: converged after 3 iterations.
    linmin: converged after 2 iterations.
    linmin: converged after 2 iterations.
    linmin: converged after 2 iterations.
    linmin: converged after 2 iterations.
    linmin: converged after 2 iterations.
    linmin: converged after 2 iterations.
    linmin: converged after 2 iterations.
    linmin: converged after 2 iterations.
Finished solving for bands 1 to 8 after 9 iterations.
tmfreqs:, 13, 0.285714, 0.142857, 0, 0.285714, 0.118357, 0.335329, 0.390079, 0.465756, 0.517607, 0.552946, 0.665512, 0.702121
elapsed time for k point: 0 seconds.
Fixing e-field (band 1) phase by 1 + -7.37494e-06i; max ampl. = 0.466899
Fixing e-field (band 2) phase by -0.00156354 + -0.999999i; max ampl. = 0.599081
Fixing e-field (band 3) phase by 1 + -0.000144387i; max ampl. = 0.880713
Fixing e-field (band 4) phase by -0.999856 + 0.0169621i; max ampl. = 0.687621
Fixing e-field (band 5) phase by -0.00292727 + 0.999996i; max ampl. = 0.669412
Fixing e-field (band 6) phase by 0.998221 + -0.0596273i; max ampl. = 0.918419
Fixing e-field (band 7) phase by -0.000417848 + -1i; max ampl. = 0.725693
Fixing e-field (band 8) phase by -0.983555 + -0.180606i; max ampl. = 0.703802
Outputting fields to simulation_InP_opt_along_x-e.v.k13.b01.z.tm...
Outputting fields to simulation_InP_opt_along_x-e.v.k13.b02.z.tm...
Outputting fields to simulation_InP_opt_along_x-e.v.k13.b03.z.tm...
Outputting fields to simulation_InP_opt_along_x-e.v.k13.b04.z.tm...
Outputting fields to simulation_InP_opt_along_x-e.v.k13.b05.z.tm...
Outputting fields to simulation_InP_opt_along_x-e.v.k13.b06.z.tm...
Outputting fields to simulation_InP_opt_along_x-e.v.k13.b07.z.tm...
Outputting fields to simulation_InP_opt_along_x-e.v.k13.b08.z.tm...
Outputting fields to simulation_InP_opt_along_x-h.v.k13.b01.y.tm...
Outputting fields to simulation_InP_opt_along_x-h.v.k13.b02.y.tm...
Outputting fields to simulation_InP_opt_along_x-h.v.k13.b03.y.tm...
Outputting fields to simulation_InP_opt_along_x-h.v.k13.b04.y.tm...
Outputting fields to simulation_InP_opt_along_x-h.v.k13.b05.y.tm...
Outputting fields to simulation_InP_opt_along_x-h.v.k13.b06.y.tm...
Outputting fields to simulation_InP_opt_along_x-h.v.k13.b07.y.tm...
Outputting fields to simulation_InP_opt_along_x-h.v.k13.b08.y.tm...
solve_kpoint (0.309524,0.154762,0):
Solving for bands 1 to 8...
    linmin: converged after 3 iterations.
    linmin: converged after 2 iterations.
    linmin: converged after 2 iterations.
    linmin: converged after 2 iterations.
    linmin: converged after 2 iterations.
    linmin: converged after 2 iterations.
    linmin: converged after 2 iterations.
    linmin: converged after 2 iterations.
Finished solving for bands 1 to 8 after 8 iterations.
tmfreqs:, 14, 0.309524, 0.154762, 0, 0.309524, 0.127921, 0.329194, 0.38671, 0.469588, 0.517931, 0.55774, 0.658387, 0.698578
elapsed time for k point: 0 seconds.
Fixing e-field (band 1) phase by 1 + -8.55155e-06i; max ampl. = 0.47035
Fixing e-field (band 2) phase by 0.0019916 + 0.999998i; max ampl. = 0.598775
Fixing e-field (band 3) phase by 1 + -7.06937e-05i; max ampl. = 0.867166
Fixing e-field (band 4) phase by 0.99989 + -0.0148494i; max ampl. = 0.693113
Fixing e-field (band 5) phase by -0.00299221 + 0.999996i; max ampl. = 0.652486
Fixing e-field (band 6) phase by 0.998638 + -0.0521723i; max ampl. = 0.914639
Fixing e-field (band 7) phase by -0.000711248 + -1i; max ampl. = 0.724679
Fixing e-field (band 8) phase by -0.981371 + -0.19212i; max ampl. = 0.697366
Outputting fields to simulation_InP_opt_along_x-e.v.k14.b01.z.tm...
Outputting fields to simulation_InP_opt_along_x-e.v.k14.b02.z.tm...
Outputting fields to simulation_InP_opt_along_x-e.v.k14.b03.z.tm...
Outputting fields to simulation_InP_opt_along_x-e.v.k14.b04.z.tm...
Outputting fields to simulation_InP_opt_along_x-e.v.k14.b05.z.tm...
Outputting fields to simulation_InP_opt_along_x-e.v.k14.b06.z.tm...
Outputting fields to simulation_InP_opt_along_x-e.v.k14.b07.z.tm...
Outputting fields to simulation_InP_opt_along_x-e.v.k14.b08.z.tm...
Outputting fields to simulation_InP_opt_along_x-h.v.k14.b01.y.tm...
Outputting fields to simulation_InP_opt_along_x-h.v.k14.b02.y.tm...
Outputting fields to simulation_InP_opt_along_x-h.v.k14.b03.y.tm...
Outputting fields to simulation_InP_opt_along_x-h.v.k14.b04.y.tm...
Outputting fields to simulation_InP_opt_along_x-h.v.k14.b05.y.tm...
Outputting fields to simulation_InP_opt_along_x-h.v.k14.b06.y.tm...
Outputting fields to simulation_InP_opt_along_x-h.v.k14.b07.y.tm...
Outputting fields to simulation_InP_opt_along_x-h.v.k14.b08.y.tm...
solve_kpoint (0.333333,0.166667,0):
Solving for bands 1 to 8...
    linmin: converged after 3 iterations.
    linmin: converged after 2 iterations.
    linmin: converged after 2 iterations.
    linmin: converged after 2 iterations.
    linmin: converged after 2 iterations.
    linmin: converged after 2 iterations.
    linmin: converged after 2 iterations.
Finished solving for bands 1 to 8 after 7 iterations.
tmfreqs:, 15, 0.333333, 0.166667, 0, 0.333333, 0.137402, 0.323106, 0.383096, 0.473334, 0.518513, 0.562755, 0.651232, 0.695056
elapsed time for k point: 0 seconds.
Fixing e-field (band 1) phase by 1 + -7.50785e-06i; max ampl. = 0.474242
Fixing e-field (band 2) phase by 0.00214027 + 0.999998i; max ampl. = 0.598308
Fixing e-field (band 3) phase by 1 + -5.25983e-05i; max ampl. = 0.852704
Fixing e-field (band 4) phase by 0.9999 + -0.014152i; max ampl. = 0.698052
Fixing e-field (band 5) phase by -0.00287956 + 0.999996i; max ampl. = 0.636142
Fixing e-field (band 6) phase by 0.998918 + -0.0465072i; max ampl. = 0.909378
Fixing e-field (band 7) phase by -0.000599596 + -1i; max ampl. = 0.722678
Fixing e-field (band 8) phase by -0.980604 + -0.196i; max ampl. = 0.691084
Outputting fields to simulation_InP_opt_along_x-e.v.k15.b01.z.tm...
Outputting fields to simulation_InP_opt_along_x-e.v.k15.b02.z.tm...
Outputting fields to simulation_InP_opt_along_x-e.v.k15.b03.z.tm...
Outputting fields to simulation_InP_opt_along_x-e.v.k15.b04.z.tm...
Outputting fields to simulation_InP_opt_along_x-e.v.k15.b05.z.tm...
Outputting fields to simulation_InP_opt_along_x-e.v.k15.b06.z.tm...
Outputting fields to simulation_InP_opt_along_x-e.v.k15.b07.z.tm...
Outputting fields to simulation_InP_opt_along_x-e.v.k15.b08.z.tm...
Outputting fields to simulation_InP_opt_along_x-h.v.k15.b01.y.tm...
Outputting fields to simulation_InP_opt_along_x-h.v.k15.b02.y.tm...
Outputting fields to simulation_InP_opt_along_x-h.v.k15.b03.y.tm...
Outputting fields to simulation_InP_opt_along_x-h.v.k15.b04.y.tm...
Outputting fields to simulation_InP_opt_along_x-h.v.k15.b05.y.tm...
Outputting fields to simulation_InP_opt_along_x-h.v.k15.b06.y.tm...
Outputting fields to simulation_InP_opt_along_x-h.v.k15.b07.y.tm...
Outputting fields to simulation_InP_opt_along_x-h.v.k15.b08.y.tm...
solve_kpoint (0.357143,0.178571,0):
Solving for bands 1 to 8...
    linmin: converged after 3 iterations.
    linmin: converged after 2 iterations.
    linmin: converged after 2 iterations.
    linmin: converged after 2 iterations.
    linmin: converged after 2 iterations.
    linmin: converged after 2 iterations.
Finished solving for bands 1 to 8 after 6 iterations.
tmfreqs:, 16, 0.357143, 0.178571, 0, 0.357143, 0.146787, 0.317076, 0.379271, 0.477011, 0.519356, 0.567955, 0.644066, 0.691565
elapsed time for k point: 1 seconds.
Fixing e-field (band 1) phase by 1 + -6.3239e-06i; max ampl. = 0.47895
Fixing e-field (band 2) phase by 0.00244653 + 0.999997i; max ampl. = 0.597852
Fixing e-field (band 3) phase by -1 + 3.42753e-05i; max ampl. = 0.837754
Fixing e-field (band 4) phase by 0.999911 + -0.013307i; max ampl. = 0.702331
Fixing e-field (band 5) phase by -0.00288454 + 0.999996i; max ampl. = 0.62091
Fixing e-field (band 6) phase by 0.999216 + -0.0395917i; max ampl. = 0.902252
Fixing e-field (band 7) phase by -0.00039184 + -1i; max ampl. = 0.719851
Fixing e-field (band 8) phase by -0.979117 + -0.203299i; max ampl. = 0.685102
Outputting fields to simulation_InP_opt_along_x-e.v.k16.b01.z.tm...
Outputting fields to simulation_InP_opt_along_x-e.v.k16.b02.z.tm...
Outputting fields to simulation_InP_opt_along_x-e.v.k16.b03.z.tm...
Outputting fields to simulation_InP_opt_along_x-e.v.k16.b04.z.tm...
Outputting fields to simulation_InP_opt_along_x-e.v.k16.b05.z.tm...
Outputting fields to simulation_InP_opt_along_x-e.v.k16.b06.z.tm...
Outputting fields to simulation_InP_opt_along_x-e.v.k16.b07.z.tm...
Outputting fields to simulation_InP_opt_along_x-e.v.k16.b08.z.tm...
Outputting fields to simulation_InP_opt_along_x-h.v.k16.b01.y.tm...
Outputting fields to simulation_InP_opt_along_x-h.v.k16.b02.y.tm...
Outputting fields to simulation_InP_opt_along_x-h.v.k16.b03.y.tm...
Outputting fields to simulation_InP_opt_along_x-h.v.k16.b04.y.tm...
Outputting fields to simulation_InP_opt_along_x-h.v.k16.b05.y.tm...
Outputting fields to simulation_InP_opt_along_x-h.v.k16.b06.y.tm...
Outputting fields to simulation_InP_opt_along_x-h.v.k16.b07.y.tm...
Outputting fields to simulation_InP_opt_along_x-h.v.k16.b08.y.tm...
solve_kpoint (0.380952,0.190476,0):
Solving for bands 1 to 8...
    linmin: converged after 2 iterations.
    linmin: converged after 2 iterations.
    linmin: converged after 2 iterations.
    linmin: converged after 2 iterations.
    linmin: converged after 2 iterations.
    linmin: converged after 2 iterations.
Finished solving for bands 1 to 8 after 6 iterations.
tmfreqs:, 17, 0.380952, 0.190476, 0, 0.380952, 0.156063, 0.311114, 0.375271, 0.480636, 0.520453, 0.5733, 0.636911, 0.688113
elapsed time for k point: 0 seconds.
Fixing e-field (band 1) phase by 1 + -6.97579e-06i; max ampl. = 0.484309
Fixing e-field (band 2) phase by 0.00223415 + 0.999998i; max ampl. = 0.597323
Fixing e-field (band 3) phase by -1 + 1.33595e-05i; max ampl. = 0.822239
Fixing e-field (band 4) phase by 0.999934 + -0.0114476i; max ampl. = 0.706195
Fixing e-field (band 5) phase by 0.00331506 + -0.999995i; max ampl. = 0.606145
Fixing e-field (band 6) phase by 0.999449 + -0.0331807i; max ampl. = 0.900304
Fixing e-field (band 7) phase by -3.44773e-05 + -1i; max ampl. = 0.715888
Fixing e-field (band 8) phase by 0.976972 + 0.213369i; max ampl. = 0.679263
Outputting fields to simulation_InP_opt_along_x-e.v.k17.b01.z.tm...
Outputting fields to simulation_InP_opt_along_x-e.v.k17.b02.z.tm...
Outputting fields to simulation_InP_opt_along_x-e.v.k17.b03.z.tm...
Outputting fields to simulation_InP_opt_along_x-e.v.k17.b04.z.tm...
Outputting fields to simulation_InP_opt_along_x-e.v.k17.b05.z.tm...
Outputting fields to simulation_InP_opt_along_x-e.v.k17.b06.z.tm...
Outputting fields to simulation_InP_opt_along_x-e.v.k17.b07.z.tm...
Outputting fields to simulation_InP_opt_along_x-e.v.k17.b08.z.tm...
Outputting fields to simulation_InP_opt_along_x-h.v.k17.b01.y.tm...
Outputting fields to simulation_InP_opt_along_x-h.v.k17.b02.y.tm...
Outputting fields to simulation_InP_opt_along_x-h.v.k17.b03.y.tm...
Outputting fields to simulation_InP_opt_along_x-h.v.k17.b04.y.tm...
Outputting fields to simulation_InP_opt_along_x-h.v.k17.b05.y.tm...
Outputting fields to simulation_InP_opt_along_x-h.v.k17.b06.y.tm...
Outputting fields to simulation_InP_opt_along_x-h.v.k17.b07.y.tm...
Outputting fields to simulation_InP_opt_along_x-h.v.k17.b08.y.tm...
solve_kpoint (0.404762,0.202381,0):
Solving for bands 1 to 8...
    linmin: converged after 4 iterations.
    linmin: converged after 2 iterations.
    linmin: converged after 2 iterations.
    linmin: converged after 2 iterations.
    linmin: converged after 2 iterations.
Finished solving for bands 1 to 8 after 5 iterations.
tmfreqs:, 18, 0.404762, 0.202381, 0, 0.404762, 0.165212, 0.305235, 0.37114, 0.484219, 0.521789, 0.578748, 0.629792, 0.684709
elapsed time for k point: 0 seconds.
Fixing e-field (band 1) phase by 1 + -7.37145e-06i; max ampl. = 0.490661
Fixing e-field (band 2) phase by 0.00220672 + 0.999998i; max ampl. = 0.59675
Fixing e-field (band 3) phase by -1 + 1.36402e-05i; max ampl. = 0.806345
Fixing e-field (band 4) phase by 0.999949 + -0.0101199i; max ampl. = 0.709747
Fixing e-field (band 5) phase by 0.999999 + 0.00167197i; max ampl. = 0.570056
Fixing e-field (band 6) phase by 0.999654 + -0.0263225i; max ampl. = 0.906606
Fixing e-field (band 7) phase by 0.000404668 + -1i; max ampl. = 0.710202
Fixing e-field (band 8) phase by -0.974294 + -0.225282i; max ampl. = 0.673173
Outputting fields to simulation_InP_opt_along_x-e.v.k18.b01.z.tm...
Outputting fields to simulation_InP_opt_along_x-e.v.k18.b02.z.tm...
Outputting fields to simulation_InP_opt_along_x-e.v.k18.b03.z.tm...
Outputting fields to simulation_InP_opt_along_x-e.v.k18.b04.z.tm...
Outputting fields to simulation_InP_opt_along_x-e.v.k18.b05.z.tm...
Outputting fields to simulation_InP_opt_along_x-e.v.k18.b06.z.tm...
Outputting fields to simulation_InP_opt_along_x-e.v.k18.b07.z.tm...
Outputting fields to simulation_InP_opt_along_x-e.v.k18.b08.z.tm...
Outputting fields to simulation_InP_opt_along_x-h.v.k18.b01.y.tm...
Outputting fields to simulation_InP_opt_along_x-h.v.k18.b02.y.tm...
Outputting fields to simulation_InP_opt_along_x-h.v.k18.b03.y.tm...
Outputting fields to simulation_InP_opt_along_x-h.v.k18.b04.y.tm...
Outputting fields to simulation_InP_opt_along_x-h.v.k18.b05.y.tm...
Outputting fields to simulation_InP_opt_along_x-h.v.k18.b06.y.tm...
Outputting fields to simulation_InP_opt_along_x-h.v.k18.b07.y.tm...
Outputting fields to simulation_InP_opt_along_x-h.v.k18.b08.y.tm...
solve_kpoint (0.428571,0.214286,0):
Solving for bands 1 to 8...
    linmin: converged after 4 iterations.
    linmin: converged after 2 iterations.
    linmin: converged after 2 iterations.
    linmin: converged after 2 iterations.
    linmin: converged after 2 iterations.
Finished solving for bands 1 to 8 after 5 iterations.
tmfreqs:, 19, 0.428571, 0.214286, 0, 0.428571, 0.174212, 0.299449, 0.366928, 0.487772, 0.523342, 0.584243, 0.622747, 0.681368
elapsed time for k point: 0 seconds.
Fixing e-field (band 1) phase by 1 + -6.33719e-06i; max ampl. = 0.498302
Fixing e-field (band 2) phase by -0.00219495 + -0.999998i; max ampl. = 0.596138
Fixing e-field (band 3) phase by 1 + -1.99528e-05i; max ampl. = 0.789866
Fixing e-field (band 4) phase by 0.999953 + -0.00967139i; max ampl. = 0.71313
Fixing e-field (band 5) phase by 0.999998 + 0.00217947i; max ampl. = 0.588885
Fixing e-field (band 6) phase by 0.9998 + -0.0199867i; max ampl. = 0.918336
Fixing e-field (band 7) phase by 0.00137256 + -0.999999i; max ampl. = 0.701427
Fixing e-field (band 8) phase by -0.972485 + -0.232967i; max ampl. = 0.666613
Outputting fields to simulation_InP_opt_along_x-e.v.k19.b01.z.tm...
Outputting fields to simulation_InP_opt_along_x-e.v.k19.b02.z.tm...
Outputting fields to simulation_InP_opt_along_x-e.v.k19.b03.z.tm...
Outputting fields to simulation_InP_opt_along_x-e.v.k19.b04.z.tm...
Outputting fields to simulation_InP_opt_along_x-e.v.k19.b05.z.tm...
Outputting fields to simulation_InP_opt_along_x-e.v.k19.b06.z.tm...
Outputting fields to simulation_InP_opt_along_x-e.v.k19.b07.z.tm...
Outputting fields to simulation_InP_opt_along_x-e.v.k19.b08.z.tm...
Outputting fields to simulation_InP_opt_along_x-h.v.k19.b01.y.tm...
Outputting fields to simulation_InP_opt_along_x-h.v.k19.b02.y.tm...
Outputting fields to simulation_InP_opt_along_x-h.v.k19.b03.y.tm...
Outputting fields to simulation_InP_opt_along_x-h.v.k19.b04.y.tm...
Outputting fields to simulation_InP_opt_along_x-h.v.k19.b05.y.tm...
Outputting fields to simulation_InP_opt_along_x-h.v.k19.b06.y.tm...
Outputting fields to simulation_InP_opt_along_x-h.v.k19.b07.y.tm...
Outputting fields to simulation_InP_opt_along_x-h.v.k19.b08.y.tm...
solve_kpoint (0.452381,0.22619,0):
Solving for bands 1 to 8...
    linmin: converged after 4 iterations.
    linmin: converged after 2 iterations.
    linmin: converged after 2 iterations.
    linmin: converged after 2 iterations.
    linmin: converged after 2 iterations.
Finished solving for bands 1 to 8 after 5 iterations.
tmfreqs:, 20, 0.452381, 0.22619, 0, 0.452381, 0.183036, 0.293772, 0.362687, 0.491301, 0.525085, 0.589696, 0.615853, 0.678108
elapsed time for k point: 0 seconds.
Fixing e-field (band 1) phase by 1 + -6.33688e-06i; max ampl. = 0.507357
Fixing e-field (band 2) phase by -0.00217104 + -0.999998i; max ampl. = 0.59547
Fixing e-field (band 3) phase by 1 + -3.08815e-05i; max ampl. = 0.772682
Fixing e-field (band 4) phase by 0.999961 + -0.00884548i; max ampl. = 0.716465
Fixing e-field (band 5) phase by -0.999998 + -0.00223022i; max ampl. = 0.605944
Fixing e-field (band 6) phase by 0.999898 + -0.0142827i; max ampl. = 0.941876
Fixing e-field (band 7) phase by 0.00539708 + -0.999985i; max ampl. = 0.706435
Fixing e-field (band 8) phase by -0.969101 + -0.246666i; max ampl. = 0.659279
Outputting fields to simulation_InP_opt_along_x-e.v.k20.b01.z.tm...
Outputting fields to simulation_InP_opt_along_x-e.v.k20.b02.z.tm...
Outputting fields to simulation_InP_opt_along_x-e.v.k20.b03.z.tm...
Outputting fields to simulation_InP_opt_along_x-e.v.k20.b04.z.tm...
Outputting fields to simulation_InP_opt_along_x-e.v.k20.b05.z.tm...
Outputting fields to simulation_InP_opt_along_x-e.v.k20.b06.z.tm...
Outputting fields to simulation_InP_opt_along_x-e.v.k20.b07.z.tm...
Outputting fields to simulation_InP_opt_along_x-e.v.k20.b08.z.tm...
Outputting fields to simulation_InP_opt_along_x-h.v.k20.b01.y.tm...
Outputting fields to simulation_InP_opt_along_x-h.v.k20.b02.y.tm...
Outputting fields to simulation_InP_opt_along_x-h.v.k20.b03.y.tm...
Outputting fields to simulation_InP_opt_along_x-h.v.k20.b04.y.tm...
Outputting fields to simulation_InP_opt_along_x-h.v.k20.b05.y.tm...
Outputting fields to simulation_InP_opt_along_x-h.v.k20.b06.y.tm...
Outputting fields to simulation_InP_opt_along_x-h.v.k20.b07.y.tm...
Outputting fields to simulation_InP_opt_along_x-h.v.k20.b08.y.tm...
solve_kpoint (0.47619,0.238095,0):
Solving for bands 1 to 8...
    linmin: converged after 4 iterations.
    linmin: converged after 2 iterations.
    linmin: converged after 2 iterations.
    linmin: converged after 2 iterations.
    linmin: converged after 2 iterations.
    linmin: converged after 2 iterations.
    linmin: converged after 2 iterations.
Finished solving for bands 1 to 8 after 7 iterations.
tmfreqs:, 21, 0.47619, 0.238095, 0, 0.47619, 0.19165, 0.288219, 0.358478, 0.494808, 0.526979, 0.594838, 0.60936, 0.674953
elapsed time for k point: 0 seconds.
Fixing e-field (band 1) phase by 1 + -5.55944e-06i; max ampl. = 0.518425
Fixing e-field (band 2) phase by -0.00214461 + -0.999998i; max ampl. = 0.594698
Fixing e-field (band 3) phase by 1 + -2.93099e-05i; max ampl. = 0.75449
Fixing e-field (band 4) phase by 0.999966 + -0.00829869i; max ampl. = 0.71991
Fixing e-field (band 5) phase by 0.999998 + 0.00222457i; max ampl. = 0.621695
Fixing e-field (band 6) phase by 0.999956 + -0.00936289i; max ampl. = 0.998161
Fixing e-field (band 7) phase by 0.999978 + -0.00668621i; max ampl. = 0.994358
Fixing e-field (band 8) phase by -0.941801 + -0.33617i; max ampl. = 0.663873
Outputting fields to simulation_InP_opt_along_x-e.v.k21.b01.z.tm...
Outputting fields to simulation_InP_opt_along_x-e.v.k21.b02.z.tm...
Outputting fields to simulation_InP_opt_along_x-e.v.k21.b03.z.tm...
Outputting fields to simulation_InP_opt_along_x-e.v.k21.b04.z.tm...
Outputting fields to simulation_InP_opt_along_x-e.v.k21.b05.z.tm...
Outputting fields to simulation_InP_opt_along_x-e.v.k21.b06.z.tm...
Outputting fields to simulation_InP_opt_along_x-e.v.k21.b07.z.tm...
Outputting fields to simulation_InP_opt_along_x-e.v.k21.b08.z.tm...
Outputting fields to simulation_InP_opt_along_x-h.v.k21.b01.y.tm...
Outputting fields to simulation_InP_opt_along_x-h.v.k21.b02.y.tm...
Outputting fields to simulation_InP_opt_along_x-h.v.k21.b03.y.tm...
Outputting fields to simulation_InP_opt_along_x-h.v.k21.b04.y.tm...
Outputting fields to simulation_InP_opt_along_x-h.v.k21.b05.y.tm...
Outputting fields to simulation_InP_opt_along_x-h.v.k21.b06.y.tm...
Outputting fields to simulation_InP_opt_along_x-h.v.k21.b07.y.tm...
Outputting fields to simulation_InP_opt_along_x-h.v.k21.b08.y.tm...
solve_kpoint (0.5,0.25,0):
Solving for bands 1 to 8...
    linmin: converged after 4 iterations.
    linmin: converged after 2 iterations.
    linmin: converged after 2 iterations.
    linmin: converged after 2 iterations.
    linmin: converged after 2 iterations.
    linmin: converged after 2 iterations.
    linmin: converged after 2 iterations.
    linmin: converged after 2 iterations.
Finished solving for bands 1 to 8 after 8 iterations.
tmfreqs:, 22, 0.5, 0.25, 0, 0.5, 0.200011, 0.282811, 0.354368, 0.498291, 0.528972, 0.597769, 0.605161, 0.67194
elapsed time for k point: 0 seconds.
Fixing e-field (band 1) phase by 1 + -6.02209e-06i; max ampl. = 0.531794
Fixing e-field (band 2) phase by -0.00246971 + -0.999997i; max ampl. = 0.59382
Fixing e-field (band 3) phase by 1 + -4.5924e-05i; max ampl. = 0.735099
Fixing e-field (band 4) phase by 0.999973 + -0.00734661i; max ampl. = 0.723574
Fixing e-field (band 5) phase by -0.999998 + -0.00221325i; max ampl. = 0.635927
Fixing e-field (band 6) phase by 0.999983 + -0.00586645i; max ampl. = 1.06856
Fixing e-field (band 7) phase by -0.999997 + 0.00243216i; max ampl. = 1.19375
Fixing e-field (band 8) phase by -0.928247 + -0.371966i; max ampl. = 0.670567
Outputting fields to simulation_InP_opt_along_x-e.v.k22.b01.z.tm...
Outputting fields to simulation_InP_opt_along_x-e.v.k22.b02.z.tm...
Outputting fields to simulation_InP_opt_along_x-e.v.k22.b03.z.tm...
Outputting fields to simulation_InP_opt_along_x-e.v.k22.b04.z.tm...
Outputting fields to simulation_InP_opt_along_x-e.v.k22.b05.z.tm...
Outputting fields to simulation_InP_opt_along_x-e.v.k22.b06.z.tm...
Outputting fields to simulation_InP_opt_along_x-e.v.k22.b07.z.tm...
Outputting fields to simulation_InP_opt_along_x-e.v.k22.b08.z.tm...
Outputting fields to simulation_InP_opt_along_x-h.v.k22.b01.y.tm...
Outputting fields to simulation_InP_opt_along_x-h.v.k22.b02.y.tm...
Outputting fields to simulation_InP_opt_along_x-h.v.k22.b03.y.tm...
Outputting fields to simulation_InP_opt_along_x-h.v.k22.b04.y.tm...
Outputting fields to simulation_InP_opt_along_x-h.v.k22.b05.y.tm...
Outputting fields to simulation_InP_opt_along_x-h.v.k22.b06.y.tm...
Outputting fields to simulation_InP_opt_along_x-h.v.k22.b07.y.tm...
Outputting fields to simulation_InP_opt_along_x-h.v.k22.b08.y.tm...
Band 1 range: 0.0 at #(0.0 0.0 0.0) to 0.20001061340000334 at #(0.5 0.25000000000000006 0.0)
Band 2 range: 0.2828107178836507 at #(0.5 0.25000000000000006 0.0) to 0.4083009910065273 at #(0.0 0.0 0.0)
Band 3 range: 0.3543681317460569 at #(0.5 0.25000000000000006 0.0) to 0.4084822523273485 at #(0.0 0.0 0.0)
Band 4 range: 0.40848293583517864 at #(0.0 0.0 0.0) to 0.4982909240933409 at #(0.5 0.25000000000000006 0.0)
Band 5 range: 0.5175320398537357 at #(0.26190476190476164 0.13095238095238088 0.0) to 0.5289718922997368 at #(0.5 0.25000000000000006 0.0)
Band 6 range: 0.5227317696552656 at #(0.0 0.0 0.0) to 0.597768540890492 at #(0.5 0.25000000000000006 0.0)
Band 7 range: 0.6051610341574797 at #(0.5 0.25000000000000006 0.0) to 0.7193952685317018 at #(0.0 0.0 0.0)
Band 8 range: 0.6719401308110177 at #(0.5 0.25000000000000006 0.0) to 0.7433125416888141 at #(0.0 0.0 0.0)
Gap from band 1 (0.20001061340000334) to band 2 (0.2828107178836507), 34.29844504322569%
Gap from band 3 (0.4084822523273485) to band 4 (0.40848293583517864), 1.673285079992026e-4%
Gap from band 4 (0.4982909240933409) to band 5 (0.5175320398537357), 3.788281313435099%
Gap from band 6 (0.597768540890492) to band 7 (0.6051610341574797), 1.2290816387472807%
total elapsed time for run: 19 seconds.
done.
