command-line param: r1=0.2
command-line param: r2=0.3
init-params: initializing eigensolver data
Computing 8 bands with 1.000000e-07 tolerance.
Working in 3 dimensions.
Grid size is 32 x 32 x 128.
Solving for 8 bands at a time.
Creating Maxwell data...
Mesh size is 3.
Lattice vectors:
     (1, 0, 0)
     (0.5, 0.866025, 0)
     (0, 0, 4)
Cell volume = 3.4641
Reciprocal lattice vectors (/ 2 pi):
     (1, -0.57735, 0)
     (-0, 1.1547, -0)
     (0, -0, 0.25)
Geometric objects:
     block, center = (0,0,0)
          size (1,1,0.5)
          axes (1,0,0), (0,1,0), (0,0,1)
          epsilon = 9.61, mu = 1
     cylinder, center = (0.333333,0.333333,0)
          radius 0.2, height 0.5, axis (0, 0, 1)
          epsilon = 1, mu = 1
     cylinder, center = (0.666667,0.666667,0)
          radius 0.3, height 0.5, axis (0, 0, 1)
          epsilon = 1, mu = 1
Geometric object tree has depth 3 and 24 object nodes (vs. 3 actual objects)
Initializing epsilon function...
Allocating fields...
64 k-points:
     (0.5,0,0)
     (0.47619,0,0)
     (0.452381,0,0)
     (0.428571,0,0)
     (0.404762,0,0)
     (0.380952,0,0)
     (0.357143,0,0)
     (0.333333,0,0)
     (0.309524,0,0)
     (0.285714,0,0)
     (0.261905,0,0)
     (0.238095,0,0)
     (0.214286,0,0)
     (0.190476,0,0)
     (0.166667,0,0)
     (0.142857,0,0)
     (0.119048,0,0)
     (0.0952381,0,0)
     (0.0714286,0,0)
     (0.047619,0,0)
     (0.0238095,0,0)
     (0,0,0)
     (0.015873,0.015873,0)
     (0.031746,0.031746,0)
     (0.047619,0.047619,0)
     (0.0634921,0.0634921,0)
     (0.0793651,0.0793651,0)
     (0.0952381,0.0952381,0)
     (0.111111,0.111111,0)
     (0.126984,0.126984,0)
     (0.142857,0.142857,0)
     (0.15873,0.15873,0)
     (0.174603,0.174603,0)
     (0.190476,0.190476,0)
     (0.206349,0.206349,0)
     (0.222222,0.222222,0)
     (0.238095,0.238095,0)
     (0.253968,0.253968,0)
     (0.269841,0.269841,0)
     (0.285714,0.285714,0)
     (0.301587,0.301587,0)
     (0.31746,0.31746,0)
     (0.333333,0.333333,0)
     (0.34127,0.31746,0)
     (0.349206,0.301587,0)
     (0.357143,0.285714,0)
     (0.365079,0.269841,0)
     (0.373016,0.253968,0)
     (0.380952,0.238095,0)
     (0.388889,0.222222,0)
     (0.396825,0.206349,0)
     (0.404762,0.190476,0)
     (0.412698,0.174603,0)
     (0.420635,0.15873,0)
     (0.428571,0.142857,0)
     (0.436508,0.126984,0)
     (0.444444,0.111111,0)
     (0.452381,0.0952381,0)
     (0.460317,0.0793651,0)
     (0.468254,0.0634921,0)
     (0.47619,0.047619,0)
     (0.484127,0.031746,0)
     (0.492063,0.015873,0)
     (0.5,0,0)
Solving for band polarization: zeven.
Initializing fields to random numbers...
elapsed time for initialization: 1 seconds.
epsilon: 1-9.61, mean 1.57022, harm. mean 1.07117, 7.87964% > 1, 6.62272% "fill"
Outputting simulation_slab_unoptimized-epsilon...
solve_kpoint (0.5,0,0):
zevenfreqs:, k index, k1, k2, k3, kmag/2pi, zeven band 1, zeven band 2, zeven band 3, zeven band 4, zeven band 5, zeven band 6, zeven band 7, zeven band 8
Solving for bands 1 to 8...
    linmin: converged after 7 iterations.
    linmin: converged after 8 iterations.
    linmin: converged after 5 iterations.
    linmin: converged after 6 iterations.
    linmin: converged after 5 iterations.
    linmin: converged after 4 iterations.
    linmin: converged after 3 iterations.
    linmin: converged after 2 iterations.
    linmin: converged after 4 iterations.
    linmin: converged after 7 iterations.
    linmin: converged after 5 iterations.
    linmin: converged after 6 iterations.
    linmin: converged after 5 iterations.
    linmin: converged after 4 iterations.
    linmin: converged after 4 iterations.
    linmin: converged after 3 iterations.
    linmin: converged after 3 iterations.
    linmin: converged after 3 iterations.
    linmin: converged after 3 iterations.
    linmin: converged after 2 iterations.
    linmin: converged after 2 iterations.
    linmin: converged after 2 iterations.
    linmin: converged after 2 iterations.
    linmin: converged after 2 iterations.
    linmin: converged after 2 iterations.
    linmin: converged after 2 iterations.
    linmin: converged after 2 iterations.
    linmin: converged after 2 iterations.
Finished solving for bands 1 to 8 after 28 iterations.
zevenfreqs:, 1, 0.5, 0, 0, 0.57735, 0.32229, 0.396183, 0.488915, 0.544482, 0.585945, 0.59289, 0.593778, 0.612156
elapsed time for k point: 1 seconds.
solve_kpoint (0.47619,0,0):
Solving for bands 1 to 8...
    linmin: converged after 2 iterations.
    linmin: converged after 4 iterations.
    linmin: converged after 4 iterations.
    linmin: converged after 2 iterations.
    linmin: converged after 2 iterations.
    linmin: converged after 2 iterations.
    linmin: converged after 2 iterations.
    linmin: converged after 2 iterations.
    linmin: converged after 2 iterations.
    linmin: converged after 2 iterations.
    linmin: converged after 2 iterations.
    linmin: converged after 2 iterations.
Finished solving for bands 1 to 8 after 12 iterations.
zevenfreqs:, 2, 0.47619, 0, 0, 0.549857, 0.320302, 0.397811, 0.489178, 0.53908, 0.567043, 0.583263, 0.61879, 0.619682
elapsed time for k point: 0 seconds.
solve_kpoint (0.452381,0,0):
Solving for bands 1 to 8...
    linmin: converged after 2 iterations.
    linmin: converged after 4 iterations.
    linmin: converged after 4 iterations.
    linmin: converged after 4 iterations.
    linmin: converged after 2 iterations.
    linmin: converged after 2 iterations.
    linmin: converged after 2 iterations.
    linmin: converged after 4 iterations.
    linmin: converged after 4 iterations.
    linmin: converged after 4 iterations.
    linmin: converged after 2 iterations.
    linmin: converged after 2 iterations.
    linmin: converged after 2 iterations.
    linmin: converged after 2 iterations.
    linmin: converged after 4 iterations.
    linmin: converged after 4 iterations.
    linmin: converged after 2 iterations.
    linmin: converged after 2 iterations.
    linmin: converged after 2 iterations.
    linmin: converged after 2 iterations.
    linmin: converged after 2 iterations.
    linmin: converged after 2 iterations.
Finished solving for bands 1 to 8 after 22 iterations.
zevenfreqs:, 3, 0.452381, 0, 0, 0.522365, 0.314794, 0.402224, 0.489961, 0.52512, 0.540891, 0.579535, 0.631945, 0.64557
elapsed time for k point: 1 seconds.
solve_kpoint (0.428571,0,0):
Solving for bands 1 to 8...
    linmin: converged after 3 iterations.
    linmin: converged after 4 iterations.
    linmin: converged after 4 iterations.
    linmin: converged after 3 iterations.
    linmin: converged after 4 iterations.
    linmin: converged after 4 iterations.
    linmin: converged after 3 iterations.
    linmin: converged after 3 iterations.
    linmin: converged after 3 iterations.
    linmin: converged after 4 iterations.
    linmin: converged after 4 iterations.
    linmin: converged after 4 iterations.
    linmin: converged after 3 iterations.
    linmin: converged after 3 iterations.
    linmin: converged after 3 iterations.
    linmin: converged after 3 iterations.
    linmin: converged after 3 iterations.
    linmin: converged after 3 iterations.
    linmin: converged after 3 iterations.
    linmin: converged after 2 iterations.
    linmin: converged after 2 iterations.
    linmin: converged after 2 iterations.
    linmin: converged after 2 iterations.
    linmin: converged after 2 iterations.
    linmin: converged after 2 iterations.
    linmin: converged after 2 iterations.
    linmin: converged after 2 iterations.
Finished solving for bands 1 to 8 after 27 iterations.
zevenfreqs:, 4, 0.428571, 0, 0, 0.494872, 0.306711, 0.408429, 0.491185, 0.506542, 0.515018, 0.576165, 0.633216, 0.634081
elapsed time for k point: 1 seconds.
solve_kpoint (0.404762,0,0):
Solving for bands 1 to 8...
    linmin: converged after 2 iterations.
    linmin: converged after 4 iterations.
    linmin: converged after 4 iterations.
    linmin: converged after 2 iterations.
    linmin: converged after 2 iterations.
    linmin: converged after 2 iterations.
    linmin: converged after 2 iterations.
    linmin: converged after 2 iterations.
    linmin: converged after 2 iterations.
    linmin: converged after 2 iterations.
    linmin: converged after 2 iterations.
    linmin: converged after 2 iterations.
Finished solving for bands 1 to 8 after 12 iterations.
zevenfreqs:, 5, 0.404762, 0, 0, 0.467379, 0.296882, 0.415503, 0.485779, 0.487617, 0.494771, 0.57201, 0.615643, 0.62193
elapsed time for k point: 1 seconds.
solve_kpoint (0.380952,0,0):
Solving for bands 1 to 8...
    linmin: converged after 2 iterations.
    linmin: converged after 2 iterations.
    linmin: converged after 2 iterations.
    linmin: converged after 2 iterations.
    linmin: converged after 2 iterations.
    linmin: converged after 2 iterations.
    linmin: converged after 2 iterations.
    linmin: converged after 2 iterations.
    linmin: converged after 2 iterations.
    linmin: converged after 2 iterations.
    linmin: converged after 2 iterations.
Finished solving for bands 1 to 8 after 11 iterations.
zevenfreqs:, 6, 0.380952, 0, 0, 0.439886, 0.285843, 0.422648, 0.463342, 0.463965, 0.496306, 0.565941, 0.597988, 0.611965
elapsed time for k point: 0 seconds.
solve_kpoint (0.357143,0,0):
Solving for bands 1 to 8...
    linmin: converged after 3 iterations.
    linmin: converged after 2 iterations.
    linmin: converged after 2 iterations.
    linmin: converged after 2 iterations.
    linmin: converged after 2 iterations.
    linmin: converged after 2 iterations.
    linmin: converged after 2 iterations.
    linmin: converged after 2 iterations.
    linmin: converged after 2 iterations.
    linmin: converged after 2 iterations.
Finished solving for bands 1 to 8 after 10 iterations.
zevenfreqs:, 7, 0.357143, 0, 0, 0.412393, 0.273909, 0.427284, 0.440831, 0.441638, 0.4994, 0.557331, 0.580697, 0.604853
elapsed time for k point: 0 seconds.
solve_kpoint (0.333333,0,0):
Solving for bands 1 to 8...
    linmin: converged after 3 iterations.
    linmin: converged after 2 iterations.
    linmin: converged after 2 iterations.
    linmin: converged after 2 iterations.
    linmin: converged after 2 iterations.
    linmin: converged after 2 iterations.
    linmin: converged after 2 iterations.
    linmin: converged after 2 iterations.
    linmin: converged after 2 iterations.
Finished solving for bands 1 to 8 after 9 iterations.
zevenfreqs:, 8, 0.333333, 0, 0, 0.3849, 0.261246, 0.410616, 0.41911, 0.43957, 0.503117, 0.546495, 0.564061, 0.600323
elapsed time for k point: 1 seconds.
solve_kpoint (0.309524,0,0):
Solving for bands 1 to 8...
    linmin: converged after 3 iterations.
    linmin: converged after 2 iterations.
    linmin: converged after 2 iterations.
    linmin: converged after 2 iterations.
    linmin: converged after 2 iterations.
    linmin: converged after 2 iterations.
    linmin: converged after 2 iterations.
    linmin: converged after 2 iterations.
Finished solving for bands 1 to 8 after 8 iterations.
zevenfreqs:, 9, 0.309524, 0, 0, 0.357407, 0.247934, 0.386655, 0.396592, 0.445517, 0.507177, 0.53432, 0.548466, 0.597566
elapsed time for k point: 0 seconds.
solve_kpoint (0.285714,0,0):
Solving for bands 1 to 8...
    linmin: converged after 3 iterations.
    linmin: converged after 2 iterations.
    linmin: converged after 2 iterations.
    linmin: converged after 2 iterations.
    linmin: converged after 2 iterations.
    linmin: converged after 2 iterations.
    linmin: converged after 2 iterations.
    linmin: converged after 2 iterations.
Finished solving for bands 1 to 8 after 8 iterations.
zevenfreqs:, 10, 0.285714, 0, 0, 0.329914, 0.233985, 0.362764, 0.374249, 0.45134, 0.510564, 0.521608, 0.535004, 0.59587
elapsed time for k point: 0 seconds.
solve_kpoint (0.261905,0,0):
Solving for bands 1 to 8...
    linmin: converged after 3 iterations.
    linmin: converged after 2 iterations.
    linmin: converged after 2 iterations.
    linmin: converged after 2 iterations.
    linmin: converged after 2 iterations.
    linmin: converged after 2 iterations.
    linmin: converged after 2 iterations.
    linmin: converged after 2 iterations.
Finished solving for bands 1 to 8 after 8 iterations.
zevenfreqs:, 11, 0.261905, 0, 0, 0.302422, 0.219367, 0.339487, 0.352228, 0.456603, 0.508748, 0.50896, 0.528189, 0.594791
elapsed time for k point: 1 seconds.
solve_kpoint (0.238095,0,0):
Solving for bands 1 to 8...
    linmin: converged after 3 iterations.
    linmin: converged after 2 iterations.
    linmin: converged after 2 iterations.
    linmin: converged after 2 iterations.
    linmin: converged after 2 iterations.
    linmin: converged after 2 iterations.
    linmin: converged after 2 iterations.
    linmin: converged after 2 iterations.
Finished solving for bands 1 to 8 after 8 iterations.
zevenfreqs:, 12, 0.238095, 0, 0, 0.274929, 0.204001, 0.3171, 0.330682, 0.461164, 0.496533, 0.499349, 0.530647, 0.594077
elapsed time for k point: 0 seconds.
solve_kpoint (0.214286,0,0):
Solving for bands 1 to 8...
    linmin: converged after 3 iterations.
    linmin: converged after 2 iterations.
    linmin: converged after 2 iterations.
    linmin: converged after 2 iterations.
    linmin: converged after 2 iterations.
    linmin: converged after 2 iterations.
    linmin: converged after 2 iterations.
    linmin: converged after 2 iterations.
Finished solving for bands 1 to 8 after 8 iterations.
zevenfreqs:, 13, 0.214286, 0, 0, 0.247436, 0.187783, 0.295872, 0.309774, 0.464724, 0.48477, 0.48854, 0.536255, 0.593582
elapsed time for k point: 0 seconds.
solve_kpoint (0.190476,0,0):
Solving for bands 1 to 8...
    linmin: converged after 3 iterations.
    linmin: converged after 2 iterations.
    linmin: converged after 2 iterations.
    linmin: converged after 2 iterations.
    linmin: converged after 2 iterations.
    linmin: converged after 2 iterations.
    linmin: converged after 2 iterations.
    linmin: converged after 2 iterations.
    linmin: converged after 2 iterations.
Finished solving for bands 1 to 8 after 9 iterations.
zevenfreqs:, 14, 0.190476, 0, 0, 0.219943, 0.170592, 0.276092, 0.289696, 0.465862, 0.473787, 0.480115, 0.542651, 0.593222
elapsed time for k point: 1 seconds.
solve_kpoint (0.166667,0,0):
Solving for bands 1 to 8...
    linmin: converged after 3 iterations.
    linmin: converged after 2 iterations.
    linmin: converged after 2 iterations.
    linmin: converged after 2 iterations.
    linmin: converged after 2 iterations.
    linmin: converged after 2 iterations.
    linmin: converged after 2 iterations.
    linmin: converged after 2 iterations.
    linmin: converged after 2 iterations.
Finished solving for bands 1 to 8 after 9 iterations.
zevenfreqs:, 15, 0.166667, 0, 0, 0.19245, 0.152332, 0.258043, 0.270674, 0.461288, 0.463738, 0.477926, 0.5492, 0.592944
elapsed time for k point: 0 seconds.
solve_kpoint (0.142857,0,0):
Solving for bands 1 to 8...
    linmin: converged after 3 iterations.
    linmin: converged after 2 iterations.
    linmin: converged after 2 iterations.
    linmin: converged after 2 iterations.
    linmin: converged after 2 iterations.
    linmin: converged after 2 iterations.
    linmin: converged after 2 iterations.
    linmin: converged after 2 iterations.
    linmin: converged after 2 iterations.
    linmin: converged after 2 iterations.
Finished solving for bands 1 to 8 after 10 iterations.
zevenfreqs:, 16, 0.142857, 0, 0, 0.164957, 0.132965, 0.241979, 0.25298, 0.453689, 0.454752, 0.479502, 0.555579, 0.592718
elapsed time for k point: 0 seconds.
solve_kpoint (0.119048,0,0):
Solving for bands 1 to 8...
    linmin: converged after 3 iterations.
    linmin: converged after 2 iterations.
    linmin: converged after 2 iterations.
    linmin: converged after 2 iterations.
    linmin: converged after 2 iterations.
    linmin: converged after 2 iterations.
    linmin: converged after 2 iterations.
    linmin: converged after 2 iterations.
    linmin: converged after 2 iterations.
    linmin: converged after 2 iterations.
    linmin: converged after 2 iterations.
Finished solving for bands 1 to 8 after 11 iterations.
zevenfreqs:, 17, 0.119048, 0, 0, 0.137464, 0.112534, 0.228095, 0.23694, 0.446341, 0.446943, 0.481683, 0.561538, 0.592528
elapsed time for k point: 1 seconds.
solve_kpoint (0.0952381,0,0):
Solving for bands 1 to 8...
    linmin: converged after 3 iterations.
    linmin: converged after 2 iterations.
    linmin: converged after 2 iterations.
    linmin: converged after 2 iterations.
    linmin: converged after 2 iterations.
    linmin: converged after 2 iterations.
    linmin: converged after 2 iterations.
    linmin: converged after 2 iterations.
    linmin: converged after 2 iterations.
    linmin: converged after 2 iterations.
    linmin: converged after 2 iterations.
    linmin: converged after 2 iterations.
Finished solving for bands 1 to 8 after 12 iterations.
zevenfreqs:, 18, 0.0952381, 0, 0, 0.109971, 0.0911639, 0.216537, 0.222933, 0.440035, 0.44041, 0.483738, 0.566846, 0.592366
elapsed time for k point: 0 seconds.
solve_kpoint (0.0714286,0,0):
Solving for bands 1 to 8...
    linmin: converged after 3 iterations.
    linmin: converged after 4 iterations.
    linmin: converged after 2 iterations.
    linmin: converged after 2 iterations.
    linmin: converged after 2 iterations.
    linmin: converged after 2 iterations.
    linmin: converged after 2 iterations.
    linmin: converged after 2 iterations.
    linmin: converged after 2 iterations.
    linmin: converged after 2 iterations.
    linmin: converged after 2 iterations.
    linmin: converged after 2 iterations.
    linmin: converged after 2 iterations.
Finished solving for bands 1 to 8 after 13 iterations.
zevenfreqs:, 19, 0.0714286, 0, 0, 0.0824786, 0.0690295, 0.207412, 0.211382, 0.435007, 0.435238, 0.485459, 0.571274, 0.592233
elapsed time for k point: 1 seconds.
solve_kpoint (0.047619,0,0):
Solving for bands 1 to 8...
    linmin: converged after 4 iterations.
    linmin: converged after 4 iterations.
    linmin: converged after 2 iterations.
    linmin: converged after 2 iterations.
    linmin: converged after 2 iterations.
    linmin: converged after 2 iterations.
    linmin: converged after 2 iterations.
    linmin: converged after 2 iterations.
    linmin: converged after 2 iterations.
    linmin: converged after 2 iterations.
    linmin: converged after 2 iterations.
    linmin: converged after 2 iterations.
    linmin: converged after 2 iterations.
    linmin: converged after 2 iterations.
Finished solving for bands 1 to 8 after 14 iterations.
zevenfreqs:, 20, 0.047619, 0, 0, 0.0549857, 0.0463276, 0.200812, 0.202719, 0.431359, 0.431495, 0.486749, 0.574606, 0.592132
elapsed time for k point: 0 seconds.
solve_kpoint (0.0238095,0,0):
Solving for bands 1 to 8...
    linmin: converged after 3 iterations.
    linmin: converged after 3 iterations.
    linmin: converged after 2 iterations.
    linmin: converged after 2 iterations.
    linmin: converged after 2 iterations.
    linmin: converged after 2 iterations.
    linmin: converged after 2 iterations.
    linmin: converged after 2 iterations.
    linmin: converged after 2 iterations.
    linmin: converged after 2 iterations.
    linmin: converged after 2 iterations.
    linmin: converged after 2 iterations.
    linmin: converged after 2 iterations.
    linmin: converged after 2 iterations.
Finished solving for bands 1 to 8 after 14 iterations.
zevenfreqs:, 21, 0.0238095, 0, 0, 0.0274929, 0.023255, 0.196814, 0.197336, 0.429146, 0.429233, 0.487547, 0.57667, 0.592069
elapsed time for k point: 1 seconds.
solve_kpoint (0,0,0):
Solving for bands 2 to 8...
    linmin: converged after 4 iterations.
    linmin: converged after 4 iterations.
    linmin: converged after 3 iterations.
    linmin: converged after 4 iterations.
    linmin: converged after 4 iterations.
    linmin: converged after 2 iterations.
    linmin: converged after 2 iterations.
    linmin: converged after 2 iterations.
    linmin: converged after 2 iterations.
    linmin: converged after 2 iterations.
    linmin: converged after 2 iterations.
    linmin: converged after 2 iterations.
    linmin: converged after 2 iterations.
    linmin: converged after 2 iterations.
    linmin: converged after 2 iterations.
    linmin: converged after 2 iterations.
Finished solving for bands 2 to 8 after 16 iterations.
zevenfreqs:, 22, 0, 0, 0, 0, 0, 0.19546, 0.195523, 0.428404, 0.428478, 0.487818, 0.577366, 0.592049
elapsed time for k point: 0 seconds.
solve_kpoint (0.015873,0.015873,0):
Solving for bands 1 to 8...
    linmin: converged after 5 iterations.
    linmin: converged after 3 iterations.
    linmin: converged after 3 iterations.
    linmin: converged after 3 iterations.
    linmin: converged after 4 iterations.
    linmin: converged after 2 iterations.
    linmin: converged after 2 iterations.
    linmin: converged after 2 iterations.
    linmin: converged after 2 iterations.
    linmin: converged after 2 iterations.
    linmin: converged after 2 iterations.
    linmin: converged after 2 iterations.
    linmin: converged after 2 iterations.
    linmin: converged after 2 iterations.
    linmin: converged after 2 iterations.
    linmin: converged after 2 iterations.
Finished solving for bands 1 to 8 after 16 iterations.
zevenfreqs:, 23, 0.015873, 0.015873, 0, 0.0183286, 0.0155176, 0.196119, 0.196275, 0.428742, 0.428806, 0.487697, 0.57706, 0.592156
elapsed time for k point: 1 seconds.
solve_kpoint (0.031746,0.031746,0):
Solving for bands 1 to 8...
    linmin: converged after 2 iterations.
    linmin: converged after 4 iterations.
    linmin: converged after 2 iterations.
    linmin: converged after 2 iterations.
    linmin: converged after 2 iterations.
    linmin: converged after 2 iterations.
    linmin: converged after 2 iterations.
    linmin: converged after 2 iterations.
    linmin: converged after 2 iterations.
    linmin: converged after 2 iterations.
    linmin: converged after 4 iterations.
    linmin: converged after 2 iterations.
    linmin: converged after 2 iterations.
    linmin: converged after 4 iterations.
    linmin: converged after 4 iterations.
    linmin: converged after 3 iterations.
    linmin: converged after 4 iterations.
    linmin: converged after 4 iterations.
    linmin: converged after 3 iterations.
    linmin: converged after 3 iterations.
    linmin: converged after 3 iterations.
    linmin: converged after 3 iterations.
    linmin: converged after 2 iterations.
    linmin: converged after 2 iterations.
    linmin: converged after 2 iterations.
    linmin: converged after 2 iterations.
Finished solving for bands 1 to 8 after 26 iterations.
zevenfreqs:, 24, 0.031746, 0.031746, 0, 0.0366572, 0.0309815, 0.197901, 0.198699, 0.429753, 0.42979, 0.487338, 0.576141, 0.592134
elapsed time for k point: 1 seconds.
solve_kpoint (0.047619,0.047619,0):
Solving for bands 1 to 8...
    linmin: converged after 4 iterations.
    linmin: converged after 4 iterations.
    linmin: converged after 2 iterations.
    linmin: converged after 2 iterations.
    linmin: converged after 2 iterations.
    linmin: converged after 2 iterations.
    linmin: converged after 2 iterations.
    linmin: converged after 2 iterations.
    linmin: converged after 2 iterations.
    linmin: converged after 2 iterations.
    linmin: converged after 2 iterations.
    linmin: converged after 2 iterations.
    linmin: converged after 2 iterations.
Finished solving for bands 1 to 8 after 13 iterations.
zevenfreqs:, 25, 0.047619, 0.047619, 0, 0.0549857, 0.0463374, 0.200859, 0.202673, 0.431423, 0.431432, 0.486749, 0.574623, 0.592181
elapsed time for k point: 0 seconds.
solve_kpoint (0.0634921,0.0634921,0):
Solving for bands 1 to 8...
    linmin: converged after 4 iterations.
    linmin: converged after 4 iterations.
    linmin: converged after 2 iterations.
    linmin: converged after 2 iterations.
    linmin: converged after 2 iterations.
    linmin: converged after 2 iterations.
    linmin: converged after 2 iterations.
    linmin: converged after 2 iterations.
    linmin: converged after 2 iterations.
    linmin: converged after 2 iterations.
    linmin: converged after 2 iterations.
    linmin: converged after 2 iterations.
Finished solving for bands 1 to 8 after 12 iterations.
zevenfreqs:, 26, 0.0634921, 0.0634921, 0, 0.0733143, 0.0615289, 0.204974, 0.208108, 0.433697, 0.433768, 0.48594, 0.572535, 0.592246
elapsed time for k point: 1 seconds.
solve_kpoint (0.0793651,0.0793651,0):
Solving for bands 1 to 8...
    linmin: converged after 4 iterations.
    linmin: converged after 4 iterations.
    linmin: converged after 2 iterations.
    linmin: converged after 2 iterations.
    linmin: converged after 2 iterations.
    linmin: converged after 2 iterations.
    linmin: converged after 2 iterations.
    linmin: converged after 2 iterations.
    linmin: converged after 2 iterations.
    linmin: converged after 2 iterations.
    linmin: converged after 2 iterations.
    linmin: converged after 2 iterations.
Finished solving for bands 1 to 8 after 12 iterations.
zevenfreqs:, 27, 0.0793651, 0.0793651, 0, 0.0916429, 0.0764983, 0.210224, 0.214889, 0.436596, 0.436748, 0.484928, 0.569926, 0.592325
elapsed time for k point: 0 seconds.
solve_kpoint (0.0952381,0.0952381,0):
Solving for bands 1 to 8...
    linmin: converged after 4 iterations.
    linmin: converged after 4 iterations.
    linmin: converged after 2 iterations.
    linmin: converged after 2 iterations.
    linmin: converged after 2 iterations.
    linmin: converged after 2 iterations.
    linmin: converged after 2 iterations.
    linmin: converged after 2 iterations.
    linmin: converged after 2 iterations.
    linmin: converged after 2 iterations.
    linmin: converged after 2 iterations.
Finished solving for bands 1 to 8 after 11 iterations.
zevenfreqs:, 28, 0.0952381, 0.0952381, 0, 0.109971, 0.0911866, 0.216582, 0.222891, 0.440099, 0.440353, 0.483736, 0.566854, 0.592418
elapsed time for k point: 1 seconds.
solve_kpoint (0.111111,0.111111,0):
Solving for bands 1 to 8...
    linmin: converged after 4 iterations.
    linmin: converged after 4 iterations.
    linmin: converged after 2 iterations.
    linmin: converged after 2 iterations.
    linmin: converged after 2 iterations.
    linmin: converged after 2 iterations.
    linmin: converged after 2 iterations.
    linmin: converged after 2 iterations.
    linmin: converged after 2 iterations.
    linmin: converged after 2 iterations.
Finished solving for bands 1 to 8 after 10 iterations.
zevenfreqs:, 29, 0.111111, 0.111111, 0, 0.1283, 0.105535, 0.224023, 0.231984, 0.444174, 0.444563, 0.482394, 0.563385, 0.592524
elapsed time for k point: 0 seconds.
solve_kpoint (0.126984,0.126984,0):
Solving for bands 1 to 8...
    linmin: converged after 4 iterations.
    linmin: converged after 4 iterations.
    linmin: converged after 2 iterations.
    linmin: converged after 2 iterations.
    linmin: converged after 2 iterations.
    linmin: converged after 2 iterations.
    linmin: converged after 2 iterations.
    linmin: converged after 2 iterations.
    linmin: converged after 2 iterations.
    linmin: converged after 2 iterations.
Finished solving for bands 1 to 8 after 10 iterations.
zevenfreqs:, 30, 0.126984, 0.126984, 0, 0.146629, 0.119491, 0.232514, 0.242041, 0.448765, 0.449354, 0.480949, 0.559589, 0.592643
elapsed time for k point: 0 seconds.
solve_kpoint (0.142857,0.142857,0):
Solving for bands 1 to 8...
    linmin: converged after 4 iterations.
    linmin: converged after 2 iterations.
    linmin: converged after 2 iterations.
    linmin: converged after 2 iterations.
    linmin: converged after 2 iterations.
    linmin: converged after 2 iterations.
    linmin: converged after 2 iterations.
    linmin: converged after 2 iterations.
    linmin: converged after 2 iterations.
Finished solving for bands 1 to 8 after 9 iterations.
zevenfreqs:, 31, 0.142857, 0.142857, 0, 0.164957, 0.133006, 0.242019, 0.252942, 0.453769, 0.454698, 0.479494, 0.555533, 0.592774
elapsed time for k point: 1 seconds.
solve_kpoint (0.15873,0.15873,0):
Solving for bands 1 to 8...
    linmin: converged after 4 iterations.
    linmin: converged after 2 iterations.
    linmin: converged after 2 iterations.
    linmin: converged after 2 iterations.
    linmin: converged after 2 iterations.
    linmin: converged after 2 iterations.
    linmin: converged after 2 iterations.
    linmin: converged after 2 iterations.
    linmin: converged after 2 iterations.
Finished solving for bands 1 to 8 after 9 iterations.
zevenfreqs:, 32, 0.15873, 0.15873, 0, 0.183286, 0.146048, 0.252495, 0.264576, 0.458936, 0.460566, 0.478258, 0.551288, 0.592922
elapsed time for k point: 0 seconds.
solve_kpoint (0.174603,0.174603,0):
Solving for bands 1 to 8...
    linmin: converged after 4 iterations.
    linmin: converged after 2 iterations.
    linmin: converged after 2 iterations.
    linmin: converged after 2 iterations.
    linmin: converged after 2 iterations.
    linmin: converged after 2 iterations.
    linmin: converged after 2 iterations.
    linmin: converged after 2 iterations.
Finished solving for bands 1 to 8 after 8 iterations.
zevenfreqs:, 33, 0.174603, 0.174603, 0, 0.201614, 0.158599, 0.263886, 0.276845, 0.463551, 0.466924, 0.477927, 0.546925, 0.593089
elapsed time for k point: 0 seconds.
solve_kpoint (0.190476,0.190476,0):
Solving for bands 1 to 8...
    linmin: converged after 4 iterations.
    linmin: converged after 2 iterations.
    linmin: converged after 2 iterations.
    linmin: converged after 2 iterations.
    linmin: converged after 2 iterations.
    linmin: converged after 2 iterations.
    linmin: converged after 2 iterations.
    linmin: converged after 2 iterations.
Finished solving for bands 1 to 8 after 8 iterations.
zevenfreqs:, 34, 0.190476, 0.190476, 0, 0.219943, 0.170659, 0.276125, 0.289661, 0.46599, 0.473736, 0.48008, 0.542525, 0.593282
elapsed time for k point: 1 seconds.
solve_kpoint (0.206349,0.206349,0):
Solving for bands 1 to 8...
    linmin: converged after 4 iterations.
    linmin: converged after 2 iterations.
    linmin: converged after 2 iterations.
    linmin: converged after 2 iterations.
    linmin: converged after 2 iterations.
    linmin: converged after 2 iterations.
    linmin: converged after 2 iterations.
    linmin: converged after 2 iterations.
Finished solving for bands 1 to 8 after 8 iterations.
zevenfreqs:, 35, 0.206349, 0.206349, 0, 0.238272, 0.182243, 0.289135, 0.302944, 0.465639, 0.480965, 0.485261, 0.538188, 0.593512
elapsed time for k point: 0 seconds.
solve_kpoint (0.222222,0.222222,0):
Solving for bands 1 to 8...
    linmin: converged after 4 iterations.
    linmin: converged after 2 iterations.
    linmin: converged after 2 iterations.
    linmin: converged after 2 iterations.
    linmin: converged after 2 iterations.
    linmin: converged after 2 iterations.
    linmin: converged after 2 iterations.
    linmin: converged after 2 iterations.
Finished solving for bands 1 to 8 after 8 iterations.
zevenfreqs:, 36, 0.222222, 0.222222, 0, 0.2566, 0.193378, 0.30283, 0.316627, 0.4638, 0.488564, 0.492043, 0.53406, 0.593791
elapsed time for k point: 0 seconds.
solve_kpoint (0.238095,0.238095,0):
Solving for bands 1 to 8...
    linmin: converged after 4 iterations.
    linmin: converged after 2 iterations.
    linmin: converged after 2 iterations.
    linmin: converged after 2 iterations.
    linmin: converged after 2 iterations.
    linmin: converged after 2 iterations.
    linmin: converged after 2 iterations.
    linmin: converged after 2 iterations.
Finished solving for bands 1 to 8 after 8 iterations.
zevenfreqs:, 37, 0.238095, 0.238095, 0, 0.274929, 0.204099, 0.317126, 0.330648, 0.461272, 0.496487, 0.499355, 0.530434, 0.59414
elapsed time for k point: 1 seconds.
solve_kpoint (0.253968,0.253968,0):
Solving for bands 1 to 8...
    linmin: converged after 4 iterations.
    linmin: converged after 2 iterations.
    linmin: converged after 2 iterations.
    linmin: converged after 2 iterations.
    linmin: converged after 2 iterations.
    linmin: converged after 2 iterations.
    linmin: converged after 2 iterations.
    linmin: converged after 2 iterations.
Finished solving for bands 1 to 8 after 8 iterations.
zevenfreqs:, 38, 0.253968, 0.253968, 0, 0.293257, 0.214441, 0.331938, 0.344952, 0.45832, 0.504677, 0.506175, 0.528084, 0.594584
elapsed time for k point: 0 seconds.
solve_kpoint (0.269841,0.269841,0):
Solving for bands 1 to 8...
    linmin: converged after 4 iterations.
    linmin: converged after 2 iterations.
    linmin: converged after 2 iterations.
    linmin: converged after 2 iterations.
    linmin: converged after 2 iterations.
    linmin: converged after 2 iterations.
    linmin: converged after 2 iterations.
    linmin: converged after 2 iterations.
Finished solving for bands 1 to 8 after 8 iterations.
zevenfreqs:, 39, 0.269841, 0.269841, 0, 0.311586, 0.224438, 0.347184, 0.35949, 0.455034, 0.510364, 0.513065, 0.529071, 0.595162
elapsed time for k point: 0 seconds.
solve_kpoint (0.285714,0.285714,0):
Solving for bands 1 to 8...
    linmin: converged after 4 iterations.
    linmin: converged after 2 iterations.
    linmin: converged after 2 iterations.
    linmin: converged after 2 iterations.
    linmin: converged after 2 iterations.
    linmin: converged after 2 iterations.
    linmin: converged after 2 iterations.
    linmin: converged after 2 iterations.
Finished solving for bands 1 to 8 after 8 iterations.
zevenfreqs:, 40, 0.285714, 0.285714, 0, 0.329914, 0.234117, 0.362788, 0.374216, 0.451455, 0.510385, 0.521568, 0.534906, 0.59593
elapsed time for k point: 0 seconds.
solve_kpoint (0.301587,0.301587,0):
Solving for bands 1 to 8...
    linmin: converged after 4 iterations.
    linmin: converged after 2 iterations.
    linmin: converged after 2 iterations.
    linmin: converged after 2 iterations.
    linmin: converged after 2 iterations.
    linmin: converged after 2 iterations.
    linmin: converged after 2 iterations.
    linmin: converged after 2 iterations.
Finished solving for bands 1 to 8 after 8 iterations.
zevenfreqs:, 41, 0.301587, 0.301587, 0, 0.348243, 0.2435, 0.378668, 0.389084, 0.447622, 0.508243, 0.530076, 0.543576, 0.596966
elapsed time for k point: 1 seconds.
solve_kpoint (0.31746,0.31746,0):
Solving for bands 1 to 8...
    linmin: converged after 4 iterations.
    linmin: converged after 2 iterations.
    linmin: converged after 2 iterations.
    linmin: converged after 2 iterations.
    linmin: converged after 2 iterations.
    linmin: converged after 2 iterations.
    linmin: converged after 2 iterations.
    linmin: converged after 2 iterations.
Finished solving for bands 1 to 8 after 8 iterations.
zevenfreqs:, 42, 0.31746, 0.31746, 0, 0.366572, 0.252599, 0.394714, 0.404053, 0.443607, 0.505538, 0.538445, 0.55347, 0.598389
elapsed time for k point: 0 seconds.
solve_kpoint (0.333333,0.333333,0):
Solving for bands 1 to 8...
    linmin: converged after 4 iterations.
    linmin: converged after 2 iterations.
    linmin: converged after 2 iterations.
    linmin: converged after 2 iterations.
    linmin: converged after 2 iterations.
    linmin: converged after 2 iterations.
    linmin: converged after 2 iterations.
    linmin: converged after 2 iterations.
Finished solving for bands 1 to 8 after 8 iterations.
zevenfreqs:, 43, 0.333333, 0.333333, 0, 0.3849, 0.261419, 0.410654, 0.419077, 0.439662, 0.50281, 0.546477, 0.564028, 0.600366
elapsed time for k point: 0 seconds.
solve_kpoint (0.34127,0.31746,0):
Solving for bands 1 to 8...
    linmin: converged after 4 iterations.
    linmin: converged after 2 iterations.
    linmin: converged after 2 iterations.
    linmin: converged after 2 iterations.
    linmin: converged after 2 iterations.
    linmin: converged after 2 iterations.
    linmin: converged after 2 iterations.
    linmin: converged after 2 iterations.
Finished solving for bands 1 to 8 after 8 iterations.
zevenfreqs:, 44, 0.34127, 0.31746, 0, 0.381063, 0.259623, 0.407377, 0.415885, 0.44071, 0.502705, 0.545179, 0.561751, 0.600269
elapsed time for k point: 1 seconds.
solve_kpoint (0.349206,0.301587,0):
Solving for bands 1 to 8...
    linmin: converged after 4 iterations.
    linmin: converged after 2 iterations.
    linmin: converged after 2 iterations.
    linmin: converged after 2 iterations.
    linmin: converged after 2 iterations.
    linmin: converged after 2 iterations.
    linmin: converged after 2 iterations.
    linmin: converged after 2 iterations.
    linmin: converged after 2 iterations.
Finished solving for bands 1 to 8 after 9 iterations.
zevenfreqs:, 45, 0.349206, 0.301587, 0, 0.378741, 0.25859, 0.405415, 0.413868, 0.441957, 0.501168, 0.545095, 0.560329, 0.601127
elapsed time for k point: 0 seconds.
solve_kpoint (0.357143,0.285714,0):
Solving for bands 1 to 8...
    linmin: converged after 4 iterations.
    linmin: converged after 2 iterations.
    linmin: converged after 2 iterations.
    linmin: converged after 2 iterations.
    linmin: converged after 2 iterations.
    linmin: converged after 2 iterations.
    linmin: converged after 2 iterations.
    linmin: converged after 2 iterations.
    linmin: converged after 2 iterations.
    linmin: converged after 2 iterations.
Finished solving for bands 1 to 8 after 10 iterations.
zevenfreqs:, 46, 0.357143, 0.285714, 0, 0.377964, 0.258332, 0.404813, 0.413065, 0.443326, 0.498502, 0.546014, 0.559768, 0.602858
elapsed time for k point: 0 seconds.
solve_kpoint (0.365079,0.269841,0):
Solving for bands 1 to 8...
    linmin: converged after 4 iterations.
    linmin: converged after 2 iterations.
    linmin: converged after 2 iterations.
    linmin: converged after 2 iterations.
    linmin: converged after 2 iterations.
    linmin: converged after 2 iterations.
    linmin: converged after 2 iterations.
    linmin: converged after 2 iterations.
    linmin: converged after 2 iterations.
    linmin: converged after 2 iterations.
    linmin: converged after 2 iterations.
Finished solving for bands 1 to 8 after 11 iterations.
zevenfreqs:, 47, 0.365079, 0.269841, 0, 0.378741, 0.258846, 0.405586, 0.41349, 0.444735, 0.495082, 0.547722, 0.560075, 0.605307
elapsed time for k point: 1 seconds.
solve_kpoint (0.373016,0.253968,0):
Solving for bands 1 to 8...
    linmin: converged after 4 iterations.
    linmin: converged after 2 iterations.
    linmin: converged after 2 iterations.
    linmin: converged after 2 iterations.
    linmin: converged after 2 iterations.
    linmin: converged after 2 iterations.
    linmin: converged after 2 iterations.
    linmin: converged after 2 iterations.
    linmin: converged after 2 iterations.
    linmin: converged after 2 iterations.
    linmin: converged after 2 iterations.
    linmin: converged after 2 iterations.
Finished solving for bands 1 to 8 after 12 iterations.
zevenfreqs:, 48, 0.373016, 0.253968, 0, 0.381063, 0.260113, 0.40773, 0.415134, 0.446084, 0.491268, 0.550068, 0.561258, 0.608261
elapsed time for k point: 0 seconds.
solve_kpoint (0.380952,0.238095,0):
Solving for bands 1 to 8...
    linmin: converged after 4 iterations.
    linmin: converged after 2 iterations.
    linmin: converged after 2 iterations.
    linmin: converged after 2 iterations.
    linmin: converged after 2 iterations.
    linmin: converged after 2 iterations.
    linmin: converged after 2 iterations.
    linmin: converged after 2 iterations.
    linmin: converged after 2 iterations.
    linmin: converged after 2 iterations.
    linmin: converged after 2 iterations.
    linmin: converged after 2 iterations.
    linmin: converged after 2 iterations.
Finished solving for bands 1 to 8 after 13 iterations.
zevenfreqs:, 49, 0.380952, 0.238095, 0, 0.3849, 0.262103, 0.41122, 0.417965, 0.447222, 0.487403, 0.552962, 0.563325, 0.611437
elapsed time for k point: 1 seconds.
solve_kpoint (0.388889,0.222222,0):
Solving for bands 1 to 8...
    linmin: converged after 4 iterations.
    linmin: converged after 2 iterations.
    linmin: converged after 2 iterations.
    linmin: converged after 2 iterations.
    linmin: converged after 2 iterations.
    linmin: converged after 4 iterations.
    linmin: converged after 2 iterations.
    linmin: converged after 2 iterations.
    linmin: converged after 2 iterations.
    linmin: converged after 2 iterations.
    linmin: converged after 2 iterations.
    linmin: converged after 2 iterations.
    linmin: converged after 2 iterations.
Finished solving for bands 1 to 8 after 13 iterations.
zevenfreqs:, 50, 0.388889, 0.222222, 0, 0.390209, 0.264767, 0.41601, 0.421921, 0.44794, 0.483858, 0.556336, 0.566292, 0.614436
elapsed time for k point: 0 seconds.
solve_kpoint (0.396825,0.206349,0):
Solving for bands 1 to 8...
    linmin: converged after 4 iterations.
    linmin: converged after 2 iterations.
    linmin: converged after 4 iterations.
    linmin: converged after 4 iterations.
    linmin: converged after 4 iterations.
    linmin: converged after 4 iterations.
    linmin: converged after 4 iterations.
    linmin: converged after 4 iterations.
    linmin: converged after 2 iterations.
    linmin: converged after 2 iterations.
    linmin: converged after 2 iterations.
    linmin: converged after 2 iterations.
    linmin: converged after 2 iterations.
    linmin: converged after 2 iterations.
Finished solving for bands 1 to 8 after 14 iterations.
zevenfreqs:, 51, 0.396825, 0.206349, 0, 0.396931, 0.26805, 0.422014, 0.426886, 0.448002, 0.481056, 0.560108, 0.57017, 0.616697
elapsed time for k point: 1 seconds.
solve_kpoint (0.404762,0.190476,0):
Solving for bands 1 to 8...
    linmin: converged after 4 iterations.
    linmin: converged after 4 iterations.
    linmin: converged after 4 iterations.
    linmin: converged after 4 iterations.
    linmin: converged after 4 iterations.
    linmin: converged after 4 iterations.
    linmin: converged after 4 iterations.
    linmin: converged after 4 iterations.
    linmin: converged after 2 iterations.
    linmin: converged after 2 iterations.
    linmin: converged after 2 iterations.
    linmin: converged after 2 iterations.
    linmin: converged after 2 iterations.
    linmin: converged after 2 iterations.
Finished solving for bands 1 to 8 after 14 iterations.
zevenfreqs:, 52, 0.404762, 0.190476, 0, 0.404995, 0.271885, 0.42899, 0.432633, 0.447409, 0.479404, 0.564169, 0.574962, 0.617737
elapsed time for k point: 0 seconds.
solve_kpoint (0.412698,0.174603,0):
Solving for bands 1 to 8...
    linmin: converged after 4 iterations.
    linmin: converged after 4 iterations.
    linmin: converged after 4 iterations.
    linmin: converged after 4 iterations.
    linmin: converged after 4 iterations.
    linmin: converged after 4 iterations.
    linmin: converged after 4 iterations.
    linmin: converged after 2 iterations.
    linmin: converged after 2 iterations.
    linmin: converged after 2 iterations.
    linmin: converged after 2 iterations.
    linmin: converged after 2 iterations.
    linmin: converged after 2 iterations.
    linmin: converged after 2 iterations.
Finished solving for bands 1 to 8 after 14 iterations.
zevenfreqs:, 53, 0.412698, 0.174603, 0, 0.414323, 0.276196, 0.43526, 0.439133, 0.447551, 0.479122, 0.568359, 0.58065, 0.617762
elapsed time for k point: 1 seconds.
solve_kpoint (0.420635,0.15873,0):
Solving for bands 1 to 8...
    linmin: converged after 4 iterations.
    linmin: converged after 2 iterations.
    linmin: converged after 2 iterations.
    linmin: converged after 4 iterations.
    linmin: converged after 2 iterations.
    linmin: converged after 4 iterations.
    linmin: converged after 2 iterations.
    linmin: converged after 2 iterations.
    linmin: converged after 2 iterations.
    linmin: converged after 2 iterations.
    linmin: converged after 2 iterations.
    linmin: converged after 2 iterations.
    linmin: converged after 2 iterations.
    linmin: converged after 2 iterations.
Finished solving for bands 1 to 8 after 14 iterations.
zevenfreqs:, 54, 0.420635, 0.15873, 0, 0.424832, 0.280904, 0.435771, 0.447551, 0.452226, 0.480177, 0.572447, 0.587196, 0.61755
elapsed time for k point: 0 seconds.
solve_kpoint (0.428571,0.142857,0):
Solving for bands 1 to 8...
    linmin: converged after 4 iterations.
    linmin: converged after 2 iterations.
    linmin: converged after 2 iterations.
    linmin: converged after 2 iterations.
    linmin: converged after 2 iterations.
    linmin: converged after 2 iterations.
    linmin: converged after 2 iterations.
    linmin: converged after 2 iterations.
    linmin: converged after 2 iterations.
    linmin: converged after 2 iterations.
    linmin: converged after 2 iterations.
    linmin: converged after 2 iterations.
    linmin: converged after 2 iterations.
Finished solving for bands 1 to 8 after 13 iterations.
zevenfreqs:, 55, 0.428571, 0.142857, 0, 0.436436, 0.285921, 0.432325, 0.456495, 0.460965, 0.482481, 0.576102, 0.594539, 0.617898
elapsed time for k point: 1 seconds.
solve_kpoint (0.436508,0.126984,0):
Solving for bands 1 to 8...
    linmin: converged after 4 iterations.
    linmin: converged after 2 iterations.
    linmin: converged after 2 iterations.
    linmin: converged after 2 iterations.
    linmin: converged after 2 iterations.
    linmin: converged after 2 iterations.
    linmin: converged after 2 iterations.
    linmin: converged after 2 iterations.
    linmin: converged after 2 iterations.
    linmin: converged after 2 iterations.
    linmin: converged after 2 iterations.
    linmin: converged after 2 iterations.
Finished solving for bands 1 to 8 after 12 iterations.
zevenfreqs:, 56, 0.436508, 0.126984, 0, 0.44905, 0.291151, 0.427596, 0.464807, 0.471946, 0.486175, 0.578946, 0.602602, 0.619468
elapsed time for k point: 0 seconds.
solve_kpoint (0.444444,0.111111,0):
Solving for bands 1 to 8...
    linmin: converged after 4 iterations.
    linmin: converged after 2 iterations.
    linmin: converged after 2 iterations.
    linmin: converged after 2 iterations.
    linmin: converged after 2 iterations.
    linmin: converged after 2 iterations.
    linmin: converged after 2 iterations.
    linmin: converged after 2 iterations.
    linmin: converged after 2 iterations.
    linmin: converged after 2 iterations.
    linmin: converged after 2 iterations.
    linmin: converged after 2 iterations.
Finished solving for bands 1 to 8 after 12 iterations.
zevenfreqs:, 57, 0.444444, 0.111111, 0, 0.462592, 0.296488, 0.422381, 0.471913, 0.48423, 0.491788, 0.580723, 0.611285, 0.622699
elapsed time for k point: 1 seconds.
solve_kpoint (0.452381,0.0952381,0):
Solving for bands 1 to 8...
    linmin: converged after 4 iterations.
    linmin: converged after 2 iterations.
    linmin: converged after 2 iterations.
    linmin: converged after 2 iterations.
    linmin: converged after 2 iterations.
    linmin: converged after 2 iterations.
    linmin: converged after 2 iterations.
    linmin: converged after 2 iterations.
    linmin: converged after 2 iterations.
    linmin: converged after 2 iterations.
    linmin: converged after 2 iterations.
    linmin: converged after 2 iterations.
Finished solving for bands 1 to 8 after 12 iterations.
zevenfreqs:, 58, 0.452381, 0.0952381, 0, 0.476983, 0.301809, 0.417031, 0.477299, 0.497077, 0.500017, 0.581488, 0.620429, 0.627706
elapsed time for k point: 0 seconds.
solve_kpoint (0.460317,0.0793651,0):
Solving for bands 1 to 8...
    linmin: converged after 4 iterations.
    linmin: converged after 2 iterations.
    linmin: converged after 2 iterations.
    linmin: converged after 2 iterations.
    linmin: converged after 2 iterations.
    linmin: converged after 2 iterations.
    linmin: converged after 2 iterations.
    linmin: converged after 2 iterations.
    linmin: converged after 2 iterations.
    linmin: converged after 2 iterations.
    linmin: converged after 2 iterations.
    linmin: converged after 2 iterations.
    linmin: converged after 2 iterations.
Finished solving for bands 1 to 8 after 13 iterations.
zevenfreqs:, 59, 0.460317, 0.0793651, 0, 0.492149, 0.306965, 0.411793, 0.481172, 0.508102, 0.512548, 0.581597, 0.629726, 0.634366
elapsed time for k point: 1 seconds.
solve_kpoint (0.468254,0.0634921,0):
Solving for bands 1 to 8...
    linmin: converged after 4 iterations.
    linmin: converged after 4 iterations.
    linmin: converged after 4 iterations.
    linmin: converged after 4 iterations.
    linmin: converged after 4 iterations.
    linmin: converged after 4 iterations.
    linmin: converged after 4 iterations.
    linmin: converged after 4 iterations.
    linmin: converged after 4 iterations.
    linmin: converged after 4 iterations.
    linmin: converged after 4 iterations.
    linmin: converged after 4 iterations.
    linmin: converged after 4 iterations.
    linmin: converged after 4 iterations.
    linmin: converged after 4 iterations.
    linmin: converged after 4 iterations.
    linmin: converged after 2 iterations.
    linmin: converged after 2 iterations.
    linmin: converged after 2 iterations.
    linmin: converged after 2 iterations.
    linmin: converged after 4 iterations.
    linmin: converged after 4 iterations.
    linmin: converged after 4 iterations.
    linmin: converged after 2 iterations.
    linmin: converged after 2 iterations.
    linmin: converged after 2 iterations.
    linmin: converged after 2 iterations.
    linmin: converged after 2 iterations.
    linmin: converged after 2 iterations.
    linmin: converged after 2 iterations.
    linmin: converged after 2 iterations.
    linmin: converged after 2 iterations.
    linmin: converged after 2 iterations.
Finished solving for bands 1 to 8 after 33 iterations.
zevenfreqs:, 60, 0.468254, 0.0634921, 0, 0.508019, 0.31177, 0.406896, 0.484033, 0.518307, 0.527327, 0.581529, 0.638206, 0.642086
elapsed time for k point: 1 seconds.
solve_kpoint (0.47619,0.047619,0):
Solving for bands 1 to 8...
    linmin: converged after 4 iterations.
    linmin: converged after 3 iterations.
    linmin: converged after 3 iterations.
    linmin: converged after 4 iterations.
    linmin: converged after 3 iterations.
    linmin: converged after 3 iterations.
    linmin: converged after 3 iterations.
    linmin: converged after 3 iterations.
    linmin: converged after 3 iterations.
    linmin: converged after 3 iterations.
    linmin: converged after 2 iterations.
    linmin: converged after 4 iterations.
    linmin: converged after 4 iterations.
    linmin: converged after 4 iterations.
    linmin: converged after 4 iterations.
    linmin: converged after 4 iterations.
    linmin: converged after 4 iterations.
    linmin: converged after 4 iterations.
    linmin: converged after 4 iterations.
    linmin: converged after 4 iterations.
    linmin: converged after 4 iterations.
    linmin: converged after 2 iterations.
    linmin: converged after 3 iterations.
    linmin: converged after 2 iterations.
    linmin: converged after 4 iterations.
    linmin: converged after 3 iterations.
    linmin: converged after 3 iterations.
    linmin: converged after 3 iterations.
    linmin: converged after 3 iterations.
    linmin: converged after 3 iterations.
    linmin: converged after 3 iterations.
    linmin: converged after 3 iterations.
    linmin: converged after 3 iterations.
    linmin: converged after 3 iterations.
    linmin: converged after 3 iterations.
    linmin: converged after 3 iterations.
    linmin: converged after 3 iterations.
    linmin: converged after 3 iterations.
    linmin: converged after 2 iterations.
    linmin: converged after 2 iterations.
    linmin: converged after 2 iterations.
    linmin: converged after 2 iterations.
    linmin: converged after 2 iterations.
    linmin: converged after 2 iterations.
    linmin: converged after 2 iterations.
    linmin: converged after 2 iterations.
    linmin: converged after 2 iterations.
    linmin: converged after 2 iterations.
    linmin: converged after 2 iterations.
    linmin: converged after 2 iterations.
    linmin: converged after 2 iterations.
    linmin: converged after 2 iterations.
    linmin: converged after 2 iterations.
Finished solving for bands 1 to 8 after 53 iterations.
zevenfreqs:, 61, 0.47619, 0.047619, 0, 0.524531, 0.315991, 0.402593, 0.486173, 0.528103, 0.542935, 0.581791, 0.632915, 0.646961
elapsed time for k point: 2 seconds.
solve_kpoint (0.484127,0.031746,0):
Solving for bands 1 to 8...
    linmin: converged after 4 iterations.
    linmin: converged after 3 iterations.
    linmin: converged after 3 iterations.
    linmin: converged after 4 iterations.
    linmin: converged after 4 iterations.
    linmin: converged after 4 iterations.
    linmin: converged after 4 iterations.
    linmin: converged after 2 iterations.
    linmin: converged after 2 iterations.
    linmin: converged after 2 iterations.
    linmin: converged after 2 iterations.
    linmin: converged after 2 iterations.
    linmin: converged after 2 iterations.
    linmin: converged after 2 iterations.
    linmin: converged after 2 iterations.
    linmin: converged after 2 iterations.
    linmin: converged after 2 iterations.
Finished solving for bands 1 to 8 after 17 iterations.
zevenfreqs:, 62, 0.484127, 0.031746, 0, 0.541624, 0.319345, 0.399178, 0.487692, 0.53655, 0.559188, 0.582851, 0.623398, 0.629241
elapsed time for k point: 0 seconds.
solve_kpoint (0.492063,0.015873,0):
Solving for bands 1 to 8...
    linmin: converged after 4 iterations.
    linmin: converged after 2 iterations.
    linmin: converged after 2 iterations.
    linmin: converged after 2 iterations.
    linmin: converged after 2 iterations.
    linmin: converged after 2 iterations.
    linmin: converged after 2 iterations.
    linmin: converged after 2 iterations.
    linmin: converged after 2 iterations.
    linmin: converged after 2 iterations.
    linmin: converged after 2 iterations.
Finished solving for bands 1 to 8 after 11 iterations.
zevenfreqs:, 63, 0.492063, 0.015873, 0, 0.559247, 0.321529, 0.396956, 0.488609, 0.542389, 0.576005, 0.584742, 0.611102, 0.615523
elapsed time for k point: 1 seconds.
solve_kpoint (0.5,0,0):
Solving for bands 1 to 8...
    linmin: converged after 4 iterations.
    linmin: converged after 2 iterations.
    linmin: converged after 2 iterations.
    linmin: converged after 2 iterations.
    linmin: converged after 2 iterations.
    linmin: converged after 2 iterations.
    linmin: converged after 2 iterations.
    linmin: converged after 2 iterations.
    linmin: converged after 2 iterations.
Finished solving for bands 1 to 8 after 9 iterations.
zevenfreqs:, 64, 0.5, 0, 0, 0.57735, 0.32229, 0.396183, 0.488915, 0.544482, 0.585945, 0.59289, 0.593778, 0.612156
elapsed time for k point: 0 seconds.
Band 1 range: 0.0 at #(0.0 0.0 0.0) to 0.3222899536212932 at #(0.5 0.0 0.0)
Band 2 range: 0.19546007465766352 at #(0.0 0.0 0.0) to 0.4357708360464592 at #(0.42063492063492036 0.15873015873015872 0.0)
Band 3 range: 0.19552296465466257 at #(0.0 0.0 0.0) to 0.4911848387815803 at #(0.4285714285714287 0.0 0.0)
Band 4 range: 0.42840388727397394 at #(0.0 0.0 0.0) to 0.544481633559308 at #(0.5 0.0 0.0)
Band 5 range: 0.42847801766665217 at #(0.0 0.0 0.0) to 0.5859453136468789 at #(0.5 0.0 0.0)
Band 6 range: 0.47792575713817625 at #(0.16666666666666666 0.0 0.0) to 0.5928897013387596 at #(0.5 0.0 0.0)
Band 7 range: 0.5280836142965936 at #(0.25396825396825395 0.25396825396825395 0.0) to 0.6382063418570226 at #(0.46825396825396814 0.06349206349206349 0.0)
Band 8 range: 0.5920493225978294 at #(0.0 0.0 0.0) to 0.6469614475558498 at #(0.4761904761904761 0.047619047619047616 0.0)
total elapsed time for run: 34 seconds.
done.
init-params: initializing eigensolver data
Computing 8 bands with 1.000000e-07 tolerance.
Working in 3 dimensions.
Grid size is 32 x 32 x 128.
Solving for 8 bands at a time.
Creating Maxwell data...
Mesh size is 3.
Lattice vectors:
     (1, 0, 0)
     (0.5, 0.866025, 0)
     (0, 0, 4)
Cell volume = 3.4641
Reciprocal lattice vectors (/ 2 pi):
     (1, -0.57735, 0)
     (-0, 1.1547, -0)
     (0, -0, 0.25)
Geometric objects:
     block, center = (0,0,0)
          size (1,1,0.5)
          axes (1,0,0), (0,1,0), (0,0,1)
          epsilon = 9.61, mu = 1
     cylinder, center = (0.333333,0.333333,0)
          radius 0.2, height 0.5, axis (0, 0, 1)
          epsilon = 1, mu = 1
     cylinder, center = (0.666667,0.666667,0)
          radius 0.3, height 0.5, axis (0, 0, 1)
          epsilon = 1, mu = 1
Geometric object tree has depth 3 and 24 object nodes (vs. 3 actual objects)
Initializing epsilon function...
64 k-points:
     (0.5,0,0)
     (0.47619,0,0)
     (0.452381,0,0)
     (0.428571,0,0)
     (0.404762,0,0)
     (0.380952,0,0)
     (0.357143,0,0)
     (0.333333,0,0)
     (0.309524,0,0)
     (0.285714,0,0)
     (0.261905,0,0)
     (0.238095,0,0)
     (0.214286,0,0)
     (0.190476,0,0)
     (0.166667,0,0)
     (0.142857,0,0)
     (0.119048,0,0)
     (0.0952381,0,0)
     (0.0714286,0,0)
     (0.047619,0,0)
     (0.0238095,0,0)
     (0,0,0)
     (0.015873,0.015873,0)
     (0.031746,0.031746,0)
     (0.047619,0.047619,0)
     (0.0634921,0.0634921,0)
     (0.0793651,0.0793651,0)
     (0.0952381,0.0952381,0)
     (0.111111,0.111111,0)
     (0.126984,0.126984,0)
     (0.142857,0.142857,0)
     (0.15873,0.15873,0)
     (0.174603,0.174603,0)
     (0.190476,0.190476,0)
     (0.206349,0.206349,0)
     (0.222222,0.222222,0)
     (0.238095,0.238095,0)
     (0.253968,0.253968,0)
     (0.269841,0.269841,0)
     (0.285714,0.285714,0)
     (0.301587,0.301587,0)
     (0.31746,0.31746,0)
     (0.333333,0.333333,0)
     (0.34127,0.31746,0)
     (0.349206,0.301587,0)
     (0.357143,0.285714,0)
     (0.365079,0.269841,0)
     (0.373016,0.253968,0)
     (0.380952,0.238095,0)
     (0.388889,0.222222,0)
     (0.396825,0.206349,0)
     (0.404762,0.190476,0)
     (0.412698,0.174603,0)
     (0.420635,0.15873,0)
     (0.428571,0.142857,0)
     (0.436508,0.126984,0)
     (0.444444,0.111111,0)
     (0.452381,0.0952381,0)
     (0.460317,0.0793651,0)
     (0.468254,0.0634921,0)
     (0.47619,0.047619,0)
     (0.484127,0.031746,0)
     (0.492063,0.015873,0)
     (0.5,0,0)
Solving for band polarization: zodd.
Initializing fields to random numbers...
elapsed time for initialization: 0 seconds.
epsilon: 1-9.61, mean 1.57022, harm. mean 1.07117, 7.87964% > 1, 6.62272% "fill"
Outputting simulation_slab_unoptimized-epsilon...
solve_kpoint (0.5,0,0):
zoddfreqs:, k index, k1, k2, k3, kmag/2pi, zodd band 1, zodd band 2, zodd band 3, zodd band 4, zodd band 5, zodd band 6, zodd band 7, zodd band 8
Solving for bands 1 to 8...
    linmin: converged after 7 iterations.
    linmin: converged after 10 iterations.
    linmin: converged after 6 iterations.
    linmin: converged after 5 iterations.
    linmin: converged after 4 iterations.
    linmin: converged after 4 iterations.
    linmin: converged after 4 iterations.
    linmin: converged after 5 iterations.
    linmin: converged after 4 iterations.
    linmin: converged after 4 iterations.
    linmin: converged after 4 iterations.
    linmin: converged after 3 iterations.
    linmin: converged after 3 iterations.
    linmin: converged after 3 iterations.
    linmin: converged after 4 iterations.
    linmin: converged after 4 iterations.
    linmin: converged after 2 iterations.
    linmin: converged after 2 iterations.
    linmin: converged after 2 iterations.
    linmin: converged after 2 iterations.
    linmin: converged after 2 iterations.
    linmin: converged after 2 iterations.
    linmin: converged after 2 iterations.
    linmin: converged after 2 iterations.
    linmin: converged after 2 iterations.
Finished solving for bands 1 to 8 after 25 iterations.
zoddfreqs:, 1, 0.5, 0, 0, 0.57735, 0.407526, 0.422106, 0.473684, 0.55989, 0.567239, 0.585379, 0.591986, 0.593774
elapsed time for k point: 1 seconds.
solve_kpoint (0.47619,0,0):
Solving for bands 1 to 8...
    linmin: converged after 4 iterations.
    linmin: converged after 4 iterations.
    linmin: converged after 4 iterations.
    linmin: converged after 4 iterations.
    linmin: converged after 2 iterations.
    linmin: converged after 2 iterations.
    linmin: converged after 2 iterations.
    linmin: converged after 2 iterations.
    linmin: converged after 2 iterations.
    linmin: converged after 2 iterations.
    linmin: converged after 2 iterations.
    linmin: converged after 2 iterations.
    linmin: converged after 2 iterations.
    linmin: converged after 2 iterations.
    linmin: converged after 2 iterations.
    linmin: converged after 2 iterations.
Finished solving for bands 1 to 8 after 16 iterations.
zoddfreqs:, 2, 0.47619, 0, 0, 0.549857, 0.402947, 0.426084, 0.473032, 0.557509, 0.560986, 0.56961, 0.594201, 0.613473
elapsed time for k point: 0 seconds.
solve_kpoint (0.452381,0,0):
Solving for bands 1 to 8...
    linmin: converged after 3 iterations.
    linmin: converged after 4 iterations.
    linmin: converged after 3 iterations.
    linmin: converged after 3 iterations.
    linmin: converged after 4 iterations.
    linmin: converged after 3 iterations.
    linmin: converged after 3 iterations.
    linmin: converged after 3 iterations.
    linmin: converged after 3 iterations.
    linmin: converged after 4 iterations.
    linmin: converged after 4 iterations.
    linmin: converged after 4 iterations.
    linmin: converged after 4 iterations.
    linmin: converged after 2 iterations.
    linmin: converged after 2 iterations.
    linmin: converged after 2 iterations.
    linmin: converged after 2 iterations.
    linmin: converged after 2 iterations.
    linmin: converged after 2 iterations.
    linmin: converged after 2 iterations.
    linmin: converged after 2 iterations.
    linmin: converged after 2 iterations.
    linmin: converged after 2 iterations.
    linmin: converged after 2 iterations.
    linmin: converged after 2 iterations.
Finished solving for bands 1 to 8 after 25 iterations.
zoddfreqs:, 3, 0.452381, 0, 0, 0.522365, 0.394159, 0.433036, 0.470984, 0.536905, 0.550954, 0.568664, 0.59395, 0.619084
elapsed time for k point: 1 seconds.
solve_kpoint (0.428571,0,0):
Solving for bands 1 to 8...
    linmin: converged after 3 iterations.
    linmin: converged after 3 iterations.
    linmin: converged after 4 iterations.
    linmin: converged after 4 iterations.
    linmin: converged after 4 iterations.
    linmin: converged after 4 iterations.
    linmin: converged after 4 iterations.
    linmin: converged after 4 iterations.
    linmin: converged after 2 iterations.
    linmin: converged after 2 iterations.
    linmin: converged after 2 iterations.
    linmin: converged after 2 iterations.
    linmin: converged after 2 iterations.
    linmin: converged after 2 iterations.
    linmin: converged after 2 iterations.
Finished solving for bands 1 to 8 after 15 iterations.
zoddfreqs:, 4, 0.428571, 0, 0, 0.494872, 0.383879, 0.440121, 0.467265, 0.512092, 0.541344, 0.568596, 0.589764, 0.603302
elapsed time for k point: 1 seconds.
solve_kpoint (0.404762,0,0):
Solving for bands 1 to 8...
    linmin: converged after 3 iterations.
    linmin: converged after 2 iterations.
    linmin: converged after 4 iterations.
    linmin: converged after 4 iterations.
    linmin: converged after 4 iterations.
    linmin: converged after 4 iterations.
    linmin: converged after 2 iterations.
    linmin: converged after 2 iterations.
    linmin: converged after 2 iterations.
    linmin: converged after 2 iterations.
    linmin: converged after 2 iterations.
    linmin: converged after 2 iterations.
Finished solving for bands 1 to 8 after 12 iterations.
zoddfreqs:, 5, 0.404762, 0, 0, 0.467379, 0.372462, 0.446632, 0.46141, 0.487898, 0.529953, 0.567824, 0.582353, 0.588046
elapsed time for k point: 0 seconds.
solve_kpoint (0.380952,0,0):
Solving for bands 1 to 8...
    linmin: converged after 3 iterations.
    linmin: converged after 4 iterations.
    linmin: converged after 4 iterations.
    linmin: converged after 4 iterations.
    linmin: converged after 2 iterations.
    linmin: converged after 2 iterations.
    linmin: converged after 2 iterations.
    linmin: converged after 2 iterations.
    linmin: converged after 2 iterations.
    linmin: converged after 2 iterations.
    linmin: converged after 2 iterations.
Finished solving for bands 1 to 8 after 11 iterations.
zoddfreqs:, 6, 0.380952, 0, 0, 0.439886, 0.359866, 0.450364, 0.452871, 0.466629, 0.518246, 0.562827, 0.574925, 0.577798
elapsed time for k point: 0 seconds.
solve_kpoint (0.357143,0,0):
Solving for bands 1 to 8...
    linmin: converged after 3 iterations.
    linmin: converged after 4 iterations.
    linmin: converged after 4 iterations.
    linmin: converged after 2 iterations.
    linmin: converged after 3 iterations.
    linmin: converged after 2 iterations.
    linmin: converged after 2 iterations.
    linmin: converged after 2 iterations.
    linmin: converged after 2 iterations.
    linmin: converged after 2 iterations.
    linmin: converged after 2 iterations.
Finished solving for bands 1 to 8 after 11 iterations.
zoddfreqs:, 7, 0.357143, 0, 0, 0.412393, 0.345944, 0.436788, 0.441322, 0.462918, 0.507435, 0.551071, 0.568561, 0.575431
elapsed time for k point: 1 seconds.
solve_kpoint (0.333333,0,0):
Solving for bands 1 to 8...
    linmin: converged after 3 iterations.
    linmin: converged after 4 iterations.
    linmin: converged after 2 iterations.
    linmin: converged after 2 iterations.
    linmin: converged after 3 iterations.
    linmin: converged after 2 iterations.
    linmin: converged after 2 iterations.
    linmin: converged after 2 iterations.
    linmin: converged after 2 iterations.
    linmin: converged after 2 iterations.
Finished solving for bands 1 to 8 after 10 iterations.
zoddfreqs:, 8, 0.333333, 0, 0, 0.3849, 0.330516, 0.415386, 0.426999, 0.467315, 0.497974, 0.538132, 0.563341, 0.57569
elapsed time for k point: 0 seconds.
solve_kpoint (0.309524,0,0):
Solving for bands 1 to 8...
    linmin: converged after 3 iterations.
    linmin: converged after 4 iterations.
    linmin: converged after 2 iterations.
    linmin: converged after 2 iterations.
    linmin: converged after 3 iterations.
    linmin: converged after 2 iterations.
    linmin: converged after 2 iterations.
    linmin: converged after 2 iterations.
    linmin: converged after 2 iterations.
    linmin: converged after 2 iterations.
Finished solving for bands 1 to 8 after 10 iterations.
zoddfreqs:, 9, 0.309524, 0, 0, 0.357407, 0.313428, 0.39437, 0.410615, 0.471434, 0.489654, 0.526463, 0.559159, 0.576594
elapsed time for k point: 1 seconds.
solve_kpoint (0.285714,0,0):
Solving for bands 1 to 8...
    linmin: converged after 3 iterations.
    linmin: converged after 4 iterations.
    linmin: converged after 2 iterations.
    linmin: converged after 2 iterations.
    linmin: converged after 3 iterations.
    linmin: converged after 2 iterations.
    linmin: converged after 2 iterations.
    linmin: converged after 2 iterations.
    linmin: converged after 2 iterations.
    linmin: converged after 2 iterations.
Finished solving for bands 1 to 8 after 10 iterations.
zoddfreqs:, 10, 0.285714, 0, 0, 0.329914, 0.294621, 0.374493, 0.392992, 0.47388, 0.482066, 0.517308, 0.555891, 0.57772
elapsed time for k point: 0 seconds.
solve_kpoint (0.261905,0,0):
Solving for bands 1 to 8...
    linmin: converged after 3 iterations.
    linmin: converged after 4 iterations.
    linmin: converged after 2 iterations.
    linmin: converged after 2 iterations.
    linmin: converged after 3 iterations.
    linmin: converged after 2 iterations.
    linmin: converged after 2 iterations.
    linmin: converged after 2 iterations.
    linmin: converged after 2 iterations.
    linmin: converged after 2 iterations.
    linmin: converged after 2 iterations.
Finished solving for bands 1 to 8 after 11 iterations.
zoddfreqs:, 11, 0.261905, 0, 0, 0.302422, 0.274171, 0.355906, 0.374806, 0.473369, 0.474905, 0.512001, 0.553409, 0.578897
elapsed time for k point: 0 seconds.
solve_kpoint (0.238095,0,0):
Solving for bands 1 to 8...
    linmin: converged after 3 iterations.
    linmin: converged after 4 iterations.
    linmin: converged after 2 iterations.
    linmin: converged after 2 iterations.
    linmin: converged after 3 iterations.
    linmin: converged after 2 iterations.
    linmin: converged after 2 iterations.
    linmin: converged after 2 iterations.
    linmin: converged after 2 iterations.
    linmin: converged after 2 iterations.
    linmin: converged after 2 iterations.
    linmin: converged after 2 iterations.
Finished solving for bands 1 to 8 after 12 iterations.
zoddfreqs:, 12, 0.238095, 0, 0, 0.274929, 0.252282, 0.338594, 0.35657, 0.468029, 0.469471, 0.511006, 0.551585, 0.579991
elapsed time for k point: 1 seconds.
solve_kpoint (0.214286,0,0):
Solving for bands 1 to 8...
    linmin: converged after 3 iterations.
    linmin: converged after 4 iterations.
    linmin: converged after 2 iterations.
    linmin: converged after 2 iterations.
    linmin: converged after 3 iterations.
    linmin: converged after 2 iterations.
    linmin: converged after 2 iterations.
    linmin: converged after 2 iterations.
    linmin: converged after 2 iterations.
    linmin: converged after 2 iterations.
    linmin: converged after 2 iterations.
    linmin: converged after 2 iterations.
Finished solving for bands 1 to 8 after 12 iterations.
zoddfreqs:, 13, 0.214286, 0, 0, 0.247436, 0.229223, 0.322491, 0.338675, 0.461418, 0.463456, 0.513063, 0.550293, 0.580847
elapsed time for k point: 0 seconds.
solve_kpoint (0.190476,0,0):
Solving for bands 1 to 8...
    linmin: converged after 3 iterations.
    linmin: converged after 4 iterations.
    linmin: converged after 4 iterations.
    linmin: converged after 4 iterations.
    linmin: converged after 3 iterations.
    linmin: converged after 2 iterations.
    linmin: converged after 2 iterations.
    linmin: converged after 2 iterations.
    linmin: converged after 2 iterations.
    linmin: converged after 2 iterations.
    linmin: converged after 2 iterations.
    linmin: converged after 2 iterations.
    linmin: converged after 2 iterations.
Finished solving for bands 1 to 8 after 13 iterations.
zoddfreqs:, 14, 0.190476, 0, 0, 0.219943, 0.205264, 0.307557, 0.321449, 0.455124, 0.456812, 0.516678, 0.549419, 0.581257
elapsed time for k point: 1 seconds.
solve_kpoint (0.166667,0,0):
Solving for bands 1 to 8...
    linmin: converged after 3 iterations.
    linmin: converged after 4 iterations.
    linmin: converged after 4 iterations.
    linmin: converged after 4 iterations.
    linmin: converged after 2 iterations.
    linmin: converged after 4 iterations.
    linmin: converged after 2 iterations.
    linmin: converged after 2 iterations.
    linmin: converged after 2 iterations.
    linmin: converged after 2 iterations.
    linmin: converged after 2 iterations.
    linmin: converged after 2 iterations.
    linmin: converged after 2 iterations.
    linmin: converged after 2 iterations.
Finished solving for bands 1 to 8 after 14 iterations.
zoddfreqs:, 15, 0.166667, 0, 0, 0.19245, 0.180633, 0.293813, 0.30519, 0.449238, 0.45037, 0.521001, 0.548858, 0.580936
elapsed time for k point: 0 seconds.
solve_kpoint (0.142857,0,0):
Solving for bands 1 to 8...
    linmin: converged after 3 iterations.
    linmin: converged after 4 iterations.
    linmin: converged after 4 iterations.
    linmin: converged after 4 iterations.
    linmin: converged after 2 iterations.
    linmin: converged after 4 iterations.
    linmin: converged after 2 iterations.
    linmin: converged after 2 iterations.
    linmin: converged after 2 iterations.
    linmin: converged after 2 iterations.
    linmin: converged after 2 iterations.
    linmin: converged after 2 iterations.
    linmin: converged after 2 iterations.
    linmin: converged after 2 iterations.
Finished solving for bands 1 to 8 after 14 iterations.
zoddfreqs:, 16, 0.142857, 0, 0, 0.164957, 0.155508, 0.281352, 0.290194, 0.443865, 0.444517, 0.52562, 0.548522, 0.579602
elapsed time for k point: 1 seconds.
solve_kpoint (0.119048,0,0):
Solving for bands 1 to 8...
    linmin: converged after 3 iterations.
    linmin: converged after 4 iterations.
    linmin: converged after 4 iterations.
    linmin: converged after 4 iterations.
    linmin: converged after 2 iterations.
    linmin: converged after 4 iterations.
    linmin: converged after 2 iterations.
    linmin: converged after 2 iterations.
    linmin: converged after 2 iterations.
    linmin: converged after 2 iterations.
    linmin: converged after 2 iterations.
    linmin: converged after 2 iterations.
    linmin: converged after 2 iterations.
    linmin: converged after 2 iterations.
Finished solving for bands 1 to 8 after 14 iterations.
zoddfreqs:, 17, 0.119048, 0, 0, 0.137464, 0.130024, 0.270319, 0.276759, 0.439109, 0.439431, 0.530323, 0.548337, 0.577191
elapsed time for k point: 0 seconds.
solve_kpoint (0.0952381,0,0):
Solving for bands 1 to 8...
    linmin: converged after 3 iterations.
    linmin: converged after 4 iterations.
    linmin: converged after 4 iterations.
    linmin: converged after 4 iterations.
    linmin: converged after 2 iterations.
    linmin: converged after 2 iterations.
    linmin: converged after 2 iterations.
    linmin: converged after 2 iterations.
    linmin: converged after 2 iterations.
    linmin: converged after 2 iterations.
    linmin: converged after 2 iterations.
    linmin: converged after 2 iterations.
    linmin: converged after 2 iterations.
    linmin: converged after 2 iterations.
Finished solving for bands 1 to 8 after 14 iterations.
zoddfreqs:, 18, 0.0952381, 0, 0, 0.109971, 0.10428, 0.260901, 0.265189, 0.435069, 0.435203, 0.534976, 0.548246, 0.573975
elapsed time for k point: 1 seconds.
solve_kpoint (0.0714286,0,0):
Solving for bands 1 to 8...
    linmin: converged after 3 iterations.
    linmin: converged after 4 iterations.
    linmin: converged after 3 iterations.
    linmin: converged after 4 iterations.
    linmin: converged after 2 iterations.
    linmin: converged after 2 iterations.
    linmin: converged after 2 iterations.
    linmin: converged after 2 iterations.
    linmin: converged after 2 iterations.
    linmin: converged after 2 iterations.
    linmin: converged after 2 iterations.
    linmin: converged after 2 iterations.
    linmin: converged after 2 iterations.
    linmin: converged after 2 iterations.
Finished solving for bands 1 to 8 after 14 iterations.
zoddfreqs:, 19, 0.0714286, 0, 0, 0.0824786, 0.0783529, 0.253297, 0.255787, 0.431831, 0.431881, 0.539451, 0.548208, 0.570374
elapsed time for k point: 0 seconds.
solve_kpoint (0.047619,0,0):
Solving for bands 1 to 8...
    linmin: converged after 3 iterations.
    linmin: converged after 4 iterations.
    linmin: converged after 3 iterations.
    linmin: converged after 4 iterations.
    linmin: converged after 2 iterations.
    linmin: converged after 2 iterations.
    linmin: converged after 2 iterations.
    linmin: converged after 2 iterations.
    linmin: converged after 2 iterations.
    linmin: converged after 2 iterations.
    linmin: converged after 2 iterations.
    linmin: converged after 2 iterations.
    linmin: converged after 2 iterations.
Finished solving for bands 1 to 8 after 13 iterations.
zoddfreqs:, 20, 0.047619, 0, 0, 0.0549857, 0.0522999, 0.2477, 0.248832, 0.429463, 0.429495, 0.543553, 0.548196, 0.566803
elapsed time for k point: 1 seconds.
solve_kpoint (0.0238095,0,0):
Solving for bands 1 to 8...
    linmin: converged after 3 iterations.
    linmin: converged after 3 iterations.
    linmin: converged after 3 iterations.
    linmin: converged after 4 iterations.
    linmin: converged after 2 iterations.
    linmin: converged after 2 iterations.
    linmin: converged after 2 iterations.
    linmin: converged after 2 iterations.
    linmin: converged after 2 iterations.
    linmin: converged after 2 iterations.
    linmin: converged after 2 iterations.
    linmin: converged after 2 iterations.
Finished solving for bands 1 to 8 after 12 iterations.
zoddfreqs:, 21, 0.0238095, 0, 0, 0.0274929, 0.0261688, 0.24427, 0.244556, 0.428024, 0.428054, 0.546829, 0.548194, 0.56382
elapsed time for k point: 0 seconds.
solve_kpoint (0,0,0):
Solving for bands 2 to 8...
    linmin: converged after 4 iterations.
    linmin: converged after 3 iterations.
    linmin: converged after 4 iterations.
    linmin: converged after 4 iterations.
    linmin: converged after 4 iterations.
    linmin: converged after 4 iterations.
    linmin: converged after 2 iterations.
    linmin: converged after 2 iterations.
    linmin: converged after 2 iterations.
    linmin: converged after 2 iterations.
    linmin: converged after 2 iterations.
    linmin: converged after 2 iterations.
    linmin: converged after 2 iterations.
Finished solving for bands 2 to 8 after 13 iterations.
zoddfreqs:, 22, 0, 0, 0, 0, 0, 0.243111, 0.243115, 0.427541, 0.427573, 0.548177, 0.548238, 0.562523
elapsed time for k point: 1 seconds.
solve_kpoint (0.015873,0.015873,0):
Solving for bands 1 to 8...
    linmin: converged after 4 iterations.
    linmin: converged after 3 iterations.
    linmin: converged after 4 iterations.
    linmin: converged after 4 iterations.
    linmin: converged after 4 iterations.
    linmin: converged after 4 iterations.
    linmin: converged after 2 iterations.
    linmin: converged after 2 iterations.
    linmin: converged after 2 iterations.
    linmin: converged after 2 iterations.
    linmin: converged after 2 iterations.
    linmin: converged after 2 iterations.
    linmin: converged after 2 iterations.
Finished solving for bands 1 to 8 after 13 iterations.
zoddfreqs:, 23, 0.015873, 0.015873, 0, 0.0183286, 0.0174481, 0.243626, 0.243758, 0.427755, 0.427788, 0.547528, 0.548239, 0.56313
elapsed time for k point: 0 seconds.
solve_kpoint (0.031746,0.031746,0):
Solving for bands 1 to 8...
    linmin: converged after 3 iterations.
    linmin: converged after 3 iterations.
    linmin: converged after 3 iterations.
    linmin: converged after 3 iterations.
    linmin: converged after 2 iterations.
    linmin: converged after 2 iterations.
    linmin: converged after 2 iterations.
    linmin: converged after 2 iterations.
    linmin: converged after 2 iterations.
    linmin: converged after 2 iterations.
    linmin: converged after 2 iterations.
Finished solving for bands 1 to 8 after 11 iterations.
zoddfreqs:, 24, 0.031746, 0.031746, 0, 0.0366572, 0.0348852, 0.245161, 0.245675, 0.428396, 0.428431, 0.54583, 0.548241, 0.564703
elapsed time for k point: 0 seconds.
solve_kpoint (0.047619,0.047619,0):
Solving for bands 1 to 8...
    linmin: converged after 3 iterations.
    linmin: converged after 3 iterations.
    linmin: converged after 3 iterations.
    linmin: converged after 2 iterations.
    linmin: converged after 2 iterations.
    linmin: converged after 2 iterations.
    linmin: converged after 2 iterations.
    linmin: converged after 2 iterations.
    linmin: converged after 2 iterations.
    linmin: converged after 2 iterations.
    linmin: converged after 2 iterations.
Finished solving for bands 1 to 8 after 11 iterations.
zoddfreqs:, 25, 0.047619, 0.047619, 0, 0.0549857, 0.0522999, 0.247696, 0.248835, 0.429463, 0.429495, 0.5435, 0.548244, 0.566819
elapsed time for k point: 1 seconds.
solve_kpoint (0.0634921,0.0634921,0):
Solving for bands 1 to 8...
    linmin: converged after 3 iterations.
    linmin: converged after 3 iterations.
    linmin: converged after 3 iterations.
    linmin: converged after 2 iterations.
    linmin: converged after 2 iterations.
    linmin: converged after 2 iterations.
    linmin: converged after 2 iterations.
    linmin: converged after 2 iterations.
    linmin: converged after 2 iterations.
    linmin: converged after 2 iterations.
    linmin: converged after 2 iterations.
    linmin: converged after 2 iterations.
Finished solving for bands 1 to 8 after 12 iterations.
zoddfreqs:, 26, 0.0634921, 0.0634921, 0, 0.0733143, 0.06968, 0.251196, 0.253187, 0.430952, 0.430971, 0.540816, 0.548252, 0.569187
elapsed time for k point: 0 seconds.
solve_kpoint (0.0793651,0.0793651,0):
Solving for bands 1 to 8...
    linmin: converged after 3 iterations.
    linmin: converged after 2 iterations.
    linmin: converged after 3 iterations.
    linmin: converged after 4 iterations.
    linmin: converged after 2 iterations.
    linmin: converged after 2 iterations.
    linmin: converged after 2 iterations.
    linmin: converged after 2 iterations.
    linmin: converged after 2 iterations.
    linmin: converged after 2 iterations.
    linmin: converged after 2 iterations.
    linmin: converged after 2 iterations.
Finished solving for bands 1 to 8 after 12 iterations.
zoddfreqs:, 27, 0.0793651, 0.0793651, 0, 0.0916429, 0.0870119, 0.255614, 0.258666, 0.432843, 0.432859, 0.537926, 0.548268, 0.571634
elapsed time for k point: 1 seconds.
solve_kpoint (0.0952381,0.0952381,0):
Solving for bands 1 to 8...
    linmin: converged after 3 iterations.
    linmin: converged after 2 iterations.
    linmin: converged after 3 iterations.
    linmin: converged after 4 iterations.
    linmin: converged after 2 iterations.
    linmin: converged after 2 iterations.
    linmin: converged after 2 iterations.
    linmin: converged after 2 iterations.
    linmin: converged after 2 iterations.
    linmin: converged after 2 iterations.
    linmin: converged after 2 iterations.
    linmin: converged after 2 iterations.
    linmin: converged after 2 iterations.
Finished solving for bands 1 to 8 after 13 iterations.
zoddfreqs:, 28, 0.0952381, 0.0952381, 0, 0.109971, 0.10428, 0.260897, 0.265193, 0.435094, 0.435178, 0.534909, 0.5483, 0.574036
elapsed time for k point: 0 seconds.
solve_kpoint (0.111111,0.111111,0):
Solving for bands 1 to 8...
    linmin: converged after 3 iterations.
    linmin: converged after 2 iterations.
    linmin: converged after 3 iterations.
    linmin: converged after 4 iterations.
    linmin: converged after 2 iterations.
    linmin: converged after 2 iterations.
    linmin: converged after 2 iterations.
    linmin: converged after 2 iterations.
    linmin: converged after 2 iterations.
    linmin: converged after 2 iterations.
    linmin: converged after 2 iterations.
    linmin: converged after 2 iterations.
    linmin: converged after 2 iterations.
Finished solving for bands 1 to 8 after 13 iterations.
zoddfreqs:, 29, 0.111111, 0.111111, 0, 0.1283, 0.121467, 0.266986, 0.272684, 0.437702, 0.4379, 0.531815, 0.548355, 0.576272
elapsed time for k point: 1 seconds.
solve_kpoint (0.126984,0.126984,0):
Solving for bands 1 to 8...
    linmin: converged after 3 iterations.
    linmin: converged after 2 iterations.
    linmin: converged after 3 iterations.
    linmin: converged after 4 iterations.
    linmin: converged after 2 iterations.
    linmin: converged after 2 iterations.
    linmin: converged after 2 iterations.
    linmin: converged after 2 iterations.
    linmin: converged after 2 iterations.
    linmin: converged after 2 iterations.
    linmin: converged after 2 iterations.
    linmin: converged after 2 iterations.
    linmin: converged after 2 iterations.
Finished solving for bands 1 to 8 after 13 iterations.
zoddfreqs:, 30, 0.126984, 0.126984, 0, 0.146629, 0.138551, 0.273822, 0.281049, 0.440642, 0.441012, 0.52868, 0.548445, 0.578216
elapsed time for k point: 0 seconds.
solve_kpoint (0.142857,0.142857,0):
Solving for bands 1 to 8...
    linmin: converged after 3 iterations.
    linmin: converged after 2 iterations.
    linmin: converged after 3 iterations.
    linmin: converged after 4 iterations.
    linmin: converged after 2 iterations.
    linmin: converged after 2 iterations.
    linmin: converged after 2 iterations.
    linmin: converged after 2 iterations.
    linmin: converged after 2 iterations.
    linmin: converged after 2 iterations.
    linmin: converged after 2 iterations.
    linmin: converged after 2 iterations.
    linmin: converged after 2 iterations.
Finished solving for bands 1 to 8 after 13 iterations.
zoddfreqs:, 31, 0.142857, 0.142857, 0, 0.164957, 0.155507, 0.281346, 0.290199, 0.443886, 0.444496, 0.525541, 0.548585, 0.579745
elapsed time for k point: 1 seconds.
solve_kpoint (0.15873,0.15873,0):
Solving for bands 1 to 8...
    linmin: converged after 3 iterations.
    linmin: converged after 2 iterations.
    linmin: converged after 3 iterations.
    linmin: converged after 4 iterations.
    linmin: converged after 2 iterations.
    linmin: converged after 2 iterations.
    linmin: converged after 2 iterations.
    linmin: converged after 2 iterations.
    linmin: converged after 2 iterations.
    linmin: converged after 2 iterations.
    linmin: converged after 2 iterations.
    linmin: converged after 2 iterations.
    linmin: converged after 2 iterations.
Finished solving for bands 1 to 8 after 13 iterations.
zoddfreqs:, 32, 0.15873, 0.15873, 0, 0.183286, 0.172304, 0.289505, 0.300042, 0.447405, 0.448322, 0.522439, 0.548792, 0.580785
elapsed time for k point: 0 seconds.
solve_kpoint (0.174603,0.174603,0):
Solving for bands 1 to 8...
    linmin: converged after 3 iterations.
    linmin: converged after 2 iterations.
    linmin: converged after 3 iterations.
    linmin: converged after 4 iterations.
    linmin: converged after 2 iterations.
    linmin: converged after 2 iterations.
    linmin: converged after 2 iterations.
    linmin: converged after 2 iterations.
    linmin: converged after 2 iterations.
    linmin: converged after 2 iterations.
    linmin: converged after 2 iterations.
    linmin: converged after 2 iterations.
Finished solving for bands 1 to 8 after 12 iterations.
zoddfreqs:, 33, 0.174603, 0.174603, 0, 0.201614, 0.188905, 0.298251, 0.310489, 0.451167, 0.452446, 0.519428, 0.549088, 0.581338
elapsed time for k point: 1 seconds.
solve_kpoint (0.190476,0.190476,0):
Solving for bands 1 to 8...
    linmin: converged after 3 iterations.
    linmin: converged after 2 iterations.
    linmin: converged after 3 iterations.
    linmin: converged after 4 iterations.
    linmin: converged after 2 iterations.
    linmin: converged after 2 iterations.
    linmin: converged after 2 iterations.
    linmin: converged after 2 iterations.
    linmin: converged after 2 iterations.
    linmin: converged after 2 iterations.
    linmin: converged after 2 iterations.
    linmin: converged after 2 iterations.
Finished solving for bands 1 to 8 after 12 iterations.
zoddfreqs:, 34, 0.190476, 0.190476, 0, 0.219943, 0.205263, 0.30755, 0.321454, 0.455141, 0.456793, 0.516591, 0.549496, 0.581469
elapsed time for k point: 0 seconds.
solve_kpoint (0.206349,0.206349,0):
Solving for bands 1 to 8...
    linmin: converged after 3 iterations.
    linmin: converged after 2 iterations.
    linmin: converged after 3 iterations.
    linmin: converged after 2 iterations.
    linmin: converged after 2 iterations.
    linmin: converged after 2 iterations.
    linmin: converged after 2 iterations.
    linmin: converged after 2 iterations.
    linmin: converged after 2 iterations.
    linmin: converged after 2 iterations.
    linmin: converged after 2 iterations.
    linmin: converged after 2 iterations.
Finished solving for bands 1 to 8 after 12 iterations.
zoddfreqs:, 35, 0.206349, 0.206349, 0, 0.238272, 0.221323, 0.317376, 0.33285, 0.459296, 0.46124, 0.514061, 0.550043, 0.581269
elapsed time for k point: 0 seconds.
solve_kpoint (0.222222,0.222222,0):
Solving for bands 1 to 8...
    linmin: converged after 3 iterations.
    linmin: converged after 2 iterations.
    linmin: converged after 3 iterations.
    linmin: converged after 2 iterations.
    linmin: converged after 2 iterations.
    linmin: converged after 2 iterations.
    linmin: converged after 2 iterations.
    linmin: converged after 2 iterations.
    linmin: converged after 2 iterations.
    linmin: converged after 2 iterations.
    linmin: converged after 2 iterations.
Finished solving for bands 1 to 8 after 11 iterations.
zoddfreqs:, 36, 0.222222, 0.222222, 0, 0.2566, 0.23702, 0.32772, 0.344588, 0.463603, 0.465576, 0.512053, 0.550761, 0.58083
elapsed time for k point: 1 seconds.
solve_kpoint (0.238095,0.238095,0):
Solving for bands 1 to 8...
    linmin: converged after 3 iterations.
    linmin: converged after 2 iterations.
    linmin: converged after 3 iterations.
    linmin: converged after 2 iterations.
    linmin: converged after 2 iterations.
    linmin: converged after 2 iterations.
    linmin: converged after 2 iterations.
    linmin: converged after 2 iterations.
    linmin: converged after 2 iterations.
    linmin: converged after 2 iterations.
    linmin: converged after 2 iterations.
Finished solving for bands 1 to 8 after 11 iterations.
zoddfreqs:, 37, 0.238095, 0.238095, 0, 0.274929, 0.252278, 0.338585, 0.356578, 0.468039, 0.469455, 0.510916, 0.551681, 0.580226
elapsed time for k point: 0 seconds.
solve_kpoint (0.253968,0.253968,0):
Solving for bands 1 to 8...
    linmin: converged after 3 iterations.
    linmin: converged after 2 iterations.
    linmin: converged after 3 iterations.
    linmin: converged after 2 iterations.
    linmin: converged after 2 iterations.
    linmin: converged after 2 iterations.
    linmin: converged after 2 iterations.
    linmin: converged after 2 iterations.
    linmin: converged after 2 iterations.
    linmin: converged after 2 iterations.
Finished solving for bands 1 to 8 after 10 iterations.
zoddfreqs:, 38, 0.253968, 0.253968, 0, 0.293257, 0.267017, 0.349988, 0.368722, 0.47239, 0.472591, 0.51114, 0.552838, 0.579515
elapsed time for k point: 1 seconds.
solve_kpoint (0.269841,0.269841,0):
Solving for bands 1 to 8...
    linmin: converged after 3 iterations.
    linmin: converged after 2 iterations.
    linmin: converged after 3 iterations.
    linmin: converged after 2 iterations.
    linmin: converged after 2 iterations.
    linmin: converged after 2 iterations.
    linmin: converged after 2 iterations.
    linmin: converged after 2 iterations.
    linmin: converged after 2 iterations.
    linmin: converged after 2 iterations.
Finished solving for bands 1 to 8 after 10 iterations.
zoddfreqs:, 39, 0.269841, 0.269841, 0, 0.311586, 0.281154, 0.361949, 0.380907, 0.473905, 0.477259, 0.513197, 0.554269, 0.578747
elapsed time for k point: 0 seconds.
solve_kpoint (0.285714,0.285714,0):
Solving for bands 1 to 8...
    linmin: converged after 3 iterations.
    linmin: converged after 2 iterations.
    linmin: converged after 3 iterations.
    linmin: converged after 2 iterations.
    linmin: converged after 2 iterations.
    linmin: converged after 2 iterations.
    linmin: converged after 2 iterations.
    linmin: converged after 2 iterations.
    linmin: converged after 2 iterations.
Finished solving for bands 1 to 8 after 9 iterations.
zoddfreqs:, 40, 0.285714, 0.285714, 0, 0.329914, 0.294614, 0.374485, 0.393004, 0.473844, 0.482065, 0.51724, 0.556011, 0.57796
elapsed time for k point: 0 seconds.
solve_kpoint (0.301587,0.301587,0):
Solving for bands 1 to 8...
    linmin: converged after 3 iterations.
    linmin: converged after 2 iterations.
    linmin: converged after 3 iterations.
    linmin: converged after 2 iterations.
    linmin: converged after 2 iterations.
    linmin: converged after 2 iterations.
    linmin: converged after 2 iterations.
    linmin: converged after 2 iterations.
    linmin: converged after 2 iterations.
Finished solving for bands 1 to 8 after 9 iterations.
zoddfreqs:, 41, 0.301587, 0.301587, 0, 0.348243, 0.30734, 0.387597, 0.404855, 0.472454, 0.487056, 0.523009, 0.558103, 0.577194
elapsed time for k point: 1 seconds.
solve_kpoint (0.31746,0.31746,0):
Solving for bands 1 to 8...
    linmin: converged after 3 iterations.
    linmin: converged after 2 iterations.
    linmin: converged after 3 iterations.
    linmin: converged after 2 iterations.
    linmin: converged after 2 iterations.
    linmin: converged after 2 iterations.
    linmin: converged after 2 iterations.
    linmin: converged after 2 iterations.
    linmin: converged after 2 iterations.
Finished solving for bands 1 to 8 after 9 iterations.
zoddfreqs:, 42, 0.31746, 0.31746, 0, 0.366572, 0.319303, 0.401257, 0.416268, 0.470136, 0.492317, 0.530086, 0.560583, 0.576494
elapsed time for k point: 0 seconds.
solve_kpoint (0.333333,0.333333,0):
Solving for bands 1 to 8...
    linmin: converged after 2 iterations.
    linmin: converged after 2 iterations.
    linmin: converged after 3 iterations.
    linmin: converged after 2 iterations.
    linmin: converged after 2 iterations.
    linmin: converged after 2 iterations.
    linmin: converged after 2 iterations.
    linmin: converged after 2 iterations.
    linmin: converged after 2 iterations.
Finished solving for bands 1 to 8 after 9 iterations.
zoddfreqs:, 43, 0.333333, 0.333333, 0, 0.3849, 0.330502, 0.415379, 0.427015, 0.46726, 0.497963, 0.538091, 0.563486, 0.575926
elapsed time for k point: 0 seconds.
solve_kpoint (0.34127,0.31746,0):
Solving for bands 1 to 8...
    linmin: converged after 4 iterations.
    linmin: converged after 2 iterations.
    linmin: converged after 2 iterations.
    linmin: converged after 2 iterations.
    linmin: converged after 2 iterations.
    linmin: converged after 2 iterations.
    linmin: converged after 2 iterations.
    linmin: converged after 2 iterations.
    linmin: converged after 2 iterations.
    linmin: converged after 2 iterations.
Finished solving for bands 1 to 8 after 10 iterations.
zoddfreqs:, 44, 0.34127, 0.31746, 0, 0.381063, 0.328219, 0.412397, 0.424809, 0.468116, 0.496615, 0.536337, 0.561775, 0.577314
elapsed time for k point: 1 seconds.
solve_kpoint (0.349206,0.301587,0):
Solving for bands 1 to 8...
    linmin: converged after 4 iterations.
    linmin: converged after 2 iterations.
    linmin: converged after 2 iterations.
    linmin: converged after 2 iterations.
    linmin: converged after 2 iterations.
    linmin: converged after 2 iterations.
    linmin: converged after 2 iterations.
    linmin: converged after 2 iterations.
    linmin: converged after 2 iterations.
    linmin: converged after 2 iterations.
    linmin: converged after 2 iterations.
Finished solving for bands 1 to 8 after 11 iterations.
zoddfreqs:, 45, 0.349206, 0.301587, 0, 0.378741, 0.326822, 0.410609, 0.423413, 0.46914, 0.495523, 0.535253, 0.559041, 0.580385
elapsed time for k point: 0 seconds.
solve_kpoint (0.357143,0.285714,0):
Solving for bands 1 to 8...
    linmin: converged after 4 iterations.
    linmin: converged after 2 iterations.
    linmin: converged after 2 iterations.
    linmin: converged after 2 iterations.
    linmin: converged after 2 iterations.
    linmin: converged after 2 iterations.
    linmin: converged after 2 iterations.
    linmin: converged after 2 iterations.
    linmin: converged after 2 iterations.
    linmin: converged after 2 iterations.
    linmin: converged after 2 iterations.
Finished solving for bands 1 to 8 after 11 iterations.
zoddfreqs:, 46, 0.357143, 0.285714, 0, 0.377964, 0.326351, 0.410026, 0.422877, 0.470293, 0.494679, 0.534837, 0.556214, 0.58421
elapsed time for k point: 1 seconds.
solve_kpoint (0.365079,0.269841,0):
Solving for bands 1 to 8...
    linmin: converged after 4 iterations.
    linmin: converged after 2 iterations.
    linmin: converged after 2 iterations.
    linmin: converged after 2 iterations.
    linmin: converged after 2 iterations.
    linmin: converged after 2 iterations.
    linmin: converged after 2 iterations.
    linmin: converged after 2 iterations.
    linmin: converged after 2 iterations.
    linmin: converged after 2 iterations.
    linmin: converged after 2 iterations.
    linmin: converged after 2 iterations.
Finished solving for bands 1 to 8 after 12 iterations.
zoddfreqs:, 47, 0.365079, 0.269841, 0, 0.378741, 0.326819, 0.410651, 0.423218, 0.471532, 0.494058, 0.535086, 0.553747, 0.588363
elapsed time for k point: 0 seconds.
solve_kpoint (0.373016,0.253968,0):
Solving for bands 1 to 8...
    linmin: converged after 4 iterations.
    linmin: converged after 2 iterations.
    linmin: converged after 2 iterations.
    linmin: converged after 2 iterations.
    linmin: converged after 2 iterations.
    linmin: converged after 2 iterations.
    linmin: converged after 2 iterations.
    linmin: converged after 2 iterations.
    linmin: converged after 2 iterations.
    linmin: converged after 2 iterations.
    linmin: converged after 2 iterations.
    linmin: converged after 2 iterations.
Finished solving for bands 1 to 8 after 12 iterations.
zoddfreqs:, 48, 0.373016, 0.253968, 0, 0.381063, 0.328214, 0.412483, 0.424419, 0.472783, 0.493637, 0.536, 0.551898, 0.592612
elapsed time for k point: 0 seconds.
solve_kpoint (0.380952,0.238095,0):
Solving for bands 1 to 8...
    linmin: converged after 4 iterations.
    linmin: converged after 2 iterations.
    linmin: converged after 2 iterations.
    linmin: converged after 2 iterations.
    linmin: converged after 2 iterations.
    linmin: converged after 2 iterations.
    linmin: converged after 2 iterations.
    linmin: converged after 2 iterations.
    linmin: converged after 2 iterations.
    linmin: converged after 2 iterations.
    linmin: converged after 2 iterations.
    linmin: converged after 2 iterations.
    linmin: converged after 2 iterations.
    linmin: converged after 2 iterations.
Finished solving for bands 1 to 8 after 14 iterations.
zoddfreqs:, 49, 0.380952, 0.238095, 0, 0.3849, 0.330495, 0.415512, 0.426431, 0.473917, 0.493457, 0.537588, 0.550842, 0.596744
elapsed time for k point: 1 seconds.
solve_kpoint (0.388889,0.222222,0):
Solving for bands 1 to 8...
    linmin: converged after 4 iterations.
    linmin: converged after 2 iterations.
    linmin: converged after 2 iterations.
    linmin: converged after 2 iterations.
    linmin: converged after 2 iterations.
    linmin: converged after 4 iterations.
    linmin: converged after 2 iterations.
    linmin: converged after 2 iterations.
    linmin: converged after 2 iterations.
    linmin: converged after 2 iterations.
    linmin: converged after 2 iterations.
    linmin: converged after 2 iterations.
    linmin: converged after 2 iterations.
    linmin: converged after 2 iterations.
    linmin: converged after 2 iterations.
    linmin: converged after 2 iterations.
Finished solving for bands 1 to 8 after 16 iterations.
zoddfreqs:, 50, 0.388889, 0.222222, 0, 0.390209, 0.333599, 0.419721, 0.429171, 0.474707, 0.49368, 0.539871, 0.550691, 0.600425
elapsed time for k point: 1 seconds.
solve_kpoint (0.396825,0.206349,0):
Solving for bands 1 to 8...
    linmin: converged after 4 iterations.
    linmin: converged after 2 iterations.
    linmin: converged after 2 iterations.
    linmin: converged after 3 iterations.
    linmin: converged after 4 iterations.
    linmin: converged after 4 iterations.
    linmin: converged after 4 iterations.
    linmin: converged after 4 iterations.
    linmin: converged after 2 iterations.
    linmin: converged after 2 iterations.
    linmin: converged after 2 iterations.
    linmin: converged after 2 iterations.
    linmin: converged after 2 iterations.
    linmin: converged after 2 iterations.
    linmin: converged after 2 iterations.
    linmin: converged after 2 iterations.
    linmin: converged after 2 iterations.
    linmin: converged after 2 iterations.
Finished solving for bands 1 to 8 after 18 iterations.
zoddfreqs:, 51, 0.396825, 0.206349, 0, 0.396931, 0.337441, 0.425079, 0.432525, 0.474854, 0.494601, 0.542874, 0.551484, 0.602928
elapsed time for k point: 0 seconds.
solve_kpoint (0.404762,0.190476,0):
Solving for bands 1 to 8...
    linmin: converged after 4 iterations.
    linmin: converged after 4 iterations.
    linmin: converged after 2 iterations.
    linmin: converged after 3 iterations.
    linmin: converged after 4 iterations.
    linmin: converged after 4 iterations.
    linmin: converged after 4 iterations.
    linmin: converged after 4 iterations.
    linmin: converged after 2 iterations.
    linmin: converged after 2 iterations.
    linmin: converged after 2 iterations.
    linmin: converged after 2 iterations.
    linmin: converged after 2 iterations.
    linmin: converged after 2 iterations.
    linmin: converged after 2 iterations.
    linmin: converged after 2 iterations.
    linmin: converged after 2 iterations.
    linmin: converged after 2 iterations.
Finished solving for bands 1 to 8 after 18 iterations.
zoddfreqs:, 52, 0.404762, 0.190476, 0, 0.404995, 0.341925, 0.43152, 0.436355, 0.474142, 0.496522, 0.546599, 0.553212, 0.603244
elapsed time for k point: 1 seconds.
solve_kpoint (0.412698,0.174603,0):
Solving for bands 1 to 8...
    linmin: converged after 4 iterations.
    linmin: converged after 4 iterations.
    linmin: converged after 2 iterations.
    linmin: converged after 4 iterations.
    linmin: converged after 4 iterations.
    linmin: converged after 4 iterations.
    linmin: converged after 4 iterations.
    linmin: converged after 2 iterations.
    linmin: converged after 2 iterations.
    linmin: converged after 2 iterations.
    linmin: converged after 2 iterations.
    linmin: converged after 2 iterations.
    linmin: converged after 2 iterations.
    linmin: converged after 2 iterations.
    linmin: converged after 2 iterations.
    linmin: converged after 2 iterations.
    linmin: converged after 2 iterations.
Finished solving for bands 1 to 8 after 17 iterations.
zoddfreqs:, 53, 0.412698, 0.174603, 0, 0.414323, 0.346946, 0.438749, 0.440661, 0.472634, 0.499572, 0.550952, 0.555884, 0.601682
elapsed time for k point: 0 seconds.
solve_kpoint (0.420635,0.15873,0):
Solving for bands 1 to 8...
    linmin: converged after 4 iterations.
    linmin: converged after 2 iterations.
    linmin: converged after 2 iterations.
    linmin: converged after 2 iterations.
    linmin: converged after 2 iterations.
    linmin: converged after 4 iterations.
    linmin: converged after 2 iterations.
    linmin: converged after 2 iterations.
    linmin: converged after 2 iterations.
    linmin: converged after 2 iterations.
    linmin: converged after 2 iterations.
    linmin: converged after 2 iterations.
    linmin: converged after 2 iterations.
    linmin: converged after 2 iterations.
Finished solving for bands 1 to 8 after 14 iterations.
zoddfreqs:, 54, 0.420635, 0.15873, 0, 0.424832, 0.352399, 0.44408, 0.447622, 0.470774, 0.503711, 0.555579, 0.559708, 0.599424
elapsed time for k point: 1 seconds.
solve_kpoint (0.428571,0.142857,0):
Solving for bands 1 to 8...
    linmin: converged after 4 iterations.
    linmin: converged after 2 iterations.
    linmin: converged after 2 iterations.
    linmin: converged after 2 iterations.
    linmin: converged after 2 iterations.
    linmin: converged after 2 iterations.
    linmin: converged after 2 iterations.
    linmin: converged after 2 iterations.
    linmin: converged after 2 iterations.
    linmin: converged after 2 iterations.
    linmin: converged after 2 iterations.
    linmin: converged after 2 iterations.
    linmin: converged after 2 iterations.
Finished solving for bands 1 to 8 after 13 iterations.
zoddfreqs:, 55, 0.428571, 0.142857, 0, 0.436436, 0.35818, 0.447755, 0.455632, 0.469903, 0.508829, 0.559896, 0.565045, 0.597192
elapsed time for k point: 0 seconds.
solve_kpoint (0.436508,0.126984,0):
Solving for bands 1 to 8...
    linmin: converged after 4 iterations.
    linmin: converged after 2 iterations.
    linmin: converged after 2 iterations.
    linmin: converged after 2 iterations.
    linmin: converged after 2 iterations.
    linmin: converged after 2 iterations.
    linmin: converged after 2 iterations.
    linmin: converged after 2 iterations.
    linmin: converged after 2 iterations.
    linmin: converged after 2 iterations.
    linmin: converged after 2 iterations.
    linmin: converged after 2 iterations.
Finished solving for bands 1 to 8 after 12 iterations.
zoddfreqs:, 56, 0.436508, 0.126984, 0, 0.44905, 0.364194, 0.450059, 0.460291, 0.474098, 0.514792, 0.563785, 0.571661, 0.595471
elapsed time for k point: 1 seconds.
solve_kpoint (0.444444,0.111111,0):
Solving for bands 1 to 8...
    linmin: converged after 4 iterations.
    linmin: converged after 2 iterations.
    linmin: converged after 2 iterations.
    linmin: converged after 2 iterations.
    linmin: converged after 2 iterations.
    linmin: converged after 2 iterations.
    linmin: converged after 2 iterations.
    linmin: converged after 2 iterations.
    linmin: converged after 2 iterations.
    linmin: converged after 2 iterations.
    linmin: converged after 2 iterations.
    linmin: converged after 2 iterations.
    linmin: converged after 2 iterations.
Finished solving for bands 1 to 8 after 13 iterations.
zoddfreqs:, 57, 0.444444, 0.111111, 0, 0.462592, 0.370356, 0.449756, 0.462098, 0.484038, 0.521423, 0.56718, 0.579003, 0.594863
elapsed time for k point: 0 seconds.
solve_kpoint (0.452381,0.0952381,0):
Solving for bands 1 to 8...
    linmin: converged after 4 iterations.
    linmin: converged after 4 iterations.
    linmin: converged after 2 iterations.
    linmin: converged after 4 iterations.
    linmin: converged after 2 iterations.
    linmin: converged after 2 iterations.
    linmin: converged after 2 iterations.
    linmin: converged after 2 iterations.
    linmin: converged after 2 iterations.
    linmin: converged after 2 iterations.
    linmin: converged after 2 iterations.
    linmin: converged after 2 iterations.
    linmin: converged after 2 iterations.
    linmin: converged after 2 iterations.
Finished solving for bands 1 to 8 after 14 iterations.
zoddfreqs:, 58, 0.452381, 0.0952381, 0, 0.476983, 0.376587, 0.446968, 0.464356, 0.496234, 0.528491, 0.569665, 0.586267, 0.596414
elapsed time for k point: 1 seconds.
solve_kpoint (0.460317,0.0793651,0):
Solving for bands 1 to 8...
    linmin: converged after 4 iterations.
    linmin: converged after 4 iterations.
    linmin: converged after 2 iterations.
    linmin: converged after 4 iterations.
    linmin: converged after 4 iterations.
    linmin: converged after 4 iterations.
    linmin: converged after 2 iterations.
    linmin: converged after 2 iterations.
    linmin: converged after 2 iterations.
    linmin: converged after 2 iterations.
    linmin: converged after 2 iterations.
    linmin: converged after 2 iterations.
    linmin: converged after 2 iterations.
    linmin: converged after 2 iterations.
    linmin: converged after 2 iterations.
    linmin: converged after 2 iterations.
    linmin: converged after 2 iterations.
Finished solving for bands 1 to 8 after 17 iterations.
zoddfreqs:, 59, 0.460317, 0.0793651, 0, 0.492149, 0.382818, 0.442908, 0.46686, 0.509614, 0.535707, 0.570878, 0.591785, 0.60166
elapsed time for k point: 1 seconds.
solve_kpoint (0.468254,0.0634921,0):
Solving for bands 1 to 8...
    linmin: converged after 4 iterations.
    linmin: converged after 4 iterations.
    linmin: converged after 4 iterations.
    linmin: converged after 4 iterations.
    linmin: converged after 4 iterations.
    linmin: converged after 4 iterations.
    linmin: converged after 2 iterations.
    linmin: converged after 2 iterations.
    linmin: converged after 2 iterations.
    linmin: converged after 2 iterations.
    linmin: converged after 2 iterations.
    linmin: converged after 2 iterations.
    linmin: converged after 2 iterations.
    linmin: converged after 2 iterations.
    linmin: converged after 2 iterations.
    linmin: converged after 2 iterations.
    linmin: converged after 2 iterations.
    linmin: converged after 2 iterations.
    linmin: converged after 2 iterations.
    linmin: converged after 2 iterations.
Finished solving for bands 1 to 8 after 20 iterations.
zoddfreqs:, 60, 0.468254, 0.0634921, 0, 0.508019, 0.388973, 0.438265, 0.46917, 0.523866, 0.542732, 0.57098, 0.594918, 0.609991
elapsed time for k point: 0 seconds.
solve_kpoint (0.47619,0.047619,0):
Solving for bands 1 to 8...
    linmin: converged after 4 iterations.
    linmin: converged after 4 iterations.
    linmin: converged after 4 iterations.
    linmin: converged after 4 iterations.
    linmin: converged after 4 iterations.
    linmin: converged after 4 iterations.
    linmin: converged after 2 iterations.
    linmin: converged after 2 iterations.
    linmin: converged after 2 iterations.
    linmin: converged after 2 iterations.
    linmin: converged after 2 iterations.
    linmin: converged after 2 iterations.
    linmin: converged after 2 iterations.
    linmin: converged after 2 iterations.
    linmin: converged after 2 iterations.
    linmin: converged after 2 iterations.
    linmin: converged after 2 iterations.
    linmin: converged after 2 iterations.
    linmin: converged after 2 iterations.
    linmin: converged after 2 iterations.
    linmin: converged after 2 iterations.
    linmin: converged after 2 iterations.
    linmin: converged after 2 iterations.
    linmin: converged after 2 iterations.
    linmin: converged after 2 iterations.
Finished solving for bands 1 to 8 after 25 iterations.
zoddfreqs:, 61, 0.47619, 0.047619, 0, 0.524531, 0.394956, 0.433363, 0.471087, 0.538789, 0.549206, 0.570481, 0.595917, 0.619172
elapsed time for k point: 1 seconds.
solve_kpoint (0.484127,0.031746,0):
Solving for bands 1 to 8...
    linmin: converged after 4 iterations.
    linmin: converged after 4 iterations.
    linmin: converged after 3 iterations.
    linmin: converged after 4 iterations.
    linmin: converged after 4 iterations.
    linmin: converged after 4 iterations.
    linmin: converged after 4 iterations.
    linmin: converged after 4 iterations.
    linmin: converged after 3 iterations.
    linmin: converged after 3 iterations.
    linmin: converged after 4 iterations.
    linmin: converged after 4 iterations.
    linmin: converged after 4 iterations.
    linmin: converged after 2 iterations.
    linmin: converged after 2 iterations.
    linmin: converged after 2 iterations.
    linmin: converged after 2 iterations.
    linmin: converged after 2 iterations.
    linmin: converged after 2 iterations.
    linmin: converged after 2 iterations.
    linmin: converged after 2 iterations.
    linmin: converged after 2 iterations.
    linmin: converged after 2 iterations.
    linmin: converged after 2 iterations.
    linmin: converged after 2 iterations.
    linmin: converged after 2 iterations.
Finished solving for bands 1 to 8 after 26 iterations.
zoddfreqs:, 62, 0.484127, 0.031746, 0, 0.541624, 0.400581, 0.428476, 0.472513, 0.553453, 0.555325, 0.569957, 0.595299, 0.620991
elapsed time for k point: 1 seconds.
solve_kpoint (0.492063,0.015873,0):
Solving for bands 1 to 8...
    linmin: converged after 4 iterations.
    linmin: converged after 3 iterations.
    linmin: converged after 4 iterations.
    linmin: converged after 4 iterations.
    linmin: converged after 4 iterations.
    linmin: converged after 2 iterations.
    linmin: converged after 2 iterations.
    linmin: converged after 2 iterations.
    linmin: converged after 2 iterations.
    linmin: converged after 2 iterations.
    linmin: converged after 2 iterations.
    linmin: converged after 2 iterations.
    linmin: converged after 2 iterations.
    linmin: converged after 2 iterations.
    linmin: converged after 2 iterations.
Finished solving for bands 1 to 8 after 15 iterations.
zoddfreqs:, 63, 0.492063, 0.015873, 0, 0.559247, 0.405328, 0.42416, 0.473389, 0.55836, 0.566286, 0.573218, 0.594246, 0.605751
elapsed time for k point: 1 seconds.
solve_kpoint (0.5,0,0):
Solving for bands 1 to 8...
    linmin: converged after 4 iterations.
    linmin: converged after 4 iterations.
    linmin: converged after 4 iterations.
    linmin: converged after 4 iterations.
    linmin: converged after 2 iterations.
    linmin: converged after 2 iterations.
    linmin: converged after 2 iterations.
    linmin: converged after 2 iterations.
    linmin: converged after 2 iterations.
    linmin: converged after 2 iterations.
    linmin: converged after 2 iterations.
Finished solving for bands 1 to 8 after 11 iterations.
zoddfreqs:, 64, 0.5, 0, 0, 0.57735, 0.407526, 0.422106, 0.473684, 0.55989, 0.567239, 0.585379, 0.591986, 0.593774
elapsed time for k point: 0 seconds.
Band 1 range: 0.0 at #(0.0 0.0 0.0) to 0.407525720359911 at #(0.5 0.0 0.0)
Band 2 range: 0.24311120593312288 at #(0.0 0.0 0.0) to 0.4503641274508095 at #(0.38095238095238104 0.0 0.0)
Band 3 range: 0.24311525392895386 at #(0.0 0.0 0.0) to 0.4736844905554151 at #(0.5 0.0 0.0)
Band 4 range: 0.4275407414156919 at #(0.0 0.0 0.0) to 0.5598901777966229 at #(0.5 0.0 0.0)
Band 5 range: 0.4275728469275824 at #(0.0 0.0 0.0) to 0.5672389296914421 at #(0.5 0.0 0.0)
Band 6 range: 0.5109160452020608 at #(0.23809523809523808 0.23809523809523808 0.0) to 0.5853793068797342 at #(0.5 0.0 0.0)
Band 7 range: 0.5481941768892833 at #(0.023809523809523808 0.0 0.0) to 0.5959174472785356 at #(0.4761904761904761 0.047619047619047616 0.0)
Band 8 range: 0.5625227051993731 at #(0.0 0.0 0.0) to 0.6209913442233578 at #(0.4841269841269841 0.031746031746031744 0.0)
total elapsed time for run: 34 seconds.
done.

------------------------------------------------------------
Sender: LSF System <lsfadmin@hpc.dtu.dk>
Subject: Job 24274036: <simulation_slab_unoptimized> in cluster <dcc> Done

Job <simulation_slab_unoptimized> was submitted from host <gbarlogin2> by user <s232699> in cluster <dcc> at Tue Mar  4 19:28:00 2025
Job was executed on host(s) <16*n-62-27-12>, in queue <fotonano>, as user <s232699> in cluster <dcc> at Tue Mar  4 19:28:01 2025
                            <16*n-62-27-15>
</zhome/2f/7/202918> was used as the home directory.
</zhome/2f/7/202918/phc_nzi/simulations/simulation_slab_unoptimized> was used as the working directory.
Started at Tue Mar  4 19:28:01 2025
Terminated at Tue Mar  4 19:29:14 2025
Results reported at Tue Mar  4 19:29:14 2025

Your job looked like:

------------------------------------------------------------
# LSBATCH: User input
#!/bin/bash
#BSUB -J simulation_slab_unoptimized
#BSUB -q fotonano
#BSUB -n 32
#BSUB -W 24:00
#BSUB -R "rusage[mem=4GB]"
#BSUB -R "span[block=8]"
#BSUB -oo simulation_slab_unoptimized.out
#BSUB -eo simulation_slab_unoptimized.err

source /dtu/sw/dcc/dcc-sw.bash && module load mpb/1.11.1 && mpirun -np $LSB_DJOB_NUMPROC mpb-mpi r1=0.2 r2=0.3 simulation_slab_unoptimized.ctl
------------------------------------------------------------

Successfully completed.

Resource usage summary:

    CPU time :                                   2075.67 sec.
    Max Memory :                                 3578 MB
    Average Memory :                             2391.67 MB
    Total Requested Memory :                     131072.00 MB
    Delta Memory :                               127494.00 MB
    Max Swap :                                   -
    Max Processes :                              37
    Max Threads :                                651
    Run time :                                   131 sec.
    Turnaround time :                            74 sec.

The output (if any) is above this job summary.



PS:

Read file <simulation_slab_unoptimized.err> for stderr output of this job.

