,freq,T_total,T_zeroth,n_m0,n_dd,m,eps_real,eps_imag,mu_real,mu_imag
0,0.5015,0.13004374333388002,0.06712851086445747,0.17328095084703324,-1.8207369953144823,-1,-5.281628407898103,10.541910425668803,-0.24197133736696597,-0.17421333892572297
1,0.50155005005005,0.13077583216871042,0.06735799644885579,0.17397865590382322,-1.8198403057336232,-1,-5.373408300198821,10.611162815809106,-0.239931030288647,-0.1718839770749204
2,0.5016001001001,0.13151100495243498,0.06758763651049693,0.17469696889171812,-1.8189230479313219,-1,-5.467734866184043,10.680296877639586,-0.23790856550509218,-0.1695503014561488
3,0.5016501501501501,0.13224925440653934,0.06781742004747479,0.17543657757909797,-1.8179845341273124,-1,-5.5646773616527465,10.749257908879827,-0.2359040010508632,-0.16721234392604267
4,0.5017002002002001,0.13299057289569005,0.06804733591688894,0.17619819025839792,-1.8170240560172795,-1,-5.6643062047914485,10.81798706347225,-0.23391740142449982,-0.164870138575542
5,0.5017502502502502,0.1337349524239043,0.06827737283562192,0.17698253630472408,-1.81604088421424,-1,-5.766692879054744,10.886421095585229,-0.23194883773092978,-0.16252372206431853
6,0.5018003003003002,0.13448238462716236,0.06850751937834743,0.17779036672099705,-1.815034267703403,-1,-5.871909818047336,10.954492092453169,-0.22999838781320303,-0.16017313397194932
7,0.5018503503503503,0.13523286076708813,0.06873776397639735,0.17862245467298352,-1.8140034333071344,-1,-5.980030270073394,11.022127195788002,-0.22806613637988005,-0.1578184171749793
8,0.5019004004004003,0.13598637172486017,0.06896809491712919,0.17947959601153476,-1.8129475851627215,-1,-6.09112814027803,11.089248311958894,-0.2261521751292376,-0.1554596182483011
9,0.5019504504504504,0.1367429079955718,0.0691985003428825,0.18036260977453938,-1.8118659042204175,-1,-6.205277807941475,11.155771811708162,-0.2242566028633516,-0.15309678789329045
10,0.5020005005005005,0.13750245968137387,0.06942896825003578,0.18127233866122916,-1.8107575477691389,-1,-6.3225539164482125,11.221608220067857,-0.22237952559170832,-0.15072998139362312
11,0.5020505505505505,0.13826501648586714,0.06965948648814062,0.18220964947894372,-1.809621648989699,-1,-6.4430311331978345,11.286661897273051,-0.22052105662459623,-0.14835925909946673
12,0.5021006006006006,0.13903056770797617,0.06989004275937133,0.183175433549969,-1.808457316547968,-1,-6.566783876539047,11.350830712087745,-0.21868131665124046,-0.14598468694299696
13,0.5021506506506506,0.13979910223601563,0.07012062461745608,0.1841706070733417,-1.8072636342330712,-1,-6.693886006661568,11.414005709114539,-0.21686043380026074,-0.14360633698600722
14,0.5022007007007007,0.14057060854197967,0.07035121946741012,0.18519611143331596,-1.8060396606489209,-1,-6.824410477289749,11.47607077191403,-0.21505854368167598,-0.1412242880006236
15,0.5022507507507507,0.14134507467534269,0.07058181456447936,0.18625291344379225,-1.8047844289697879,-1,-6.958428944846812,11.536902284584736,-0.21327578940279937,-0.13883862608379713
16,0.5023008008008008,0.1421224882579597,0.07081239701406972,0.1873420055208671,-1.8034969467677509,-1,-7.0960113315294295,11.596368794314236,-0.21151232156091518,-0.13644944530899417
17,0.5023508508508508,0.14290283647774357,0.07104295377082734,0.18846440576927054,-1.802176195926261,-1,-7.237225338955368,11.654330678775944,-0.20976829820092693,-0.1340568484127055
18,0.5024009009009008,0.1436861060834556,0.07127347163854056,0.18962115797258006,-1.8008211326499266,-1,-7.3821359087498415,11.71063982201469,-0.20804388474057353,-0.1316609475184465
19,0.5024509509509509,0.1444722833794575,0.07150393726951781,0.19081333147259968,-1.7994306875851325,-1,-7.530804626455662,11.765139303885453,-0.20633925385279728,-0.1292618649000734
20,0.5025010010010009,0.1452613542191406,0.07173433716446471,0.19204202092379055,-1.7980037660656132,-1,-7.683289065762743,11.817663108169997,-0.2046545853052215,-0.12685973377849266
21,0.502551051051051,0.14605330400158384,0.07196465767208347,0.1933083459061952,-1.7965392484995246,-1,-7.839642069136676,11.868035856123603,-0.2029900657443863,-0.12445469916276282
22,0.502601101101101,0.1468481176644143,0.07219488498905906,0.19461345038069897,-1.7950359909141869,-1,-7.999910962938416,11.916072572013967,-0.20134588842679144,-0.12204691871920058
23,0.5026511511511511,0.14764577967973172,0.07242500515948119,0.1959585019671971,-1.793492825677912,-1,-8.16413670366119,11.961578489335578,-0.19972225288205747,-0.11963656368144102
24,0.5027012012012011,0.14844627404860927,0.07265500407567119,0.19734469102845212,-1.7919085624161522,-1,-8.332352953896635,12.004348906261068,-0.1981193645079047,-0.1172238197915745
25,0.5027512512512512,0.1492495842964609,0.07288486747723305,0.1987732295359981,-1.7902819891455912,-1,-8.50458508680659,12.044169100845796,-0.19653743408390537,-0.11480888827094725
26,0.5028013013013013,0.15005569346794925,0.0731145809516616,0.20024534970042315,-1.7886118736438632,-1,-8.680849118841845,12.080814316714521,-0.1949766772009713,-0.11239198681804599
27,0.5028513513513513,0.15086458412236897,0.07334412993425937,0.20176230234129136,-1.786896965079633,-1,-8.861150571785082,12.114049831600786,-0.1934373135953618,-0.10997335062745546
28,0.5029014014014014,0.1516762383289366,0.07357349970842152,0.2033253549753357,-1.7851359959243982,-1,-9.04548326652949,12.143631121698169,-0.19191956638050978,-0.10755323342393865
29,0.5029514514514514,0.1524906376622818,0.07380267540590164,0.20493578959979403,-1.7833276841691597,-1,-9.23382805254286,12.16930413587183,-0.1904236611679386,-0.1051319085062492
30,0.5030015015015015,0.15330776319799425,0.07403164200696848,0.20659490014846085,-1.7814707358683635,-1,-9.426151479222876,12.190805694464816,-0.18894982506864594,-0.10270966978999993
31,0.5030515515515515,0.1541275955083948,0.0742603843409419,0.20830398959772103,-1.779563848033871,-1,-9.622404417406917,12.207864027990158,-0.18749828556742187,-0.10028683284039144
32,0.5031016016016016,0.15495011465813402,0.07448888708663826,0.2100643667026268,-1.7776057118988815,-1,-9.822520641861637,12.220199471335011,-0.18606926926274675,-0.09786373588328069
33,0.5031516516516515,0.15577530020020744,0.07471713477275631,0.2118773423417981,-1.7755950165730305,-1,-10.026415388544867,12.227525329286046,-0.1846630004630354,-0.09544074078118878
34,0.5032017017017016,0.15660313117237093,0.07494511177851601,0.2137442254561959,-1.7735304531036171,-1,-10.233983903422535,12.2295489283569,-0.18327969963649043,-0.09301823395901312
35,0.5032517517517517,0.1574335860922483,0.07517280233437447,0.21566631856661508,-1.7714107189581114,-1,-10.44510000319751,12.225972869432933,-0.18191958170674796,-0.09059662726158897
36,0.5033018018018017,0.15826664295465195,0.07540019052255457,0.2176449128600116,-1.7692345229378281,-1,-10.659614671501753,12.21649649409582,-0.18058285419177048,-0.08817635872668729
37,0.5033518518518518,0.1591022792273889,0.07562726027795351,0.21968128284130573,-1.7670005905261201,-1,-10.877354718187513,12.200817575113623,-0.17926971518555485,-0.08575789324966514
38,0.5034019019019018,0.15994047184795424,0.07585399538890392,0.22177668054969465,-1.7647076696720703,-1,-11.098121532582912,12.178634239101967,-0.17798035118149047,-0.08334172312035266
39,0.5034519519519519,0.16078119721996256,0.07608037949799476,0.2239323293500838,-1.7623545369990554,-1,-11.321689965303362,12.149647125153894,-0.17671493474258,-0.08092836840672436
40,0.5035020020020019,0.16162443121014755,0.07630639610325697,0.2261494173142921,-1.7599400044235465,-1,-11.547807376230905,12.113561778884705,-0.17547362202456604,-0.07851837716178542
41,0.503552052052052,0.16247014914492472,0.07653202855886973,0.22842909021849409,-1.7574629261576606,-1,-11.776192889189883,12.070091275707101,-0.17425655016113364,-0.07611232542594862
42,0.5036021021021021,0.16331832580766079,0.07675726007648667,0.2307724441931967,-1.7549222060591894,-1,-12.00653689523047,12.018959060582164,-0.17306383452796903,-0.07371081700213435
43,0.5036521521521521,0.16416893543554087,0.07698207372625993,0.23318051807100834,-1.7523168052838267,-1,-12.238500848232373,11.959901984434964,-0.17189556590089158,-0.07131448297394118
44,0.5037022022022022,0.16502195171705114,0.07720645243799773,0.23565428549242248,-1.7496457501793852,-1,-12.471717395547856,11.892673509178893,-0.17075180753340757,-0.06892398094434332
45,0.5037522522522522,0.1658773477890987,0.07743037900280575,0.23819464683914138,-1.746908140352475,-1,-12.705790885112707,11.817047044881898,-0.1696325921809538,-0.06653999397121077
46,0.5038023023023023,0.16673509623476315,0.07765383607368553,0.24080242107712874,-1.7441031568254481,-1,-12.94029828726183,11.732819373897872,-0.1685379191022304,-0.06416322917749645
47,0.5038523523523523,0.16759516908061797,0.07787680616769739,0.24347833760545243,-1.7412300701875583,-1,-13.174790563817224,11.639814107503446,-0.16746775107898074,-0.061794416020085514
48,0.5039024024024024,0.16845753779519895,0.07809927166692988,0.24622302821376307,-1.7382882486374789,-1,-13.40879451043033,11.537885113080284,-0.16642201149028768,-0.05943430420418896
49,0.5039524524524523,0.16932217328570937,0.07832121482031125,0.24903701926687744,-1.7352771657987254,-1,-13.641815088824295,11.426919841104977,-0.16540058149243683,-0.05708366123189311
50,0.5040025025025024,0.17018904589725936,0.07854261774493305,0.2519207242362221,-1.7321964081882046,-1,-13.873338254174508,11.306842476634666,-0.16440329734754405,-0.05474326958969623
51,0.5040525525525525,0.17105812541046025,0.07876346242795881,0.25487443670891924,-1.7290456822071334,-1,-14.102834270620528,11.177616834097376,-0.16342994795611904,-0.052413923574838865
52,0.5041026026026025,0.17192938103965444,0.07898373072808504,0.2578983240057223,-1.725824820523104,-1,-14.32976149325782,11.039248913292631,-0.16248027264272827,-0.0500964257761588
53,0.5041526526526526,0.17280278143184583,0.0792034043775521,0.2609924215376632,-1.7225337877134317,-1,-14.55357057969354,10.891789034779618,-0.16155395924817156,-0.04779158323149129
54,0.5042027027027026,0.17367829466478799,0.07942246498374536,0.26415662802935463,-1.7191726850418578,-1,-14.773709078856061,10.735333476714636,-0.16065064257763242,-0.045500203289861124
55,0.5042527527527527,0.1745558882460571,0.07964089403127597,0.2673907017260821,-1.7157417542514546,-1,-14.989626328924697,10.570025542542735,-0.15976990325224918,-0.04322308921981507
56,0.5043028028028027,0.1754355291117848,0.07985867288381937,0.27069425769094524,-1.712241380267485,-1,-15.200778582290075,10.396055999236273,-0.1589112670056818,-0.04096103560921099
57,0.5043528528528528,0.17631718362586318,0.08007578278628677,0.27406676628258214,-1.7086720927196777,-1,-15.406634262594325,10.213662839412676,-0.1580742044624387,-0.03871482361136434
58,0.5044029029029029,0.17720081757890363,0.08029220486668023,0.2775075528816353,-1.7050345662157622,-1,-15.606679249108627,10.02313033743742,-0.15725813142435333,-0.036485216099409135
59,0.5044529529529529,0.17808639618769465,0.08050792013842793,0.281015798913793,-1.7013296193184275,-1,-15.800422076884223,9.824787388043593,-0.15646240968496533,-0.03427295279481694
60,0.504503003003003,0.17897388409488688,0.08072290950256458,0.28459054418998214,-1.6975582122051265,-1,-15.987398938310314,9.619005136534522,-0.15568634837979348,-0.03207874544025245
61,0.504553053053053,0.17986324536809317,0.08093715374987724,0.2882306905559634,-1.6937214430184846,-1,-16.1671783732311,9.40619393058043,-0.15492920586857684,-0.029903273088179663
62,0.5046031031031031,0.18075444350029832,0.08115063356337207,0.2919350068176127,-1.6898205429410158,-1,-16.33936554011132,9.186799644236649,-0.15419019213642932,-0.027747177577801884
63,0.5046531531531531,0.1816474414093982,0.0813633295206108,0.29570213487895985,-1.6858568700570862,-1,-16.503605971006078,8.961299443966741,-0.15346847168853234,-0.025611059267786285
64,0.5047032032032032,0.18254220143860012,0.08157522209627066,0.2995305970027564,-1.6818319020923422,-1,-16.6595887268472,8.730197083829513,-0.15276316690053687,-0.023495473090874616
65,0.5047532532532532,0.1834386853561125,0.08178629166427025,0.3034188040814689,-1.6777472281427226,-1,-16.80704888659819,8.494017830415535,-0.15207336177952704,-0.021400924986957982
66,0.5048033033033033,0.18433685435655334,0.08199651850097991,0.3073650647830393,-1.673604539528693,-1,-16.945769323071413,8.253303128652849,-0.15139810608181153,-0.019327868768016617
67,0.5048533533533534,0.1852366690606378,0.08220588278734628,0.31136759542121467,-1.66940561992492,-1,-17.07558174019786,8.008605124859782,-0.15073641972301835,-0.0172767034511025
68,0.5049034034034033,0.18613808951638447,0.08241436461177783,0.3154245303865307,-1.6651523349292865,-1,-17.19636696693575,7.760481165342164,-0.15008729741635127,-0.015247771094246897
69,0.5049534534534534,0.18704107519992919,0.08262194397294226,0.3195339329679162,-1.6608466212412845,-1,-17.30805452496269,7.509488385148284,-0.14944971346844543,-0.013241355150911653
70,0.5050035035035034,0.1879455850165861,0.0828286007824811,0.3236938063909459,-1.6564904756237682,-1,-17.410621506473635,7.25617849519443,-0.14882262666117413,-0.011257679354125137
71,0.5050535535535535,0.18885157730224778,0.0830343148680261,0.32790210490340976,-1.6520859438173772,-1,-17.504090815809835,7.0010928645741455,-0.1482049851507648,-0.009296907124942383
72,0.5051036036036035,0.18975900982468663,0.08323906597603804,0.3321567447447763,-1.6476351095710808,-1,-17.588528842981482,6.744757981869543,-0.14759573131658454,-0.007359141492935227
73,0.5051536536536536,0.1906678397851821,0.08344283377486454,0.3364556148467936,-1.6431400839415713,-1,-17.664042648102413,6.487681363543492,-0.14699380649746038,-0.005444425505916077
74,0.5052037037037036,0.19157802382041308,0.08364559785782284,0.34079658712839417,-1.6386029949983612,-1,-17.73077674312511,6.230347960724782,-0.14639815555919605,-0.003552743097418088
75,0.5052537537537537,0.19248951800430453,0.08384733774623689,0.34517752626346476,-1.6340259780560134,-1,-17.788909561122072,5.9732170987025155,-0.14580773124326932,-0.0016840203742684173
76,0.5053038038038038,0.19340227785028466,0.08404803289278304,0.34959629881912785,-1.6294111665358602,-1,-17.838649703532298,5.716719966752259,-0.14522149825596553,0.00016187271854418986
77,0.5053538538538538,0.1943162583135146,0.0842476626846007,0.3540507816825969,-1.6247606835391482,-1,-17.880232053396927,5.461257660235968,-0.14463843706323792,0.00198512040353336
78,0.5054039039039039,0.19523141379346562,0.08444620644667312,0.358538869713225,-1.6200766341949864,-1,-17.913913837020324,5.207199763081367,-0.14405754736685752,0.0037859587952123025
79,0.5054539539539539,0.19614769813666671,0.08464364344517712,0.3630584825762626,-1.6153610988265936,-1,-17.93997070931465,4.954883446650131,-0.14347785124439633,0.005564673393701924
80,0.505504004004004,0.1970650646394859,0.08483995289093801,0.36760757073345074,-1.6106161269607011,-1,-17.958692929176028,4.7046130512242685,-0.14289839594351827,0.007321596396933541
81,0.505554054054054,0.1979834660512215,0.08503511394284854,0.37218412058169015,-1.6058437321888857,-1,-17.97038168144332,4.456660108904684,-0.14231825632811154,0.009057103878969694
82,0.5056041041041041,0.19890285457758075,0.08522910571155758,0.3767861587466921,-1.6010458878739178,-1,-17.975345591662137,4.211263761429336,-0.14173653698083666,0.010771612879726875
83,0.5056541541541542,0.19982318188384796,0.08542190726291897,0.3814117555512133,-1.5962245236815271,-1,-17.973897469884804,3.96863152336124,-0.14115237397045427,0.012465578447885975
84,0.5057042042042041,0.20074439909873845,0.08561349762176289,0.38605902768834255,-1.5913815229071164,-1,-17.966351309601222,3.7289403398885312,-0.14056493629944664,0.014139490674859034
85,0.5057542542542542,0.20166645681820725,0.0858038557755851,0.3907261401396376,-1.5865187205576234,-1,-17.953019559089633,3.492337888934505,-0.1399734270487222,0.015793871753662394
86,0.5058043043043042,0.20258930510967074,0.08599296067838519,0.3954113073836974,-1.5816379021429492,-1,-17.93421067406483,3.25894407918582,-0.1393770842407626,0.017429273091412213
87,0.5058543543543543,0.20351289351584245,0.08618079125436788,0.40011279394706484,-1.576740803125055,-1,-17.9102269534162,3.0288526983462125,-0.13877518144395123,0.019046272501377835
88,0.5059044044044043,0.20443717105968273,0.08636732640201003,0.40482891435080093,-1.5718291089713898,-1,-17.881362653799002,2.802133169921436,-0.1381670281420456,0.02064547149337631
89,0.5059544544544544,0.20536208624882002,0.08655254499789569,0.40955803250928363,-1.5669044557560887,-1,-17.847902373848246,2.5788323807188442,-0.13755196989386384,0.022227492680145573
90,0.5060045045045044,0.20628758708041564,0.08673642590085291,0.4142985606369023,-1.5619684312532818,-1,-17.810119695020575,2.358976545999721,-0.13692938830772652,0.02379297731082764
91,0.5060545545545545,0.20721362104640154,0.08691894795580105,0.41904895771855943,-1.5570225764665884,-1,-17.768276063132017,2.142573083577255,-0.13629870085540158,0.025342582941490836
92,0.5061046046046046,0.20814013513861743,0.08710008999815551,0.4238077275970716,-1.5520683875417194,-1,-17.722619892813434,1.9296124729953241,-0.13565936054909633,0.02687698124613703
93,0.5061546546546546,0.20906707585442572,0.08727983085764322,0.42857341673021815,-1.5471073180094284,-1,-17.67338587599489,1.7200700798274744,-0.13501085550336306,0.02839685597260347
94,0.5062047047047047,0.2099943892022626,0.0874581493629697,0.4333446116641108,-1.5421407813121388,-1,-17.620794474890303,1.5139079296144629,-0.13435270840466818,0.02990290104148887
95,0.5062547547547547,0.21092202070783397,0.08763502434576763,0.4381199362714978,-1.5371701535656448,-1,-17.565051580442795,1.3110764192211355,-0.13368447590596935,0.03139581878720419
96,0.5063048048048048,0.21184991541998938,0.08781043464496771,0.44289804879546085,-1.5321967765154092,-1,-17.506348317414663,1.1115159570249735,-0.13300574796584433,0.03287631833595132
97,0.5063548548548548,0.21277801791726633,0.08798435911134712,0.44767763873835054,-1.5272219606476318,-1,-17.444860978412347,0.915158526064649,-0.13231614714820242,0.03434511411520018
98,0.5064049049049049,0.2137062723143708,0.08815677661176931,0.45245742363335384,-1.5222469884176804,-1,-17.380751070403743,0.7219291667092221,-0.13161532789617017,0.035802924488059856
99,0.5064549549549549,0.2146346222689654,0.08832766603380757,0.4572361457301741,-1.5172731175644107,-1,-17.314165458494998,0.5317473776539465,-0.13090297579414975,0.03725047050396347
100,0.506505005005005,0.2155630109887006,0.08849700629013252,0.4620125686274768,-1.5123015844777203,-1,-17.24523659341147,0.3445284355222545,-0.13017880682802477,0.03868847475771055
101,0.506555055055055,0.21649138123843914,0.08866477632323017,0.4667854738780542,-1.5073336075933859,-1,-17.17408281053474,0.16018463489767992,-0.12944256665408263,0.04011766034714038
102,0.506605105105105,0.21741967534769124,0.08883095510993971,0.4715536575945192,-1.5023703907873671,-1,-17.100808690053356,-0.021373548523277726,-0.12869402988369028,0.041538749920146424
103,0.5066551551551551,0.218347835218279,0.08899552166612001,0.4763159270782829,-1.4974131267468298,-1,-17.025505469215187,-0.2002363681735182,-0.12793299939081257,0.04295246480132282
104,0.5067052052052051,0.2192758023321932,0.08915845505137297,0.4810710974948393,-1.4924630002948622,-1,-16.94825149922704,-0.37649378632890135,-0.12715930564717676,0.04435952418834838
105,0.5067552552552552,0.22020351775970623,0.08931973437378019,0.4858179886165252,-1.4875211916477127,-1,-16.869112740688077,-0.550234519144199,-0.1263728060891385,0.04576064440861197
106,0.5068053053053052,0.2211309221676806,0.08947933879470919,0.4905554216529521,-1.482588879584362,-1,-16.788143292830767,-0.7215451428174897,-0.1255733845185952,0.04715653822611999
107,0.5068553553553553,0.22205795582811547,0.08963724753361826,0.49528221618929685,-1.4776672445082268,-1,-16.70538595294727,-0.8905092569058218,-0.12476095053949746,0.048547914189901314
108,0.5069054054054054,0.22298455862686045,0.08979343987292332,0.49999718725116726,-1.4727574713823004,-1,-16.620872803536987,-1.0572067010362953,-0.12393543903031745,0.04993547601432923
109,0.5069554554554554,0.22391067007266394,0.08994789516295505,0.5046991425160303,-1.4678607525177199,-1,-16.534625825571723,-1.2217128217945779,-0.12309680965188506,0.051319921983266244
110,0.5070055055055055,0.22483622930613034,0.0901005928267062,0.509386879690572,-1.462978290196407,-1,-16.446657537174115,-1.384097787081135,-0.12224504638867406,0.052701944369648354
111,0.5070555555555555,0.22576117510950997,0.09025151236511904,0.5140591840725821,-1.4581112991091867,-1,-16.35697165759607,-1.54442594581289,-0.12138015712178762,0.05408222886227639
112,0.5071056056056056,0.22668544591595052,0.09040063336178852,0.5187148263196162,-1.4532610085871196,-1,-16.265563796938892,-1.7027552317889438,-0.12050217322931783,0.05546145399398965
113,0.5071556556556556,0.22760897981946665,0.09054793548816012,0.5233525604428677,-1.448428664607636,-1,-16.17242217243578,-1.8591366110289522,-0.11961114921094974,0.05684029056320434
114,0.5072057057057057,0.22853171458499774,0.09069339850845376,0.527971122049103,-1.4436155315525951,-1,-16.077528352294802,-2.013613573024261,-0.11870716233119528,0.0582194010443203
115,0.5072557557557557,0.22945358765859633,0.0908370022848717,0.5325692268505339,-1.438822893698417,-1,-15.980858028184048,-2.166221666896289,-0.11779031227668067,0.059599438980605726
116,0.5073058058058058,0.23037453617793693,0.0909787267826544,0.5371455694663304,-1.4340520564145671,-1,-15.882381817319322,-2.316988084623538,-0.11686072082036744,0.06098104835632709
117,0.5073558558558559,0.23129449698291385,0.09111855207515815,0.5416988225363278,-1.4293043470498503,-1,-15.782066094796164,-2.4659312940716087,-0.11591853148700279,0.0623648629441093
118,0.5074059059059058,0.23221340662661383,0.09125645834910269,0.5462276361698195,-1.4245811154836183,-1,-15.679873856428467,-2.6130607255125287,-0.11496390921213002,0.06375150562482586
119,0.5074559559559559,0.2331312013862706,0.0913924259096346,0.5507306377506943,-1.4198837343206305,-1,-15.575765611636768,-2.7583765160113902,-0.11399703998747271,0.0651415876789681
120,0.5075060060060059,0.23404781727459947,0.09152643518558082,0.555206432119459,-1.4152135987090348,-1,-15.469700305213015,-2.9018693166659184,-0.11301813048500718,0.0665357080484972
121,0.507556056056056,0.23496319005124947,0.09165846673458085,0.5596536021522837,-1.4105721257613184,-1,-15.361636265828993,-3.043520168253897,-0.11202740765142616,0.067934452569905
122,0.507606106106106,0.23587725523447634,0.09178850124834367,0.564070709753829,-1.4059607535614838,-1,-15.251532178015278,-3.1833004511299725,-0.11102511826559994,0.06933839318020027
123,0.5076561561561561,0.2367899481129921,0.09191651955783822,0.568456297279907,-1.4013809397423855,-1,-15.139348073185397,-3.3211719154565578,-0.1100115284506318,0.0707480870987011
124,0.5077062062062062,0.23770120375800247,0.09204250263850329,0.5728088894016354,-1.3968341596215772,-1,-15.025046333902408,-3.457086797753362,-0.10898692313319891,0.07216407598885922
125,0.5077562562562562,0.2386109570354148,0.09216643161550662,0.5771269954196304,-1.3923219038871197,-1,-14.908592704258114,-3.590988029472281,-0.10795160544279085,0.07358688510515168
126,0.5078063063063063,0.2395191426183117,0.09228828776892924,0.581409112032431,-1.3878456758291537,-1,-14.789957297762687,-3.7228095427595127,-0.10690589604419175,0.07501702243194663
127,0.5078563563563563,0.24042569499948682,0.09240805253903882,0.5856537265574873,-1.3834069881189142,-1,-14.66911559280782,-3.8524766776907393,-0.10585013239735706,0.07645497782174993
128,0.5079064064064064,0.2413305485042296,0.09252570753146992,0.5898593205981861,-1.379007359141703,-1,-14.546049404413193,-3.979906694130575,-0.10478466793968332,0.07790122214181759
129,0.5079564564564564,0.24223363730326417,0.09264123452248187,0.5940243741431865,-1.3746483088975558,-1,-14.420747819821433,-4.105009389921165,-0.10370987118683331,0.0793562064387806
130,0.5080065065065065,0.24313489542584543,0.09275461546415396,0.5981473700780585,-1.3703313544896005,-1,-14.29320808450338,-4.227687825362702,-0.10262612474960837,0.08082036113203636
131,0.5080565565565565,0.24403425677298696,0.09286583248955818,0.6022267990812445,-1.3660580052280977,-1,-14.16343642445535,-4.3478391519687625,-0.10153382426575228,0.08229409524713019
132,0.5081066066066066,0.24493165513102808,0.09297486791804029,0.6062611648692977,-1.3618297573852007,-1,-14.031448790244923,-4.4653555412299575,-0.10043337724753593,0.08377779570096903
133,0.5081566566566567,0.24582702418500085,0.09308170426028811,0.61024898974898,-1.3576480886428601,-1,-13.897271508308895,-4.580125206818001,-0.09932520184686228,0.08527182665100788
134,0.5082067067067066,0.24672029753251692,0.09318632422355912,0.6141888204254885,-1.3535144522845948,-1,-13.760941825391827,-4.69203351108384,-0.09820972554263867,0.0867765289202766
135,0.5082567567567567,0.24761140869757423,0.09328871071677364,0.6180792340102735,-1.349430271187674,-1,-13.622508332949183,-4.800964144324966,-0.09708738375579797,0.08829221951001638
136,0.5083068068068067,0.24850029114457078,0.09338884685566975,0.6219188441640555,-1.3453969316801033,-1,-13.482031259645511,-4.906800362815148,-0.09595861840031655,0.08981919121136459
137,0.5083568568568568,0.24938687829245418,0.09348671596787281,0.6257063073069496,-1.3414157773304964,-1,-13.339582622037177,-5.009426269428553,-0.09482387637923897,0.09135771232568526
138,0.5084069069069068,0.25027110352899085,0.09358230159792662,0.6294403288212653,-1.3374881027452783,-1,-13.195246225688534,-5.108728118730565,-0.09368360803730783,0.0929080265034297
139,0.5084569569569569,0.25115290022516296,0.0936755875123961,0.6331196691712513,-1.3336151474489377,-1,-13.04911751183238,-5.204595626836814,-0.09253826558272239,0.09447035270794864
140,0.5085070070070069,0.2520322017496539,0.09376655770478097,0.6367431498609414,-1.3297980899261845,-1,-12.90130324752059,-5.296923265316702,-0.091388301491948,0.09604488531158796
141,0.508557057057057,0.2529089414834959,0.09385519640053139,0.6403096591523264,-1.3260380419037738,-1,-12.751921060696048,-5.385611517787021,-0.0902341669126597,0.09763179432642433
142,0.5086071071071071,0.2537830528347965,0.09394148806194447,0.6438181574675766,-1.3223360429482875,-1,-12.601098824830782,-5.470568077979609,-0.0890763100801919,0.09923122577240438
143,0.5086571571571571,0.2546544692535293,0.09402541739305097,0.6472676824024556,-1.318693055452719,-1,-12.448973901277597,-5.551708968688663,-0.08791517476348067,0.1008433021819748
144,0.5087072072072072,0.2555231242464978,0.09410696934444855,0.6506573532831657,-1.3151099600796248,-1,-12.295692250705702,-5.6289595623097854,-0.08675119875645794,0.10246812323874128
145,0.5087572572572572,0.256388951392314,0.09418612911809103,0.653986375206172,-1.3115875517213058,-1,-12.14140742806108,-5.702255485593361,-0.08558481243013309,0.10410576654491324
146,0.5088073073073073,0.2572518843564676,0.09426288217201498,0.6572540425082476,-1.3081265360297574,-1,-11.986279478105148,-5.7715433936294,-0.08441643736026042,0.10575628851062954
147,0.5088573573573573,0.25811185690650945,0.09433721422504486,0.6604597416238708,-1.3047275265592755,-1,-11.830473750809986,-5.836781600999952,-0.08324648504392902,0.10741972535581261
148,0.5089074074074074,0.2589688029272664,0.09440911126140657,0.663602953297241,-1.3013910425544386,-1,-11.674159657478059,-5.8979405612285865,-0.08207535571737934,0.10909609421381998
149,0.5089574574574575,0.2598226564361271,0.09447855953530991,0.6666832541271714,-1.2981175074052156,-1,-11.517509389499963,-5.955003189142473,-0.08090343728542257,0.11078539432428425
150,0.5090075075075075,0.260673351598363,0.0945455455754517,0.6697003174350132,-1.2949072477790438,-1,-11.360696622021164,-6.007965024312154,-0.07973110437092798,0.11248760830136673
151,0.5090575575575575,0.2615208227425191,0.09461005618947771,0.6726539134560713,-1.2917604934294076,-1,-11.203895224501956,-6.0568342372506585,-0.07855871749105535,0.11420270346302576
152,0.5091076076076075,0.2623650043758544,0.09467207846834294,0.675543908867019,-1.2886773776684313,-1,-11.047277999297435,-6.101631483436879,-0.0773866223644439,0.11593063320586541
153,0.5091576576576576,0.2632058311997796,0.09473159979065965,0.6783702656711448,-1.285657938481625,-1,-10.891015467898411,-6.142389613305729,-0.0762151493517392,0.11767133841050884
154,0.5092077077077076,0.2640432381253106,0.09478860782692483,0.681133039473782,-1.2827021202524609,-1,-10.735274722599982,-6.179153249086999,-0.07504461302941927,0.1194247488617705
155,0.5092577577577577,0.2648771602886124,0.09484309054365375,0.6838323771876724,-1.2798097760570055,-1,-10.580218358969086,-6.211978241647374,-0.07387531189495684,0.12119078466950883
156,0.5093078078078077,0.26570753306644956,0.09489503620756837,0.6864685142146159,-1.2769806704822733,-1,-10.4260035019855,-6.2409310222329015,-0.07270752820020823,0.12296935767539798
157,0.5093578578578578,0.26653429209175156,0.09494443338950229,0.6890417711578937,-1.2742144829137998,-1,-10.2727809358471,-6.2660878653669805,-0.07154152790635947,0.12476037283317133
158,0.5094079079079079,0.26735737326906994,0.0949912709684713,0.6915525501202868,-1.2715108112376263,-1,-10.120694344690438,-6.287534079750797,-0.07037756075489346,0.12656372954997985
159,0.5094579579579579,0.2681767127900833,0.09503553813534772,0.694001330648575,-1.2688691758958006,-1,-9.969879668595118,-6.3053631443585285,-0.06921586044547755,0.1283793229787634
160,0.509508008008008,0.26899224714906733,0.09507722439679193,0.6963886653848366,-1.266289024235074,-1,-9.82046457660777,-6.319675806595559,-0.06805664491237459,0.1302070452522354
161,0.509558058058058,0.269803913158331,0.09511631957885788,0.6987151754855261,-1.263769735087828,-1,-9.67256805602507,-6.330579158778302,-0.0669001166892416,0.13204678665102645
162,0.5096081081081081,0.2706116479636691,0.09515281383058406,0.7009815458680714,-1.2613106235254743,-1,-9.526300114932704,-6.338185708154008,-0.06574646335225226,0.13389843670014587
163,0.5096581581581581,0.2714153890596298,0.09518669762751818,0.7031885203421007,-1.258910945727229,-1,-9.381761593122308,-6.342612454401675,-0.0645958580312899,0.13576188518888102
164,0.5097082082082082,0.2722150743049171,0.0952179617750763,0.7053368966799413,-1.2565699039096128,-1,-9.239044074858752,-6.343979987063787,-0.0634484599785348,0.13763702311142834
165,0.5097582582582582,0.27301064193760216,0.0952465974118959,0.7074275216765327,-1.2542866512665398,-1,-9.098229895762534,-6.342411613713718,-0.062304415184530934,0.1395237435261782
166,0.5098083083083083,0.27380203059038644,0.09527259601305109,0.7094612862450007,-1.2520602968737402,-1,-8.95939223510296,-6.338032527972814,-0.061163857031653814,0.14142194233346578
167,0.5098583583583584,0.27458917930557547,0.09529594939307102,0.7114391205890822,-1.2498899105163397,-1,-8.822595284223869,-6.330969024765252,-0.06002690697583662,0.14333151897219862
168,0.5099084084084083,0.2753720275502418,0.09531664970906499,0.7133619894887172,-1.2477745274032643,-1,-8.68789448147637,-6.321347768540047,-0.05889367524779358,0.14525237703707625
169,0.5099584584584584,0.276150515231153,0.09533468946351684,0.7152308877306137,-1.245713152736676,-1,-8.555336803984577,-6.309295118603863,-0.0577642615653736,0.14718442481885793
170,0.5100085085085084,0.27692458270956605,0.09535006150718203,0.71704683570875,-1.2437047661114715,-1,-8.424961106759936,-6.294936514198546,-0.056638755850712125,0.14912757577067348
171,0.5100585585585585,0.2776941708160432,0.09536275904168989,0.718810875218507,-1.2417483257211486,-1,-8.296798499964195,-6.278395920711184,-0.05551723894413048,0.15108174890430726
172,0.5101086086086085,0.2784592208650479,0.09537277562215987,0.7205240654591042,-1.2398427723553715,-1,-8.170872755710862,-6.259795337123336,-0.05439978331054692,0.15304686912030915
173,0.5101586586586586,0.27921967466948444,0.09538010515965441,0.7221874792583305,-1.237987033175239,-1,-8.04720073632845,-6.239254363871608,-0.053286453732537334,0.15502286747660426
174,0.5102087087087087,0.2799754745550794,0.0953847419235434,0.7238021995276119,-1.2361800252582174,-1,-7.925792836751887,-6.216889829409247,-0.05217730798616596,0.15700968139999588
175,0.5102587587587587,0.2807265633746557,0.09538668054373249,0.725369315952748,-1.2344206589074038,-1,-7.806653434418657,-6.192815473071056,-0.0510723974959646,0.15900725484541323
176,0.5103088088088088,0.2814728845222521,0.09538591601277978,0.7268899219218892,-1.2327078407235483,-1,-7.6897813408219875,-6.1671416813001345,-0.04997176796638702,0.16101553840763133
177,0.5103588588588588,0.282214381947087,0.0953824436879269,0.7283651116901816,-1.2310404764404104,-1,-7.575170249631206,-6.139975273906582,-0.048875459987365824,0.16303448938996112
178,0.5104089089089089,0.28295100016738967,0.0953762592929552,0.7297959777774654,-1.2294174735270589,-1,-7.462809177023518,-6.111419336729466,-0.047783509612464185,0.165064071834722
179,0.5104589589589589,0.28368268428404514,0.09536735891997296,0.7311836085938718,-1.2278377435622776,-1,-7.352682890596975,-6.081573096928767,-0.04669594890847435,0.16710425651954014
180,0.510509009009009,0.2844093799941048,0.09535573903104874,0.7325290862862476,-1.2263002043881368,-1,-7.24477232387507,-6.050531837047204,-0.04561280647569541,0.16915502092396173
181,0.510559059059059,0.2851310336040796,0.09534139645974828,0.7338334847969371,-1.2248037820512159,-1,-7.13905497405499,-6.018386843995064,-0.044534107938853255,0.1712163491700527
182,0.5106091091091091,0.28584759204308363,0.09532432841252142,0.735097868125875,-1.2233474125405066,-1,-7.035505281181309,-5.985225389193801,-0.0434598764083879,0.17328823194080348
183,0.5106591591591592,0.2865590028757856,0.0953045324700104,0.7363232887853361,-1.2219300433326648,-1,-6.934094987449165,-5.951130736227944,-0.04239013291281417,0.17537066637970983
184,0.5107092092092091,0.2872652143151431,0.0952820065881514,0.7375107864371675,-1.2205506347547805,-1,-6.834793475767765,-5.916182172536283,-0.04132489680248532,0.17746365597462543
185,0.5107592592592592,0.2879661752349647,0.09525674909925086,0.7386613867010854,-1.2192081611760763,-1,-6.737568087101791,-5.8804550618611025,-0.04026418612575203,0.17956721042887672
186,0.5108093093093092,0.28866183518224736,0.09522875871286973,0.7397761001230592,-1.2179016120395283,-1,-6.642384416444471,-5.844020914402182,-0.03920801797839508,0.1816813455220961
187,0.5108593593593593,0.28935214438929396,0.09519803451659133,0.7408559212928244,-1.2166299927443482,-1,-6.549206587540907,-5.806947471847157,-0.038156408827343086,0.18380608296321796
188,0.5109094094094093,0.2900370537856413,0.09516457597668741,0.7419018280991364,-1.2153923253907353,-1,-6.457997506724582,-5.769298804686514,-0.03710937481005743,0.18594145023771266
189,0.5109594594594594,0.29071651500972956,0.09512838293861439,0.7429147811124402,-1.2141876493972,-1,-6.3687190964038,-5.731135419463568,-0.03606693201056604,0.18808748045093887
190,0.5110095095095095,0.2913904804203629,0.09508945562745007,0.7438957230842476,-1.2130150220011933,-1,-6.281332508895332,-5.692514373834371,-0.0350290967137036,0.19024421216923043
191,0.5110595595595595,0.2920589031078973,0.0950477946480993,0.7448455785534466,-1.2118735186527934,-1,-6.195798321406275,-5.653489397546293,-0.033995885638580275,0.1924116892601824
192,0.5111096096096096,0.29272173690526837,0.09500340098548528,0.7457652535498562,-1.2107622333111512,-1,-6.112076713052954,-5.6141110176485,-0.03296731615279017,0.19458996073342816
193,0.5111596596596596,0.29337893639866164,0.09495627600452831,0.7466556353860268,-1.209680278652691,-1,-6.030127624867821,-5.574426686458507,-0.031943406468552704,0.19677908058286644
194,0.5112097097097097,0.29403045693802665,0.09490642145003977,0.7475175925286063,-1.2086267861997433,-1,-5.949910903770218,-5.534480910988738,-0.030924175822108414,0.1989791076314535
195,0.5112597597597597,0.29467625464726455,0.09485383944646639,0.7483519745414168,-1.2076009063774702,-1,-5.871386431504362,-5.494315382721968,-0.02990964463752412,0.2011901053791099
196,0.5113098098098098,0.2953162864342093,0.09479853249751874,0.7491596120925419,-1.2066018085067747,-1,-5.79451423953881,-5.453969106771791,-0.028899834676175015,0.20341214185463458
197,0.5113598598598598,0.29595051000029315,0.0947405034856693,0.749941317018482,-1.2056286807401495,-1,-5.719254610920572,-5.413478529622649,-0.027894769173034132,0.20564528947193056
198,0.5114099099099099,0.2965788838499803,0.09467975567151997,0.750697882438964,-1.2046807299468623,-1,-5.645568170044128,-5.372877664766153,-0.026894472960814573,0.20788962489111082
199,0.51145995995996,0.2972013672999042,0.09461629269304656,0.7514300829161145,-1.2037571815537882,-1,-5.5734159612741125,-5.332198215672386,-0.025898972583126463,0.21014522888482018
200,0.51151001001001,0.29781792048775946,0.09455011856471414,0.7521386746529696,-1.2028572793468957,-1,-5.502759517318462,-5.2914696956429195,-0.024908296397447155,0.2124121862098878
201,0.51156006006006,0.2984285043807969,0.09448123767645789,0.7528243957254857,-1.201980285239237,-1,-5.433560918210221,-5.2507195441763015,-0.023922474669079454,0.2146905854848394
202,0.51161011011011,0.2990330807842207,0.09440965479255091,0.7534879663443307,-1.2011254790091583,-1,-5.365782841717323,-5.209973239576013,-0.02294153965674431,0.2169805190728154
203,0.5116601601601601,0.2996316123491371,0.09433537505037935,0.7541300891413423,-1.2002921580138386,-1,-5.29938860594221,-5.169254407580774,-0.021965525690850096,0.21928208297060145
204,0.5117102102102101,0.3002240625802778,0.09425840395898094,0.7547514494774784,-1.1994796368813434,-1,-5.234342204839213,-5.128584925880311,-0.02099446924496447,0.22159537670334364
205,0.5117602602602602,0.3008103958434103,0.09417874739761029,0.7553527157682531,-1.1986872471851837,-1,-5.170608337322737,-5.087985024418831,-0.020028409001491273,0.223920503225186
206,0.5118103103103102,0.30139057737245323,0.09409641161407586,0.7559345398238839,-1.1979143371041732,-1,-5.108152430598172,-5.047473381444381,-0.019067385911997574,0.2262575688256098
207,0.5118603603603603,0.301964573276306,0.09401140322299485,0.7564975572011086,-1.1971602710706084,-1,-5.046940658297441,-5.007067215294528,-0.01811144325292251,0.2286066830415451
208,0.5119104104104104,0.3025323505453285,0.09392372920392544,0.7570423875641754,-1.1964244294092807,-1,-4.986939953961962,-4.966782371946839,-0.017160626677224407,0.2309679585750627
209,0.5119604604604604,0.3030938770575534,0.09383339689937045,0.7575696350526856,-1.1957062079696326,-1,-4.9281180203713575,-4.926633408386787,-0.016214984262527644,0.23334151121657995
210,0.5120105105105105,0.30364912158459323,0.0937404140126767,0.7580798886543436,-1.1950050177530067,-1,-4.87044333517524,-4.886633671870096,-0.01527456655621288,0.23572745977344606
211,0.5120605605605605,0.3041980537972187,0.09364478860582165,0.7585737225807146,-1.1943202845368903,-1,-4.813885153251305,-4.8467953751750485,-0.014339426617983899,0.2381259260037066
212,0.5121106106106106,0.30474064427060127,0.09354652909704925,0.7590516966443754,-1.1936514484977625,-1,-4.758413506172114,-4.807129667953118,-0.013409620060268985,0.24053703455500175
213,0.5121606606606606,0.30527686448930363,0.09344564425843982,0.7595143566361899,-1.1929979638338206,-1,-4.703999199132172,-4.767646704298922,-0.012485205086894146,0.24296091290834557
214,0.5122107107107107,0.30580668685184154,0.09334214321331843,0.7599622347012229,-1.1923592983890638,-1,-4.650613805653924,-4.728355706668379,-0.011566242530341327,0.24539769132677364
215,0.5122607607607608,0.30633008467516887,0.09323603543364686,0.7603958497125367,-1.1917349332794993,-1,-4.598229660368269,-4.689265026283175,-0.010652795888098946,0.24784750280828988
216,0.5123108108108108,0.3068470321985033,0.0931273307371612,0.7608157076415618,-1.1911243625227705,-1,-4.546819850120573,-4.650382200154716,-0.009744931358054322,0.25031048304366593
217,0.5123608608608609,0.3073575045871114,0.0930160392845275,0.7612223019245375,-1.190527092671715,-1,-4.496358203651876,-4.61171400487487,-0.008842717873624211,0.25278677037820896
218,0.5124109109109108,0.307861477935646,0.09290217157633125,0.761616113824154,-1.1899426424527255,-1,-4.4468192800621935,-4.573266507312918,-0.007946227138607204,0.2552765057777467
219,0.5124609609609609,0.30835892927121167,0.09278573844999033,0.7619976127858792,-1.1893705424094188,-1,-4.398178356250467,-4.53504511236015,-0.007055533662126471,0.2577798327985567
220,0.5125110110110109,0.30884983655606896,0.09266675107653505,0.762367256788432,-1.188810334552168,-1,-4.350411413504345,-4.497054607863503,-0.006170714793829171,0.2602968975610718
221,0.512561061061061,0.3093341786900721,0.09254522095733231,0.762725492688054,-1.1882615720138248,-1,-4.303495123392869,-4.459299206883958,-0.005291850759588988,0.2628278487272676
222,0.512611111111111,0.3098119355127342,0.09242115992066546,0.7630727565561074,-1.1877238187121275,-1,-4.257406833103268,-4.42178258741655,-0.004419024697913309,0.2653728374815026
223,0.5126611611611611,0.3102830878050195,0.09229458011824929,0.7634094740099633,-1.187196649018807,-1,-4.212124550340515,-4.384507929700947,-0.0035523226971382487,0.26793201751476103
224,0.5127112112112112,0.31074761729078165,0.0921654940216489,0.763736060536746,-1.1866796474358465,-1,-4.167626927903967,-4.347477951251313,-0.002691833833743892,0.2705055450120371
225,0.5127612612612612,0.31120550663790797,0.09203391441858057,0.7640529218098099,-1.1861724082790048,-1,-4.1238932480335695,-4.31069493972632,-0.0018376502117981644,0.2730935786429273
226,0.5128113113113113,0.311656739459144,0.09189985440916361,0.764360453998143,-1.185674535368408,-1,-4.080903406613623,-4.274160783759613,-0.0009898670037144883,0.2756962795550079
227,0.5128613613613613,0.3121013003125906,0.0917633274020533,0.7646590440680794,-1.1851856417268436,-1,-4.038637897309098,-4.2378770018622465,-0.00014858249255064477,0.2783138113701856
228,0.5129114114114114,0.31253917470189674,0.09162434711049255,0.7649490700778412,-1.184705349285213,-1,-3.9970777956983765,-4.2018447695061,0.0006861018841835264,0.28094634018373466
229,0.5129614614614614,0.31297034907614474,0.09148292754830414,0.765230901464592,-1.1842332885954825,-1,-3.95620474346344,-4.166064944494247,0.0015140814889376642,0.2835940345658404
230,0.5130115115115115,0.31339481082942194,0.09133908302576962,0.7655048993241039,-1.183769098551012,-1,-3.91600093268365,-4.130538090713685,0.0023352484367293526,0.2862570655657865
231,0.5130615615615615,0.31381254830006433,0.09119282814544781,0.7657714166831798,-1.1833124261141363,-1,-3.8764490902796154,-4.095264500368205,0.0031494915457798913,0.2889356067184029
232,0.5131116116116116,0.31422355076963804,0.0910441777979281,0.766030798764772,-1.182862926051044,-1,-3.837532462641195,-4.060244214779281,0.003956696286137791,0.2916298340529103
233,0.5131616616616617,0.31462780846156896,0.09089314715748227,0.7662833832460323,-1.1824202606737293,-1,-3.7992348004745984,-4.02547704384105,0.004756744726092743,0.29433992610385856
234,0.5132117117117116,0.3150253125395029,0.09073975167766976,0.7665295005092928,-1.1819840995890107,-1,-3.761540343891691,-3.9909625842091376,0.005549515476373575,0.2970660639242814
235,0.5132617617617617,0.31541605510533527,0.09058400708684679,0.7667694738861829,-1.181554119454412,-1,-3.724433807766253,-3.9567002363005943,0.006334883631984975,0.2998084311008428
236,0.5133118118118117,0.31580002919700434,0.09042592938366158,0.7670036198949757,-1.1811300037408192,-1,-3.6879003673750677,-3.922689220177873,0.00711272071157009,0.30256721377088736
237,0.5133618618618618,0.31617722878592286,0.09026553483242007,0.7672322484713089,-1.1807114425017562,-1,-3.6519256443381725,-3.8889285903833697,0.007882894594256487,0.3053426006414489
238,0.5134119119119118,0.3165476487741332,0.09010283995842938,0.767455663192461,-1.1802981321491128,-1,-3.6164956928713576,-3.8554172497914045,0.00864526945383859,0.308134783009967
239,0.5134619619619619,0.31691128499122617,0.08993786154328488,0.7676741614953578,-1.1798897752351327,-1,-3.5815969863577823,-3.822153962536169,0.009399705690266316,0.3109439547868284
240,0.513512012012012,0.31726813419091815,0.08977061662008155,0.7678880348883677,-1.179486080240624,-1,-3.54721640424892,-3.789137366075475,0.010146059858247758,0.3137703125194871
241,0.513562062062062,0.3176181940473699,0.08960112246858644,0.768097569157213,-1.1790867613690437,-1,-3.513341219295551,-3.7563659824419515,0.010884184592993942,0.3166140554182775
242,0.5136121121121121,0.31796146315122586,0.08942939661034999,0.7683030445650396,-1.1786915383464287,-1,-3.479959085114805,-3.723838228734894,0.011613928532919314,0.3194753853836965
243,0.5136621621621621,0.31829794100540026,0.0892554568037835,0.7685047360468468,-1.178300136226969,-1,-3.4470580240926174,-3.69155242689917,0.012335136239218896,0.32235450703521584
244,0.5137122122122122,0.3186276280205349,0.08907932103916417,0.768702913398534,-1.177912285203956,-1,-3.4146264156212207,-3.6595068128361077,0.013047648112280723,0.3252516277415549
245,0.5137622622622622,0.3189505255103086,0.08890100753364709,0.7688978414605812,-1.1775277204261076,-1,-3.382652984672142,-3.6276995448908944,0.0137513003047088,0.32816695765222353
246,0.5138123123123123,0.31926663568629865,0.08872053472615221,0.7690897802966911,-1.17714618181892,-1,-3.351126790698136,-3.5961287117524363,0.01444592463108332,0.33110070973061495
247,0.5138623623623623,0.3195759616527965,0.08853792127231704,0.7692789853674813,-1.1767674139109818,-1,-3.320037216865912,-3.564792339807453,0.015131348474020322,0.3340530997881238
248,0.5139124124124124,0.31987850740120694,0.08835318603932099,0.7694657076993419,-1.1763911656651111,-1,-3.2893739596103844,-3.5336883999801936,0.015807394686751984,0.3370243465197414
249,0.5139624624624625,0.32017427780432145,0.08816634810074996,0.7696501940488729,-1.176017190313921,-1,-3.2591270185083396,-3.502814814092863,0.016473881491919726,0.3400146715406781
250,0.5140125125125125,0.32046327861022245,0.08797742673137154,0.7698326870626696,-1.1756452452000343,-1,-3.2292866864658007,-3.4721694607771747,0.017130622376509436,0.343024299424234
251,0.5140625625625626,0.32074551643607274,0.08778644140192285,0.7700134254330162,-1.1752750916203876,-1,-3.199843540211334,-3.4417501809649846,0.01777742598286252,0.34605345774079194
252,0.5141126126126125,0.3210209987615562,0.08759341177384944,0.770192644049385,-1.1749064946747354,-1,-3.1707884310916943,-3.4115547829869377,0.01841409599555064,0.34910237709782066
253,0.5141626626626626,0.32128973392222343,0.08739835769404337,0.7703705741460638,-1.1745392231180187,-1,-3.142112476160694,-3.3815810473032224,0.01904043102408281,0.3521712911809394
254,0.5142127127127126,0.321551731102463,0.08720129918953957,0.7705474434458883,-1.174173049216637,-1,-3.1138070495560384,-3.3518267308906653,0.019656224481218787,0.355260436796019
255,0.5142627627627627,0.3218070003283702,0.08700225646220647,0.770723476300469,-1.1738077486082172,-1,-3.0858637741560226,-3.3222895713086467,0.020261264456856554,0.35837005391219023
256,0.5143128128128127,0.3220555524603409,0.08680124988341294,0.7708988938268689,-1.1734431001649397,-1,-3.058274513510282,-3.2929672904650977,0.020855333587244285,0.3615003857057409
257,0.5143628628628628,0.3222973991854759,0.08659829998870416,0.7710739140408902,-1.173078885860248,-1,-3.0310313640350794,-3.2638575981010907,0.021438208919452525,0.3646516786050323
258,0.5144129129129129,0.32253255300979505,0.08639342747244076,0.7712487519873034,-1.1727148906386238,-1,-3.0041266474688637,-3.2349581950141975,0.022009661770912268,0.36782418233604713
259,0.5144629629629629,0.322761027250215,0.08618665318244219,0.7714236198669232,-1.1723509022885072,-1,-2.977552903577963,-3.206266776035715,0.022569457583864604,0.37101814996891586
260,0.514513013013013,0.3229828360263644,0.08597799811462016,0.7715987271608079,-1.1719867113180982,-1,-2.9513028831065284,-3.177781032779503,0.023117355774596775,0.37423383796515014
261,0.514563063063063,0.32319799425220874,0.08576748340762921,0.7717742807516803,-1.1716221108339389,-1,-2.925369540964286,-3.1494986561774314,0.023653109577179993,0.37747150622550363
262,0.5146131131131131,0.3234065176274851,0.08555513033748471,0.7719504850427242,-1.1712568964221117,-1,-2.8997460296424795,-3.1214173388139246,0.024176465881696283,0.38073141813867184
263,0.5146631631631631,0.32360842262895967,0.08534096031221165,0.7721275420738293,-1.1708908660320003,-1,-2.8744256928539595,-3.0935347770754054,0.024687165066596534,0.384013840630462
264,0.5147132132132132,0.3238037265015175,0.08512499486647494,0.7723056516355025,-1.1705238198623724,-1,-2.8494020593875202,-3.065848673124222,0.025184940825139113,0.38731904421370145
265,0.5147632632632633,0.3239924472490839,0.08490725565623558,0.7724850113804619,-1.1701555602497908,-1,-2.8246688371723336,-3.038356736711301,0.025669519985581653,0.39064730303855644
266,0.5148133133133133,0.32417460362539696,0.08468776445340416,0.7726658169331513,-1.1697858915590962,-1,-2.800219907543622,-3.0110566868363122,0.026140622325018775,0.39399889494341306
267,0.5148633633633634,0.3243502151246086,0.08446654314050613,0.77284826199718,-1.1694146200759667,-1,-2.7760493197041063,-2.983946253266257,0.02659796037656093,0.3973741015062199
268,0.5149134134134133,0.3245193019717437,0.08424361370536898,0.7730325384609104,-1.1690415539013341,-1,-2.752151285375022,-2.9570231779228493,0.027041239229682774,0.40077320809609307
269,0.5149634634634634,0.3246818851130275,0.08401899823581312,0.7732188365012006,-1.168666502847636,-1,-2.728520173629046,-2.9302852161452835,0.027470156323452517,0.4041965039254418
270,0.5150135135135134,0.3248379862060551,0.08379271891437134,0.7734073446855377,-1.1682892783366872,-1,-2.7051505059009466,-2.9037301378395832,0.02788440123243729,0.40764428210215076
271,0.5150635635635635,0.3249876276098492,0.08356479801301817,0.7735982500725548,-1.1679096932991588,-1,-2.6820369511680844,-2.877355728519703,0.02828365544499435,0.4111168396821338
272,0.5151136136136135,0.32513083237477425,0.08333525788792925,0.7737917383111024,-1.1675275620755101,-1,-2.6591743212966277,-2.8511597902494747,0.02866759213365263,0.4146144777219094
273,0.5151636636636636,0.3252676242323482,0.08310412097426527,0.7739879937379999,-1.1671427003182349,-1,-2.6365575665463297,-2.8251401424908855,0.029035875917352114,0.4181375013313105
274,0.5152137137137137,0.325398027584922,0.08287140978096856,0.7741871994744719,-1.166754924895426,-1,-2.6141817712299606,-2.7992946228664612,0.029388162615204643,0.4216862197261048
275,0.5152637637637637,0.3255220674952662,0.08263714688560661,0.7743895375215283,-1.1663640537953968,-1,-2.592042149520531,-2.7736210878400134,0.02972409899146471,0.4252609462805673
276,0.5153138138138138,0.32563976967604996,0.08240135492923471,0.7745951888542498,-1.1659699060323905,-1,-2.570134041402026,-2.748117413322474,0.03004332249140823,0.42886199857986496
277,0.5153638638638638,0.3257511604792102,0.0821640566112837,0.7748043335151206,-1.165572301553254,-1,-2.5484529087589936,-2.7227814952081877,0.030345460967762916,0.43248969847209384
278,0.5154139139139139,0.32585626688524083,0.08192527468449876,0.7750171507065604,-1.1651710611449018,-1,-2.526994331599011,-2.6976112498451794,0.03063013239731163,0.4361443721200052
279,0.5154639639639639,0.32595511649241005,0.08168503194990145,0.7752338188826982,-1.1647660063425431,-1,-2.5057540044044933,-2.6726046144456577,0.030896944587369527,0.4398263500521424
280,0.515514014014014,0.3260477375058651,0.08144335125179057,0.7754545158404662,-1.1643569593385878,-1,-2.4847277326083574,-2.647759547439209,0.031145494871647535,0.44353596721349353
281,0.5155640640640641,0.3261341587266789,0.08120025547277945,0.775679418810204,-1.1639437428920432,-1,-2.4639114291902517,-2.6230740287745595,0.03137536979520517,0.4472735630152315
282,0.5156141141141141,0.32621440954084197,0.08095576752888539,0.775908704545729,-1.1635261802384433,-1,-2.443301111388014,-2.598546060171987,0.03158614478796794,0.45103948138371125
283,0.5156641641641642,0.326288519908164,0.0807099103646444,0.7761425494141226,-1.1631040950000608,-1,-2.422892897520704,-2.574173665330276,0.03177738382644837,0.4548340708084257
284,0.5157142142142142,0.3263565203511302,0.08046270694828349,0.7763811294851859,-1.1626773110964543,-1,-2.4026830039199267,-2.5499548900924904,0.03194863908315792,0.45865768438869436
285,0.5157642642642642,0.3264184419437135,0.08021418026692738,0.7766246206207595,-1.1622456526551455,-1,-2.382667741964282,-2.5258878025718174,0.03209945056326434,0.46251067987912825
286,0.5158143143143142,0.32647431630011375,0.07996435332186447,0.7768731985639548,-1.1618089439223909,-1,-2.3628435152147804,-2.5019704932419606,0.032229345727938626,0.46639341973343784
287,0.5158643643643643,0.326524175563488,0.07971324912384634,0.7771270390283792,-1.1613670091739539,-1,-2.3432068166462487,-2.4782010749933563,0.03233783910392954,0.4703062711466541
288,0.5159144144144143,0.3265680523946214,0.07946089068844696,0.7773863177874981,-1.1609196726257456,-1,-2.3237542259725585,-2.45457768315887,0.032424431878771,0.4742496060952946
289,0.5159644644644644,0.32660597996056173,0.07920730103147036,0.7776512107641718,-1.1604667583442845,-1,-2.304482407061298,-2.4310984755100535,0.03248861148104532,0.47822380137549775
290,0.5160145145145145,0.32663799192327303,0.07895250316441155,0.7779218941205047,-1.16000809015685,-1,-2.285388105436004,-2.4077616322273756,0.03252985114508971,0.48222923863861983
291,0.5160645645645645,0.3266641224281776,0.07869652008996039,0.7781985443480722,-1.1595434915612555,-1,-2.266468145861151,-2.384565355845386,0.03254760945963809,0.4862663044243266
292,0.5161146146146146,0.32668440609279736,0.07843937479757974,0.7784813383586496,-1.1590727856351166,-1,-2.2477194300086976,-2.361507871174893,0.03254132989948028,0.4903353901906669
293,0.5161646646646646,0.32669887799527253,0.07818109025911318,0.778770453575492,-1.1585957949445758,-1,-2.2291389342025454,-2.3385874252046595,0.032510440339726596,0.4944368923409054
294,0.5162147147147147,0.3267075736629801,0.07792168942448542,0.7790660680253344,-1.1581123414522962,-1,-2.210723707237705,-2.315802286982893,0.032454352551763876,0.49857121224686857
295,0.5162647647647647,0.32671052906105136,0.07766119521742233,0.7793683604311274,-1.1576222464247337,-1,-2.192470868272928,-2.293150747481501,0.03237246168024752,0.5027387562682908
296,0.5163148148148148,0.32670778058096156,0.07739963053124856,0.7796775103056848,-1.1571253303384816,-1,-2.174377604792458,-2.2706311194429474,0.03226414570031354,0.5069399357680269
297,0.5163648648648648,0.3266993650291057,0.077137018224752,0.7799936980462784,-1.1566214127856815,-1,-2.156441170636373,-2.248241737212637,0.03212876485413238,0.5111751671224345
298,0.5164149149149149,0.32668531961537695,0.07687338111809022,0.7803171050303481,-1.156110312378309,-1,-2.138658884095646,-2.225980956556515,0.03196566106601194,0.5154448717267707
299,0.516464964964965,0.3266656819417885,0.07660874198877855,0.7806479137123538,-1.1555918466513257,-1,-2.1210281260706307,-2.20384715446634,0.031774157335103574,0.5197494759949395
300,0.516515015015015,0.3266404899910842,0.07634312356772277,0.7809863077219634,-1.1550658319644893,-1,-2.1035463382903905,-2.1818387289526573,0.03155355710477152,0.5240894113531911
301,0.516565065065065,0.3266097821154032,0.07607654853531368,0.781332471963617,-1.1545320834027877,-1,-2.086211021590756,-2.15995409882668,0.031303143607612036,0.5284651142272653
302,0.516615115115115,0.3265735970249693,0.0758090395176255,0.7816865927175997,-1.1539904146753694,-1,-2.06901973424946,-2.138191703472701,0.03102217918508749,0.5328770260222339
303,0.5166651651651651,0.3265319737767977,0.07554061908261113,0.7820488577427572,-1.153440638012825,-1,-2.0519700903761233,-2.116550002610561,0.03070990458071629,0.5373255930946504
304,0.5167152152152151,0.32648495176347436,0.07527130973642514,0.7824194563809423,-1.1528825640627438,-1,-2.0350597583556738,-2.0950274760504595,0.030365538205617576,0.541811266716054
305,0.5167652652652652,0.32643257070193343,0.07500113391976854,0.782798579663319,-1.1523160017834069,-1,-2.0182864593423693,-2.0736226234389403,0.029988275375262313,0.5463345030275116
306,0.5168153153153153,0.3263748706223292,0.07473011400433005,0.7831864204186594,-1.1517407583354917,-1,-2.0016479658046293,-2.05233396399905,0.02957728751614686,0.5508957629838537
307,0.5168653653653653,0.32631189185692516,0.07445827228927697,0.7835831733837462,-1.1511566389716692,-1,-1.9851421001169478,-2.0311600362627975,0.029131721341061942,0.5554955122873586
308,0.5169154154154154,0.32624367502905316,0.07418563099781732,0.7839890353160183,-1.1505634469239574,-1,-1.9687667331987737,-2.010099397798277,0.028650697991631745,0.5601342213095684
309,0.5169654654654654,0.3261702610421289,0.07391221227383239,0.7844042051085768,-1.1499609832887177,-1,-1.9525197831986087,-1.9891506249314503,0.02813331214663254,0.5648123650003608
310,0.5170155155155155,0.3260916910687272,0.07363803817857378,0.7848288839077165,-1.14934904690912,-1,-1.936399214221197,-1.9683123124622526,0.027578631094563637,0.5695304227834069
311,0.5170655655655655,0.32600800653972095,0.07336313068743092,0.7852632752330946,-1.148727434254979,-1,-1.920403035097684,-1.947583073377039,0.02698569376896019,0.5742888784365333
312,0.5171156156156156,0.3259192491334971,0.07308751168676443,0.7857075851007149,-1.1480959392997625,-1,-1.9045292981959738,-1.9269615385557723,0.026353509744679888,0.5790882199561984
313,0.5171656656656656,0.3258254607652399,0.07281120297081503,0.7861620221488368,-1.1474543533946906,-1,-1.8887760982716284,-1.9064463564764569,0.025681058193533283,0.5839289394043
314,0.5172157157157157,0.32572668357628287,0.07253422623866984,0.7866267977670158,-1.146802465139689,-1,-1.8731415713565738,-1.8860361929149458,0.02496728679733106,0.5888115327363622
315,0.5172657657657658,0.3256229599235591,0.07225660309130941,0.7871021262283907,-1.1461400602511054,-1,-1.8576238936859006,-1.8657297306423526,0.024211110616513702,0.5937364996091391
316,0.5173158158158158,0.32551433236911154,0.07197835502872069,0.7875882248254186,-1.1454669214259736,-1,-1.8422212806606928,-1.8455256691189859,0.02341141091231333,0.59870434316628
317,0.5173658658658659,0.32540084366969974,0.07169950344707146,0.7880853140092127,-1.1447828282026733,-1,-1.8269319858461386,-1.8254227241853316,0.022567033920360146,0.6037155698002167
318,0.5174159159159158,0.3252825367664964,0.07142006963596839,0.7885936175326536,-1.1440875568178235,-1,-1.8117543000045633,-1.8054196277511327,0.021676789573565163,0.6087706888881264
319,0.517465965965966,0.3251594547748639,0.07114007477576932,0.7891133625975191,-1.143380880059148,-1,-1.7966865501612639,-1.7855151274809489,0.02073945017189118,0.6138702125002958
320,0.5175160160160159,0.3250316409742341,0.07085953993497825,0.7896447800057199,-1.1426625671142432,-1,-1.7817270987036637,-1.7657079864785334,0.01975374899673169,0.6190146550781863
321,0.517566066066066,0.32489913879807253,0.07057848606769784,0.7901881043149598,-1.1419323834149147,-1,-1.7668743425118485,-1.7459969829680844,0.018718378867214717,0.6242045330801649
322,0.5176161161161161,0.32476199182396254,0.0702969340111656,0.7907435739989311,-1.1411900904769858,-1,-1.752126712120504,-1.7263809099742058,0.017631990635952145,0.6294403645919687
323,0.5176661661661661,0.3246202437637608,0.07001490448334301,0.7913114316123289,-1.1404354457352803,-1,-1.73748267091123,-1.7068585749993221,0.016493191621301397,0.6347226688992705
324,0.5177162162162162,0.3244739384538721,0.0697324180805794,0.791891923960872,-1.1396682023736013,-1,-1.7229407143342619,-1.6874287996992325,0.01530054397339312,0.640051966019275
325,0.5177662662662662,0.3243231198456314,0.06944949527535475,0.7924853022765906,-1.1388881091494456,-1,-1.708499369159922,-1.6680904195570965,0.014052562970780981,0.6454287761877907
326,0.5178163163163163,0.3241678319957867,0.06916615641407217,0.7930918223985721,-1.1380949102132565,-1,-1.6941571927582322,-1.6488422835552616,0.012747715244632004,0.6508536192985355
327,0.5178663663663663,0.3240081190570841,0.06888242171493668,0.7937117449594977,-1.1372883449218882,-1,-1.6799127724068377,-1.6296832538453907,0.011384416927089034,0.6563270142905125
328,0.5179164164164164,0.3238440252689837,0.06859831126588681,0.7943453355781666,-1.1364681476460796,-1,-1.6657647246264335,-1.6106122054166039,0.009961031720392284,0.6618494784794462
329,0.5179664664664664,0.32367559494847126,0.06831384502260827,0.7949928650582949,-1.135634047571658,-1,-1.6517116945437633,-1.5916280257621562,0.008475868883138069,0.6674215268285193
330,0.5180165165165165,0.32350287248097426,0.06802904280659611,0.7956546095939085,-1.1347857684941438,-1,-1.6377523552810158,-1.5727296145435696,0.0069271811298891855,0.6730436711538125
331,0.5180665665665666,0.3233259023114371,0.06774392430330593,0.7963308509815441,-1.1339230286065525,-1,-1.6238854073724485,-1.5539158832537923,0.005313162440299219,0.6787164192586594
332,0.5181166166166166,0.3231447289354613,0.06745850906035265,0.7970218768396883,-1.133045540279952,-1,-1.6101095782067798,-1.5351857548775214,0.0036319457735651587,0.6844402739916038
333,0.5181666666666667,0.32295939689059416,0.06717281648578326,0.7977279808356342,-1.1321530098366077,-1,-1.5964236214961884,-1.5165381635500577,0.0018816006840096354,0.6902157322213456
334,0.5182167167167167,0.32276995074773757,0.0668868658464184,0.7984494629201956,-1.13124513731527,-1,-1.5828263167713041,-1.497972054214334,6.013083349168416e-05,0.6960432837219312
335,0.5182667667667668,0.32257643510266165,0.06660067626624838,0.7991866295705506,-1.1303216162283265,-1,-1.56931646890189,-1.4794863822750062,-0.0018345286042410311,0.7019234099611216
336,0.5183168168168167,0.3223788945676619,0.06631426672490595,0.7999397940416283,-1.129382133310421,-1,-1.5558929076439145,-1.4610801132516715,-0.0038045136514836667,0.7078565827833462
337,0.5183668668668668,0.3221773737633275,0.06602765605619408,0.8007092766263478,-1.1284263682582085,-1,-1.5425544872121586,-1.4427522224286105,-0.005852034352313457,0.71384326297927
338,0.5184169169169168,0.3219719173104134,0.06574086294667392,0.8014954049251647,-1.1274539934608128,-1,-1.5293000858794015,-1.4245016945032027,-0.007979377720647853,0.7198838987318905
339,0.5184669669669669,0.3217625698219121,0.06545390593433702,0.8022985141252083,-1.1264646737206876,-1,-1.5161286056014112,-1.406327523231658,-0.010188910816189637,0.7259789239294535
340,0.518517017017017,0.32154937589514654,0.06516680340730845,0.8031189472895764,-1.125458065964323,-1,-1.5030389716689743,-1.388228711072563,-0.012483083953419042,0.732128756333647
341,0.518567067067067,0.3213323801040772,0.06487957360263535,0.8039570556570684,-1.124433818942511,-1,-1.4900301323863172,-1.3702042688279576,-0.014864434049228957,0.7383337955913574
342,0.5186171171171171,0.32111162699168616,0.06459223460512382,0.8048131989528822,-1.123391572919648,-1,-1.4771010587768065,-1.3522532152818831,-0.017335588114776604,0.7445944210767095
343,0.5186671671671671,0.32088716106251797,0.06430480434624322,0.8056877457106802,-1.1223309593516717,-1,-1.4642507443165982,-1.334374576836879,-0.019899266897211266,0.7509109895490022
344,0.5187172172172172,0.3206590267753363,0.06401730060308634,0.8065810736065221,-1.1212516005521258,-1,-1.4514782046962347,-1.3165673871478698,-0.022558288677062333,0.7572838326112559
345,0.5187672672672672,0.3204272685359068,0.06372974099738955,0.8074935698051197,-1.1201531093459058,-1,-1.438782477611183,-1.2988306867536723,-0.025315573227148135,0.7637132539524069
346,0.5188173173173173,0.3201919306899205,0.06344214299460489,0.8084256313189107,-1.1190350887101848,-1,-1.4261626225818416,-1.2811635227061628,-0.028174145938752743,0.7701995263548602
347,0.5188673673673674,0.31995305751604036,0.06315452390304593,0.8093776653804785,-1.117897131401995,-1,-1.413617720804117,-1.2635649481975482,-0.031137142120793517,0.7767428884472446
348,0.5189174174174174,0.3197106932190737,0.06286690087307256,0.8103500898287778,-1.116738819572002,-1,-1.4011468750310385,-1.2460340221851318,-0.034207811477786926,0.7833435411810316
349,0.5189674674674675,0.3194648819232962,0.06257929089633901,0.8113433335097409,-1.1155597243638957,-1,-1.3887492094867617,-1.2285698090143893,-0.03738952277195316,0.790001644007082
350,0.5190175175175175,0.31921566766586645,0.062291710805096684,0.8123578366917599,-1.114359405498912,-1,-1.3764238698140177,-1.2111713780404345,-0.040685768674746714,0.7967173107265115
351,0.5190675675675676,0.318963094390412,0.06200417727155371,0.8133940514966164,-1.1131374108449004,-1,-1.3641700230561042,-1.193837803247845,-0.04410017081280484,0.8034906049879332
352,0.5191176176176175,0.31870720594072616,0.06171670680728544,0.8144524423463222,-1.111893275969485,-1,-1.351986857675135,-1.176568162869904,-0.04763648501255922,0.8103215354004601
353,0.5191676676676676,0.31844804605458965,0.061429315762696245,0.8155334864265256,-1.1106265236766562,-1,-1.339873583607296,-1.1593615390065342,-0.05129860674764672,0.8172100502296414
354,0.5192177177177176,0.3181856583577429,0.06114202032653821,0.8166376741668684,-1.1093366635264161,-1,-1.3278294323578386,-1.142217017242949,-0.055090576791922426,0.8241560316397092
355,0.5192677677677677,0.3179200863579574,0.06085483652547429,0.8177655097389777,-1.1080231913367848,-1,-1.3158536571363886,-1.1251336862680894,-0.05901658708055551,0.831159289443396
356,0.5193178178178178,0.31765137343926814,0.0605677802236987,0.8189175115724392,-1.1066855886678275,-1,-1.3039455330355068,-1.1081106374949559,-0.06308098678000257,0.8382195543160702
357,0.5193678678678678,0.31737956285631846,0.06028086712260381,0.8200942128893665,-1.105323322287087,-1,-1.2921043572539368,-1.091146964682842,-0.06728828856664679,0.8453364704279102
358,0.5194179179179179,0.3171046977288279,0.059994112760492525,0.82129616225798,-1.1039358436160012,-1,-1.2803294493668471,-1.0742417635624908,-0.07164317511213039,0.8525095874434966
359,0.5194679679679679,0.31682682103620663,0.05970753251234596,0.8225239241655747,-1.1025225881569392,-1,-1.2686201516459994,-1.0573941314662818,-0.07615050577102969,0.8597383518333627
360,0.519518018018018,0.3165459756122793,0.05942114158963018,0.8237780796113355,-1.1010829749003825,-1,-1.2569758294316957,-1.040603166963526,-0.08081532346477216,0.8670220974380586
361,0.519568068068068,0.31626220414015005,0.05913495504015662,0.8250592267192263,-1.09961640571204,-1,-1.2453958715599422,-1.0238679695037123,-0.08564286175203471,0.874360035219167
362,0.5196181181181181,0.31597554914717857,0.05884898774797955,0.8263679813712765,-1.098122264699556,-1,-1.2338796908473249,-1.0071876390685228,-0.09063855207315079,0.8817512421268364
363,0.5196681681681681,0.3156860530001064,0.058563254433348755,0.827704977861322,-1.096599917558775,-1,-1.2224267246372635,-0.9905612758357252,-0.0958080311513858,0.889194649006677
364,0.5197182182182182,0.31539375790027085,0.05827776965269131,0.8290708695693306,-1.0950487108994111,-1,-1.2110364354105483,-0.9739879798565191,-0.1011571485296809,0.8966890274629848
365,0.5197682682682683,0.3150987058789864,0.05799254779865376,0.8304663296561217,-1.0934679715503333,-1,-1.1997083114643434,-0.9574668507500014,-0.10669197421549242,0.9042329755875573
366,0.5198183183183183,0.31480093879301035,0.057707603100170174,0.8318920517783278,-1.0918570058446,-1,-1.1884418676629387,-0.9409969874171186,-0.11241880640012304,0.9118249024566085
367,0.5198683683683684,0.31450049832016636,0.057422949622581314,0.8333487508230644,-1.090215098884791,-1,-1.1772366462645982,-0.9245774877783892,-0.11834417921100254,0.9194630112897616
368,0.5199184184184183,0.3141974259550561,0.057138601267790336,0.8348371636616848,-1.0885415137892518,-1,-1.1660922178290645,-0.9082074485395875,-0.12447487044651216,0.927145281156639
369,0.5199684684684684,0.31389176300491395,0.05685457177445697,0.8363580499217144,-1.0868354909201594,-1,-1.1550081822095046,-0.891885964989516,-0.13081790923284337,0.9348694471082454
370,0.5200185185185184,0.31358355058557935,0.05657087471823228,0.8379121927756398,-1.0850962470947354,-1,-1.1439841696345494,-0.8756121308362714,-0.13738058352970242,0.9426329785999317
371,0.5200685685685685,0.3132728296175725,0.056287523512030015,0.839500399745096,-1.083322974781055,-1,-1.1330198418842323,-0.8593850380868302,-0.1441704473985259,0.9504330560641666
372,0.5201186186186186,0.3129596408223129,0.05600453140633721,0.8411235035182602,-1.0815148412806566,-1,-1.122114893566109,-0.843203776978283,-0.15119532792967885,0.9582665454799052
373,0.5201686686686686,0.3126440247184289,0.055721911489554826,0.8427823627780968,-1.0796709879002948,-1,-1.1112690534958054,-0.8270674359672909,-0.15846333170738783,0.9661299707763108
374,0.5202187187187187,0.31232602161819695,0.05543967668837773,0.8444778630382808,-1.0777905291160164,-1,-1.100482086187856,-0.8109751017872183,-0.16598285066896595,0.9740194838973173
375,0.5202687687687687,0.3120056716241,0.055157839768212424,0.8462109174830548,-1.075872551733307,-1,-1.0897537934623374,-0.7949258595830441,-0.17376256719013375,0.9819308323434994
376,0.5203188188188188,0.3116830146254761,0.05487641333361594,0.8479824678066286,-1.073916114047686,-1,-1.079084016172174,-0.7789187931342242,-0.1818114582004076,0.989859323998321
377,0.5203688688688688,0.311358090295319,0.054595409828786585,0.8497934850465563,-1.0719202450113359,-1,-1.0684726360572534,-0.7629529851794556,-0.19013879809879888,0.997799789035736
378,0.5204189189189189,0.3110309380871345,0.05431484153806196,0.8516449704049083,-1.0698839434119232,-1,-1.0579195777298178,-0.7470275178558756,-0.19875416020407438,1.0057465386991926
379,0.5204689689689689,0.3107015972319654,0.054034720586474,0.8535379560494836,-1.0678061770713931,-1,-1.0474248107967428,-0.7311414732698754,-0.20766741643005898,1.0136933207346506
380,0.520519019019019,0.3103701067354815,0.05375505894030882,0.8554735058863766,-1.0656858820733968,-1,-1.0369883521224177,-0.7152939342156054,-0.21688873482943932,1.0216332712573808
381,0.5205690690690691,0.3100365053751924,0.053475868407719215,0.8574527162933165,-1.0635219620299552,-1,-1.0266102682370761,-0.699483985062269,-0.22642857459336124,1.0295588628300636
382,0.5206191191191191,0.30970083169777246,0.0531971606393478,0.8594767168017776,-1.0613132873993498,-1,-1.0162906778928182,-0.6837107128308193,-0.2362976780335255,1.0374618485344833
383,0.5206691691691692,0.30936312401647287,0.052918947128985296,0.8615466707137528,-1.059058694869345,-1,-1.0060297547697101,-0.6679732084846556,-0.24650705900315387,1.0453332018268129
384,0.5207192192192192,0.3090234204086633,0.052641239214256966,0.8636637756366623,-1.056756986822284,-1,-0.9958277303329195,-0.6522705684619201,-0.2570679871348283,1.0531630519824748
385,0.5207692692692693,0.3086817587134385,0.05236404807732957,0.865829263917917,-1.0544069309005208,-1,-0.9856848968389579,-0.6366018964773894,-0.2679919671877099,1.0609406149615037
386,0.5208193193193192,0.3083381765293658,0.05208738474565181,0.8680444029570057,-1.0520072596943382,-1,-0.9756016104887667,-0.620966305628543,-0.2792907126981575,1.0686541195599295
387,0.5208693693693693,0.30799271121229915,0.05181126009270789,0.8703104953705321,-1.0495566705769053,-1,-0.965578294720786,-0.6053629208400723,-0.290976113023773,1.0762907287628185
388,0.5209194194194193,0.30764539987330874,0.05153568483880919,0.8726288789815173,-1.0470538257149802,-1,-0.9556154436355947,-0.5897908816873512,-0.3030601927532868,1.0838364562792298
389,0.5209694694694694,0.3072962793767022,0.05126066955189285,0.8750009266007113,-1.0444973522875938,-1,-0.9457136255380103,-0.5742493456402571,-0.31555506233123853,1.0912760783267414
390,0.5210195195195195,0.3069453863381394,0.0509862246483565,0.8774280455628808,-1.0418858429497662,-1,-0.9358734865796704,-0.5587374917749441,-0.3284728586107712,1.0985930408422455
391,0.5210695695695695,0.30659275712284356,0.05071236039390845,0.8799116769765458,-1.0392178565827672,-1,-0.9260957544774983,-0.543254525002221,-0.3418256739089442,1.1057693624370968
392,0.5211196196196196,0.3062384278438975,0.05043908690443232,0.8824532946401732,-1.0364919193779234,-1,-0.9163812422783316,-0.5277996808663736,-0.3556254719921965,1.1127855335879504
393,0.5211696696696696,0.3058824343606425,0.050166414146886724,0.8850544035720841,-1.0337065263067116,-1,-0.9067308521308479,-0.5123722309706663,-0.36988398927428173,1.1196204127709997
394,0.5212197197197197,0.3055248122771571,0.04989435194021012,0.8877165380954256,-1.0308601430357855,-1,-0.8971455790174232,-0.49697148908850614,-0.3846126193664431,1.1262511205091712
395,0.5212697697697697,0.3051655969408229,0.04962290995625254,0.8904412594127747,-1.0279512083523752,-1,-0.8876265143876441,-0.4815968180220195,-0.39982227898854106,1.1326529326190629
396,0.5213198198198198,0.3048048234409824,0.04935209772071911,0.893230152598583,-1.024978137171837,-1,-0.878174849622324,-0.46624763726986324,-0.415523253140024,1.1387991743228532
397,0.5213698698698699,0.30444252660768295,0.04908192461413896,0.8960848229303364,-1.021939324206499,-1,-0.868791879243949,-0.45092343156781745,-0.43172501735013513,1.1446611173364178
398,0.5214199199199199,0.30407874101049753,0.04881239987284272,0.8990068914729632,-1.0188331483812505,-1,-0.859479003772231,-0.4356237603619462,-0.44843603479828775,1.1502078825667548
399,0.52146996996997,0.3037135009574239,0.04854353258995632,0.9019979898240805,-1.0156579780882948,-1,-0.8502377321069152,-0.42034826827223926,-0.46566352613023865,1.1554063516514563
400,0.52152002002002,0.3033468404938867,0.04827533171641953,0.9050597539219293,-1.0124121773792165,-1,-0.8410696832999837,-0.4050966965972853,-0.4834132099232018,1.1602210912549151
401,0.5215700700700701,0.3029787934017849,0.048007806062004665,0.9081938168130789,-1.0090941131972753,-1,-0.8319765875578407,-0.3898688959001274,-0.5016890119983075,1.164614294797703
402,0.52162012012012,0.30260939319865093,0.04774096429636249,0.9114018002733112,-1.005702163756522,-1,-0.8229602862924854,-0.3746648397032589,-0.520492742172144,1.1685457471290948
403,0.5216701701701701,0.3022386731368624,0.04747481495007143,0.9146853051745372,-1.0022347281748827,-1,-0.814022731015701,-0.3594846392993484,-0.5398237376246542,1.171972818545415
404,0.5217202202202201,0.3018666662029338,0.04720936641570581,0.9180459004918956,-0.9986902374670591,-1,-0.8051659808479762,-0.3443285596624621,-0.559678472867925,1.1748504954814767
405,0.5217702702702702,0.3014934051168912,0.04694462694891173,0.92148511085161,-0.9950671669966717,-1,-0.7963921983889398,-0.3291970364104067,-0.580050137385123,1.1771314561240322
406,0.5218203203203203,0.3011189223317078,0.046680604669498964,0.9250044025304459,-0.9913640504768041,-1,-0.7877036436761081,-0.3140906937323963,-0.600928183399162,1.178766200059196
407,0.5218703703703703,0.3007432500328237,0.04641730756254136,0.9286051678349495,-0.987579495590763,-1,-0.779102665939528,-0.2990103631472059,-0.6222978479765339,1.1797032418008926
408,0.5219204204204204,0.300366420137702,0.046154743479482015,0.9322887078127741,-0.9837122012807505,-1,-0.7705916928479777,-0.2839571029018448,-0.6441396557910471,1.179889378560211
409,0.5219704704704704,0.29998846429550835,0.04589292013926222,0.9360562132811234,-0.9797609767194233,-1,-0.7621732169377302,-0.2689322177564455,-0.6664289113792524,1.179270042793321
410,0.5220205205205205,0.2996094138868025,0.04563184512944304,0.9399087442005657,-0.9757247619360773,-1,-0.7538497789205216,-0.2539372788258484,-0.6891351925997569,1.1777897497706826
411,0.5220705705705705,0.2992293000233223,0.04537152590734894,0.9438472074755521,-0.9716026500161293,-1,-0.7456239475876162,-0.23897414306855969,-0.712221860203923,1.1753926494907423
412,0.5221206206206206,0.2988481535478301,0.04511196980120887,0.9478723333281507,-0.9673939107273826,-1,-0.7374982960641547,-0.22404497192611478,-0.7356456018389522,1.1720231905509677
413,0.5221706706706706,0.29846600503401804,0.04485318401131546,0.9519846504679205,-0.9630980153501546,-1,-0.7294753742262955,-0.20915224852646438,-0.759356032272238,1.1676269009258946
414,0.5222207207207207,0.2980828847864657,0.044595175611181155,0.9561844603682215,-0.9587146624009641,-1,-0.7215576771749996,-0.19429879277598325,-0.7832953749208462,1.1621512868441042
415,0.5222707707707708,0.2976988228406776,0.04433795154870828,-0.954243803843694,-0.954243803843694,0,-0.7137476097703804,-0.17948777358560036,-0.8073982525812561,1.1555468460046487
416,0.5223208208208208,0.2973138489631597,0.04408151864736154,-0.9496856712793014,-0.9496856712793014,0,-0.7060474473652995,-0.16472271740746566,-0.8315916172206795,1.1477681852063886
417,0.5223708708708709,0.29692799265155734,0.043825883607345094,-0.9450408015020629,-0.9450408015020629,0,-0.6984592930424247,-0.1500075122165645,-0.855794849366518,1.1387752251673364
418,0.5224209209209209,0.29654128313486167,0.04357105300679062,-0.9403100607109487,-0.9403100607109487,0,-0.6909850318470245,-0.13534640605832146,-0.8799200565713957,1.1285344671134165
419,0.522470970970971,0.29615374937364836,0.043317033302940594,-0.9354946665775232,-0.9354946665775232,0,-0.6836262827157007,-0.12074399931144156,-0.9038725971923631,1.117020287015178
420,0.5225210210210209,0.2957654200603939,0.04306383083334713,-0.9305962073060463,-0.9305962073060463,0,-0.6763843490205919,-0.1062052298954041,-0.927551849943381,1.1042162147308898
421,0.522571071071071,0.2953763236198229,0.04281145181706328,-0.9256166567847656,-0.9256166567847656,0,-0.66926016886399,-0.09173535078507793,-0.9508522411661824,1.0901161475278935
422,0.5226211211211211,0.2949864882093097,0.04255990235584361,-0.9205583849318799,-0.9205583849318799,0,-0.6622542664589479,-0.07733989939356112,-0.9736645305309537,1.0747254413994902
423,0.5226711711711711,0.29459594171935066,0.042309188435352175,-0.9154241623903852,-0.9154241623903852,0,-0.6553667060947109,-0.06302465863833522,-0.9958773422743155,1.0580618202178074
424,0.5227212212212212,0.2942047117740487,0.04205931592635938,-0.9102171588317267,-0.9102171588317267,0,-0.6485970502966801,-0.048795609817636545,-1.0173789137777838,1.0401560429767243
425,0.5227712712712712,0.29381282573167816,0.04181029058595573,-0.9049409342895605,-0.9049409342895605,0,-0.64194432382933,-0.034658877776403356,-1.0380590173296895,1.0210522738976862
426,0.5228213213213213,0.29342031068526747,0.041562118058756946,-0.8995994231595056,-0.8995994231595056,0,-0.6354069851412474,-0.02062066921518986,-1.0578109956363968,1.000808109385741
427,0.5228713713713713,0.29302719346325046,0.041314803878116715,-0.8941969107628622,-0.8941969107628622,0,-0.6289829067073693,-0.006687205372678533,-1.0765338385687018,0.9794942296710083
428,0.5229214214214214,0.2926335006301497,0.04106835346733776,-0.8887380026656113,-0.8887380026656113,0,-0.6226693654787471,0.007135349344390911,-1.094134219293594,0.9571936608282418
429,0.5229714714714714,0.29223925848728594,0.04082277214087805,-0.8832275872544076,-0.8832275872544076,0,-0.6164630443155975,0.02084096091909584,-1.1105284036675025,0.9340006535852107
430,0.5230215215215215,0.29184449307356375,0.04057806510556925,-0.8776707923735072,-0.8776707923735072,0,-0.6103600448671489,0.03442379940425905,-1.125643948485478,0.9100192072527838
431,0.5230715715715716,0.2914492301662718,0.04033423746182649,-0.8720729371018826,-0.8720729371018826,0,-0.6043559119012357,0.047878310558977316,-1.1394211121962896,0.8853612883098203
432,0.5231216216216216,0.2910534952819247,0.04009129420485838,-0.8664394799727971,-0.8664394799727971,0,-0.5984456686047378,0.061199283300423735,-1.1518139156407623,0.8601448116284327
433,0.5231716716716717,0.29065731367714526,0.039849240225877026,-0.8607759650942254,-0.8607759650942254,0,-0.5926238619115327,0.07438191097209347,-1.1627908091647938,0.8344914662451636
434,0.5232217217217217,0.2902607103495875,0.039608080313308515,-0.8550879677034982,-0.8550879677034982,0,-0.586884616499473,0.08742184468732173,-1.1723349244550596,0.8085244756244676
435,0.5232717717717718,0.28986371003888656,0.039367819153998306,-0.8493810406791874,-0.8493810406791874,0,-0.5812216957626775,0.10031523735899223,-1.1804439126258899,0.7823663838415562
436,0.5233218218218217,0.28946633722765364,0.03912846133442442,-0.843660663441332,-0.843660663441332,0,-0.5756285678331914,0.11305877744380292,-1.1871293923421995,0.7561369540902732
437,0.5233718718718718,0.2890686161424879,0.038890011341887576,-0.8379321945060119,-0.8379321945060119,0,-0.5700984746075118,0.12564971188378027,-1.192416051181096,0.7299512551516795
438,0.5234219219219219,0.2886705707550415,0.03865247356572763,-0.832200828740193,-0.832200828740193,0,-0.5646245017322324,0.1380858581801015,-1.1963404585213087,0.7039179962776131
439,0.5234719719719719,0.2882722247831001,0.03841585229851266,-0.8264715601041717,-0.8264715601041717,0,-0.5591996476077853,0.15036560596018522,-1.198949658101262,0.6781381530182782
440,0.523522022022022,0.28787360169169524,0.038180151737238655,-0.8207491503958682,-0.8207491503958682,0,-0.5538168896663687,0.16248790876509234,-1.2002996127283199,0.6527039076520281
441,0.523572072072072,0.2874747246942558,0.037945375984523536,-0.8150381042401628,-0.8150381042401628,0,-0.5484692464432648,0.1744522670795444,-1.2004535727773635,0.6276979097050724
442,0.5236221221221221,0.2870756167537784,0.03771152904979268,-0.8093426503161397,-0.8093426503161397,0,-0.5431498342678931,0.1862587038369957,-1.1994804348658847,0.6031928459401645
443,0.5236721721721721,0.2866763005840259,0.03747861485046961,-0.8036667285985045,-0.8036667285985045,0,-0.5378519177256433,0.19790773375523715,-1.1974531485247428,0.5792512960868537
444,0.5237222222222222,0.286276798650759,0.03724663721315314,-0.7980139832122548,-0.7980139832122548,0,-0.5325689533601751,0.2094003279040765,-1.1944472180017116,0.5559258409645497
445,0.5237722722722722,0.28587713317298635,0.037015599874800374,-0.792387760369607,-0.792387760369607,0,-0.5272946263835757,0.22073787487771257,-1.1905393347105475,0.5332593836126946
446,0.5238223223223223,0.2854773261242398,0.0367855064838953,-0.786791110770399,-0.786791110770399,0,-0.5220228804209658,0.23192213986360735,-1.1858061642883577,0.5112856413166442
447,0.5238723723723724,0.28507739923387876,0.03655636060162094,-0.7812267958026157,-0.7812267958026157,0,-0.5167479405329595,0.24295522277286027,-1.1803233015403851,0.49002976653766095
448,0.5239224224224224,0.28467737398841353,0.03632816570302384,-0.7756972968692427,-0.7756972968692427,0,-0.511464329927144,0.253839516446447,-1.174164397272483,0.4695090570930692
449,0.5239724724724725,0.2842772716328469,0.03610092517816908,-0.770204827187023,-0.770204827187023,0,-0.5061668808911232,0.2645776657859582,-1.1674004534362965,0.4497337198494715
450,0.5240225225225225,0.28387711317204684,0.03587464233330181,-0.7647513454441659,-0.7647513454441659,0,-0.5008507405575746,0.27517252848890594,-1.1600992772310503,0.4307076570730895
451,0.5240725725725726,0.2834769193721296,0.035649320391988225,-0.7593385707596167,-0.7593385707596167,0,-0.49551137215063773,0.2856271379089776,-1.1523250807472278,0.4124292498917709
452,0.5241226226226225,0.28307671076186497,0.03542496249626411,-0.7539679984526922,-0.7539679984526922,0,-0.4901445523714203,0.29594466841155226,-1.144138210226679,0.39489211864918305
453,0.5241726726726726,0.2826765076341029,0.035201571707768914,-0.7486409162005354,-0.7486409162005354,0,-0.48474636556254314,0.306128403464725,-1.1355949878055325,0.3780858449521348
454,0.5242227227227227,0.282276330047222,0.03497915100888173,-0.7433584202308084,-0.7433584202308084,0,-0.4793131952566567,0.31618170659222733,-1.1267476484395424,0.36199664473212567
455,0.5242727727727727,0.28187619782658235,0.03475770330384309,-0.738121431262704,-0.738121431262704,0,-0.4738417136649558,0.3261079952226828,-1.117644355322231,0.34660798553977284
456,0.5243228228228228,0.28147613056600057,0.03453723141987525,-0.7329307099710047,-0.7329307099710047,0,-0.46832886960632175,0.3359107173941603,-1.1083292782607297,0.3319011445321994
457,0.5243728728728728,0.2810761476292477,0.03431773810829663,-0.7277868718026075,-0.7277868718026075,0,-0.4627718753182973,0.34559333121617475,-1.0988427209671814,0.3178557062047448
458,0.5244229229229229,0.28067626815155583,0.03409922604562717,-0.7226904010225609,-0.7226904010225609,0,-0.45716819253097296,0.35515928694988597,-1.0892212848918892,0.3044500009085439
459,0.5244729729729729,0.28027651104113344,0.03388169783469035,-0.7176416639078421,-0.7176416639078421,0,-0.4515155181277683,0.36461201153790745,-1.079498058941923,0.29166148665604147
460,0.524523023023023,0.27987689498070356,0.03366515600570269,-0.7126409210408234,-0.7126409210408234,0,-0.4458117696624788,0.37395489539808685,-1.0697028261031536,0.2794670777209056
461,0.524573073073073,0.27947743842905143,0.03344960301736544,-0.7076883386824004,-0.7076883386824004,0,-0.44005507095309804,0.38319128128634583,-1.0598622795530106,0.26784342417148016
462,0.5246231231231231,0.279078159622583,0.033235041257939524,-0.702783999226265,-0.702783999226265,0,-0.4342437379279478,0.3923244550329067,-1.050000242276485,0.2567671468093883
463,0.5246731731731732,0.27867907657689356,0.03302147304632074,-0.6979279107535943,-0.6979279107535943,0,-0.4283762648618115,0.40135763795848445,-1.0401378854622578,0.2462150320909847
464,0.5247232232232232,0.2782802070883508,0.03280890063310333,-0.6931200157194028,-0.6931200157194028,0,-0.4224513111051253,0.41029398078601265,-1.0302939420494868,0.23616419154084245
465,0.5247732732732733,0.27788156873568387,0.03259732620163774,-0.6883601988115174,-0.6883601988115174,0,-0.41646768838149234,0.41913655887265183,-1.020484912727438,0.22659218998078046
466,0.5248233233233233,0.27748317888159063,0.03238675186908401,-0.6836482940292069,-0.6836482940292069,0,-0.4104243487046235,0.4278883685989696,-1.010725262467234,0.2174771466296136
467,0.5248733733733734,0.27708505467433975,0.03217717968744857,-0.6789840910319028,-0.6789840910319028,0,-0.4043203729455613,0.4365523247657661,-1.0010276063017851,0.20879781281143492
468,0.5249234234234234,0.2766872130493905,0.03196861164462757,-0.6743673408110187,-0.6743673408110187,0,-0.3981549600659608,0.44513125886090305,-0.9914028835854036,0.20053362967088292
469,0.5249734734734735,0.27628967073102045,0.031761049665427046,-0.6697977607374134,-0.6697977607374134,0,-0.39192741701901185,0.4536279180732607,-0.9818605203701888,0.19266476894487178
470,0.5250235235235234,0.27589244423395826,0.03155449561258737,-0.6652750390370528,-0.6652750390370528,0,-0.38563714931078485,0.4620449649421819,-0.9724085798531049,0.18517215950188703
471,0.5250735735735735,0.27549554986502056,0.03134895128779279,-0.660798838745179,-0.660798838745179,0,-0.37928365220594007,0.47038497754409553,-0.9630539010858079,0.17803750203422292
472,0.5251236236236236,0.2750990037247555,0.031144418432677543,-0.6563688011876354,-0.6563688011876354,0,-0.37286650255678455,0.4786504501283706,-0.9538022263161056,0.17124327398678774
473,0.5251736736736736,0.2747028217091071,0.03094089872982211,-0.651984549034936,-0.651984549034936,0,-0.36638535122973576,0.48684379412579987,-0.9446583174534688,0.16477272652705444
474,0.5252237237237237,0.2743070195110449,0.03073839380373666,-0.6476456889721643,-0.6476456889721643,0,-0.35983991610106986,0.49496733946204036,-0.9356260622346573,0.1586098751097984
475,0.5252737737737737,0.2739116126222462,0.030536905221846853,-0.6433518140248016,-0.6433518140248016,0,-0.3532299755918279,0.5030233361171762,-0.9267085707159373,0.15273948496398587
476,0.5253238238238238,0.2735166163347527,0.03033643449546242,-0.6391025055772939,-0.6391025055772939,0,-0.34655536271059645,0.5110139558808116,-0.9179082627426944,0.14714705262911973
477,0.5253738738738738,0.2731220457426371,0.03013698308074157,-0.6348973351186034,-0.6348973351186034,0,-0.33981595957321903,0.5189412942585113,-0.9092269470534111,0.14181878449254468
478,0.5254239239239239,0.2727279157436715,0.029938552379646016,-0.630735865745806,-0.630735865745806,0,-0.33301169236824135,0.5268073724921234,-0.9006658926654929,0.13674157312489482
479,0.525473973973974,0.27233424104100407,0.02974114374088778,-0.6266176534543292,-0.6266176534543292,0,-0.32614252673817795,0.534614139661529,-0.8922258931712879,0.13190297207800988
480,0.525524024024024,0.2719410361448316,0.029544758460869236,-0.622542248240501,-0.622542248240501,0,-0.31920846354709853,0.5423634748408029,-0.8839073245450597,0.1272911696938253
481,0.5255740740740741,0.2715483153740705,0.029349397784610695,-0.6185091950398114,-0.6185091950398114,0,-0.3122095350066006,0.5500571892856447,-0.8757101970302392,0.12289496237452249
482,0.5256241241241241,0.2711560928580439,0.02915506290667458,-0.6145180345221818,-0.6145180345221818,0,-0.3051458011337756,0.5576970286324096,-0.8676342016418707,0.11870372767981949
483,0.5256741741741742,0.2707643825381526,0.028961754972077623,-0.6105683037628561,-0.6105683037628561,0,-0.2980173465154967,0.5652846750931498,-0.859678751781782,0.11470739754540886
484,0.5257242242242242,0.27037319816955435,0.028769475077196852,-0.6066595368062722,-0.6066595368062722,0,-0.2908242773557228,0.5728217496327891,-0.8518430204290808,0.1108964318565287
485,0.5257742742742743,0.2699825533228413,0.028578224270664372,-0.6027912651378136,-0.6027912651378136,0,-0.2835667187831987,0.5803098141180087,-0.8441259733310954,0.10726179255936812
486,0.5258243243243242,0.2695924613857185,0.028388003554257597,-0.5989630180772447,-0.5989630180772447,0,-0.27624481239907395,0.5877503734285465,-0.8365263985864061,0.10379491845075846
487,0.5258743743743743,0.26920293556467934,0.028198813883775743,-0.5951743231055878,-0.5951743231055878,0,-0.26885871404467115,0.5951448775244099,-0.8290429329770089,0.10048770075083435
488,0.5259244244244244,0.26881398888668057,0.028010656169913023,-0.5914247061363792,-0.5914247061363792,0,-0.26140859177188713,0.6024947234629141,-0.8216740853764896,0.09733245953443129
489,0.5259744744744744,0.26842563420081456,0.02782353127912035,-0.587713691740496,-0.587713691740496,0,-0.25389462399920554,0.6098012573617434,-0.8144182575304485,0.09432192107242363
490,0.5260245245245245,0.2680378841799851,0.02763744003445832,-0.584040803332833,-0.584040803332833,0,-0.24631699783789124,0.6170657763049283,-0.8072737624784203,0.09144919611460661
491,0.5260745745745745,0.26765075132256927,0.027452383216443676,-0.5804055633282371,-0.5804055633282371,0,-0.2386759075744936,0.6242895301891727,-0.8002388408614863,0.08870775912995092
492,0.5261246246246246,0.2672642479540857,0.027268361563883774,-0.5768074932727177,-0.5768074932727177,0,-0.23097155329600066,0.6314737235097275,-0.7933116753352827,0.08609142850669724
493,0.5261746746746746,0.2668783862288617,0.02708537577470784,-0.573246113955708,-0.573246113955708,0,-0.22320413964614044,0.6386195170844639,-0.7864904032879613,0.08359434770502182
494,0.5262247247247247,0.2664931781316891,0.02690342650678313,-0.5697209455077396,-0.5697209455077396,0,-0.2153738747010938,0.6457280297165976,-0.7797731280416177,0.0812109673465127
495,0.5262747747747747,0.2661086354794789,0.026722514378727916,-0.5662315074879077,-0.5662315074879077,0,-0.20748096895506832,0.6528003397957017,-0.7731579286992263,0.07893602821890244
496,0.5263248248248248,0.26572476992291405,0.026542639970712517,-0.5627773189642129,-0.5627773189642129,0,-0.19952563440575988,0.6598374868381682,-0.7666428687815233,0.0767645451694249
497,0.5263748748748749,0.26534159294809695,0.026363803825254658,-0.5593578985899174,-0.5593578985899174,0,-0.19150808373160122,0.6668404729676596,-0.760226003784659,0.07469179185703968
498,0.5264249249249249,0.2649591158781979,0.02618600644800491,-0.5559727646781218,-0.5559727646781218,0,-0.18342852955263045,0.6738102643369751,-0.7539053877752648,0.07271328633118375
499,0.526474974974975,0.26457734987507964,0.02600924830851991,-0.5526214352765348,-0.5526214352765348,0,-0.17528718376768587,0.6807477924926614,-0.747679079127976,0.07082477740311466
500,0.526525025025025,0.2641963059409442,0.02583352984103564,-0.5493034282441344,-0.5493034282441344,0,-0.16708425696180562,0.6876539556836275,-0.7415451454995887,0.06902223177529765
501,0.5265750750750751,0.2638159949199479,0.025658851445222182,-0.5460182613307376,-0.5460182613307376,0,-0.1588199578771422,0.6945296201157801,-0.7355016681238439,0.06730182189354574
502,0.526625125125125,0.2634364274998372,0.025485213486941317,-0.5427654522606218,-0.5427654522606218,0,-0.15049449294242853,0.7013756211539547,-0.7295467455025729,0.06565991448702214
503,0.5266751751751751,0.26305761421354773,0.025312616298982467,-0.5395445188206364,-0.5395445188206364,0,-0.14210806585546246,0.708192764473304,-0.7236784965603861,0.06409305976161547
504,0.5267252252252252,0.2626795654408263,0.02514106018180287,-0.5363549789534973,-0.5363549789534973,0,-0.13366087721445796,0.7149818271614564,-0.7178950633236881,0.06259798121273671
505,0.5267752752752752,0.2623022914098309,0.024970545404250515,-0.5331963508562552,-0.5331963508562552,0,-0.1251531241935632,0.721743558773711,-0.7121946131775848,0.06117156602470014
506,0.5268253253253253,0.26192580219872064,0.024801072204282185,-0.5300681530841872,-0.5300681530841872,0,-0.11658500025901138,0.7284786823427213,-0.7065753407492582,0.059810856024786856
507,0.5268753753753753,0.26155010773725806,0.02463264078967518,-0.5269699046600143,-0.5269699046600143,0,-0.1079566949223515,0.7351878953444754,-0.7010354694608794,0.05851303916130917
508,0.5269254254254254,0.2611752178083774,0.02446525133872523,-0.5239011251881283,-0.5239011251881283,0,-0.09926839352725365,0.7418718706225857,-0.6955732527903264,0.057275441476225784
509,0.5269754754754754,0.2608011420497714,0.024298904000942687,-0.52086133497377,-0.52086133497377,0,-0.09052027706741712,0.7485312572721641,-0.6901869752745153,0.05609551954410444
510,0.5270255255255255,0.26042788995545063,0.02413359889773386,-0.5178500551465023,-0.5178500551465023,0,-0.08171252203227704,0.7551666814855145,-0.6848749532854919,0.05497085335056874
511,0.5270755755755755,0.26005547087730824,0.023969336123080973,-0.5148668077878571,-0.5148668077878571,0,-0.07284530027880252,0.7617787473606505,-0.6796355356072435,0.053899139584710626
512,0.5271256256256256,0.2596838940266814,0.023806115744207997,-0.5119111160623654,-0.5119111160623654,0,-0.06391877892630751,0.7683680376749388,-0.6744671038370287,0.05287818532108005
513,0.5271756756756757,0.25931316847586683,0.023643937802241444,-0.5089825043516887,-0.5089825043516887,0,-0.054933120272991284,0.7749351146246805,-0.6693680726335511,0.05190590206841627
514,0.5272257257257257,0.25894330315969255,0.02348280231286397,-0.5060804983912265,-0.5060804983912265,0,-0.045888481731902436,0.7814805205327156,-0.6643368898309818,0.05098030016317531
515,0.5272757757757758,0.25857430687702004,0.023322709266955864,-0.5032046254085337,-0.5032046254085337,0,-0.036785015784546245,0.7880047785252856,-0.6593720364361376,0.05009948348741457
516,0.5273258258258258,0.2582061882922791,0.02316365863123523,-0.5003544142632332,-0.5003544142632332,0,-0.027622869951084972,0.7945083931793464,-0.6544720265244534,0.049261644491562125
517,0.5273758758758759,0.25783895593696604,0.023005650348881912,-0.49752939558756587,-0.49752939558756587,0,-0.018402186775004107,0.8009918511421016,-0.6496354070480054,0.048465059503807695
518,0.5274259259259259,0.25747261821116474,0.02284868434016085,-0.49472910192732655,-0.49472910192732655,0,-0.009123103821634245,0.8074556217235758,-0.6448607575681815,0.0477080843088192
519,0.527475975975976,0.2571071833850094,0.02269276050303301,-0.4919530678823722,-0.4919530678823722,0,0.00021424631118583897,0.8139001574639302,-0.6401466899233323,0.04698914997969086
520,0.5275260260260259,0.25674265960020115,0.022537878713762283,-0.48920083024645933,-0.48920083024645933,0,0.009609735970997818,0.820325894676249,-0.6354918478414924,0.04630675894766323
521,0.527576076076076,0.25637905487146484,0.022384038827509407,-0.48647192814566625,-0.48647192814566625,0,0.019063242418547767,0.8267332539664265,-0.6308949065061867,0.04565948129546281
522,0.5276261261261261,0.2560163770880175,0.02223124067892452,-0.4837659031751687,-0.4837659031751687,0,0.028574647785908985,0.8331226407307459,-0.6263545720832902,0.0450459512606957
523,0.5276761761761761,0.25565463401502814,0.022079484082726128,-0.4810822995337544,-0.4810822995337544,0,0.03814383902631744,0.8394944456326577,-0.6218695812152866,0.044464863936629566
524,0.5277262262262262,0.25529383329506156,0.02192876883427704,-0.47842066415578255,-0.47842066415578255,0,0.04777070785603829,0.8458490450594781,-0.6174387004889972,0.043914972158518084
525,0.5277762762762762,0.2549339824495179,0.02177909471015075,-0.47578054684022414,-0.47578054684022414,0,0.05745515068903149,0.8521868015600211,-0.6130607258820212,0.04339508356430392
526,0.5278263263263263,0.25457508888006136,0.021630461468688977,-0.4731615003763643,-0.4731615003763643,0,0.06719706856527607,0.858508064264225,-0.6087344821923304,0.04290405781921542
527,0.5278763763763763,0.2542171598700362,0.021482868850556152,-0.47056308066600755,-0.47056308066600755,0,0.07699636707280816,0.8648131692853714,-0.6044588224552929,0.04244080399449337
528,0.5279264264264264,0.253860202585873,0.021336316579280472,-0.46798484684173774,-0.46798484684173774,0,0.08685295626473914,0.8711024401061953,-0.6002326273513792,0.04200427809096105
529,0.5279764764764765,0.25350422407849454,0.02119080436179427,-0.4654263613812257,-0.4654263613812257,0,0.09676675057083775,0.8773761879491151,-0.59605480460806,0.04159348069886928
530,0.5280265265265265,0.25314923128469646,0.021046331888960865,-0.4628871902171804,-0.4628871902171804,0,0.10673766870486075,0.8836347121319061,-0.5919242883982683,0.041207454785901085
531,0.5280765765765766,0.25279523102853096,0.02090289883609855,-0.4603669028429027,-0.4603669028429027,0,0.11676563356766169,0.8898783004092516,-0.5878400387380073,0.040845283605683826
532,0.5281266266266266,0.25244223002267097,0.020760504863496777,-0.4578650724133127,-0.4578650724133127,0,0.12685057214621245,0.8961072293007879,-0.5838010408852442,0.040506088719802116
533,0.5281766766766767,0.2520902348697717,0.020619149616921507,-0.4553812758412232,-0.4553812758412232,0,0.13699241540962603,0.9023217644068314,-0.5798063047415887,0.04018902812647918
534,0.5282267267267267,0.25173925206382247,0.020478832728121156,-0.4529150938889902,-0.4529150938889902,0,0.14719109820135776,0.9085221607116886,-0.5758548642587431,0.039893294489802514
535,0.5282767767767768,0.2513892879914708,0.020339553815316404,-0.45046611125523994,-0.45046611125523994,0,0.15744655912903308,0.9147086628759021,-0.5719457768506342,0.03961811346352721
536,0.5283268268268267,0.25104034893336796,0.02020131248369051,-0.4480339166569127,-0.4480339166569127,0,0.1677587404511363,0.9208815055175466,-0.5680781228127074,0.039362742103968285
537,0.5283768768768768,0.2506924410654705,0.020064108325868347,-0.4456181029063869,-0.4456181029063869,0,0.17812758796146774,0.9270409134833243,-0.5642510047491422,0.03912646736683603
538,0.5284269269269269,0.25034557046035893,0.01992794092239165,-0.44321826698390443,-0.44321826698390443,0,0.1885530508710862,0.9331871021099918,-0.5604635470089502,0.03890860468312475
539,0.5284769769769769,0.2499997430885291,0.019792809842185635,-0.44083401010518264,-0.44083401010518264,0,0.19903508168833625,0.9393202774766916,-0.5567148951315093,0.03870849660951492
540,0.528527027027027,0.249654964819678,0.01965871464301839,-0.438464937784346,-0.438464937784346,0,0.20957363609689073,0.9454406366486726,-0.553004215302166,0.0385255115490355
541,0.528577077077077,0.2493112414239799,0.019525654871955848,-0.43611065989227865,-0.43611065989227865,0,0.22016867283185468,0.9515483679127504,-0.5493306938184238,0.03835904253795247
542,0.5286271271271271,0.24896857857335528,0.01939363006580945,-0.43377079071044583,-0.43377079071044583,0,0.2308201535542818,0.9576436510051971,-0.5456935365669666,0.03820850609512253
543,0.5286771771771771,0.24862698184272095,0.019262639751575356,-0.43144494898028374,-0.43144494898028374,0,0.2415280427241477,0.9637266573323623,-0.5420919685118698,0.03807334113030511
544,0.5287272272272272,0.24828645671123784,0.019132683446870753,-0.42913275794830247,-0.42913275794830247,0,0.2522923074719553,0.969797550184571,-0.5385252331941425,0.03795300790804008
545,0.5287772772772772,0.24794700856354382,0.019003760660361208,-0.4268338454070481,-0.4268338454070481,0,0.26311291746869997,0.9758564849434764,-0.5349925922429052,0.03784698706410494
546,0.5288273273273273,0.24760864269097793,0.018875870892181814,-0.4245478437319724,-0.4245478437319724,0,0.27398984479507676,0.9819036092837305,-0.5314933248980068,0.03775477867145029
547,0.5288773773773774,0.2472713642927953,0.01874901363435412,-0.4222743899144803,-0.4222743899144803,0,0.28492306380900656,0.9879390633687267,-0.5280267275444787,0.03767590135302359
548,0.5289274274274274,0.24693517847736512,0.01862318837119447,-0.4200131255911894,-0.4200131255911894,0,0.2959125510124435,0.9939629800414224,-0.5245921132584866,0.03760989143878664
549,0.5289774774774775,0.24660009026336738,0.018498394579716734,-0.417763697069623,-0.417763697069623,0,0.30695828491705857,0.9999754850102135,-0.5211888113649497,0.03755630216453935
550,0.5290275275275275,0.2462661045809768,0.01837463173003249,-0.41552575535050734,-0.41552575535050734,0,0.31806024590877185,1.0059766970301856,-0.5178161670067368,0.03751470291025553
551,0.5290775775775776,0.24593322627302694,0.018251899285738716,-0.41329895614673284,-0.41329895614673284,0,0.32921841611181174,1.0119667280804872,-0.5144735407251725,0.03748467847578593
552,0.5291276276276276,0.24560146009618058,0.01813019670430597,-0.41108295989931565,-0.41108295989931565,0,0.34043277925145465,1.0179456835375669,-0.5111603080520104,0.03746582839188625
553,0.5291776776776776,0.2452708107220725,0.018009523437456196,-0.408877431790322,-0.408877431790322,0,0.35170332051640735,1.0239136623451413,-0.5078758591124215,0.03745776626469854
554,0.5292277277277277,0.24494128273845453,0.01788987893153698,-0.4066820417531077,-0.4066820417531077,0,0.3630300264201404,1.0298707571808015,-0.504619598239102,0.03746011915186372
555,0.5292777777777777,0.2446128806503287,0.017771262627891343,-0.40449646447991566,-0.40449646447991566,0,0.3744128846616318,1.0358170546197387,-0.5013909435971575,0.03747252696859112
556,0.5293278278278278,0.24428560888105672,0.01765367396321578,-0.40232037942699933,-0.40232037942699933,0,0.3858518839856798,1.0417526352959674,-0.4981893268196015,0.037494641922110904
557,0.5293778778778778,0.24395947177348937,0.017537112369923197,-0.40015347081754504,-0.40015347081754504,0,0.3973470140421397,1.0476775740610145,-0.4950141926533635,0.037526127972992936
558,0.5294279279279279,0.24363447359103932,0.017421577276487823,-0.39799542764237605,-0.39799542764237605,0,0.4088982652451876,1.053591940140714,-0.4918649986154795,0.03756666032192732
559,0.5294779779779779,0.2433106185187943,0.017307068107795583,-0.39584594365876696,-0.39584594365876696,0,0.4205056286315232,1.0594957972900778,-0.4887412146593449,0.03761592492066747
560,0.529528028028028,0.2429879106645849,0.0171935842854825,-0.3937047173873807,-0.3937047173873807,0,0.43216909571850726,1.065389203946692,-0.48564232285074627,0.037673618005834596
561,0.529578078078078,0.24266635406005632,0.017081125228269683,-0.3915714521075737,-0.3915714521075737,0,0.4438886583616334,1.0712722133828432,-0.48256781705349866,0.03773944565446641
562,0.5296281281281281,0.2423459526617269,0.016969690352293877,-0.3894458558511405,-0.3894458558511405,0,0.45566430861174906,1.0771448738565246,-0.4795172026244424,0.03781312336013612
563,0.5296781781781782,0.24202671035204174,0.01685927907142982,-0.38732764139471587,-0.38732764139471587,0,0.4674960385717545,1.0830072287615997,-0.47648999611765835,0.03789437562864443
564,0.5297282282282282,0.24170863094040604,0.016749890797614228,-0.3852165262508717,-0.3852165262508717,0,0.47938384025318126,1.0888593167775842,-0.47348572499744734,0.037982935592262124
565,0.5297782782782783,0.24139171816421578,0.01664152494115413,-0.3831122326580937,-0.3831122326580937,0,0.4913277054325257,1.094701172018893,-0.47050392736015906,0.038078544641623205
566,0.5298283283283283,0.24107597568988062,0.016534180911039805,-0.38101448756979467,-0.38101448756979467,0,0.503327625507125,1.1005328241839782,-0.46754415166445623,0.038180952074352605
567,0.5298783783783784,0.24076140711383218,0.016427858115247444,-0.37892302264238104,-0.37892302264238104,0,0.5153835913512277,1.1063542987046937,-0.4646059564697785,0.03828991475962247
568,0.5299284284284284,0.24044801596352341,0.01632255596103931,-0.37683757422261355,-0.37683757422261355,0,0.5274955931715359,1.1121656168957172,-0.461688910182969,0.03840519681784622
569,0.5299784784784785,0.24013580569841758,0.01621827385525654,-0.37475788333421106,-0.37475788333421106,0,0.5396636203632094,1.1179667961047972,-0.4587925908125647,0.038526569314773385
570,0.5300285285285284,0.23982477971097427,0.016115011204610594,-0.37268369566397874,-0.37268369566397874,0,0.5518876613653028,1.1237578498633556,-0.4559165857308676,0.03865380996927916
571,0.5300785785785785,0.23951494132761547,0.016012767415966658,-0.37061476154738965,-0.37061476154738965,0,0.5641677035167941,1.1295387880383103,-0.45306049144327787,0.03878670287418138
572,0.5301286286286286,0.23920629380968486,0.015911541896622836,-0.36855083595382127,-0.36855083595382127,0,0.576503732912334,1.1353096169847408,-0.45022391336493817,0.038925038229501704
573,0.5301786786786786,0.23889884035441472,0.01581133405458846,-0.36649167847150116,-0.36649167847150116,0,0.588895734258302,1.1410703396999788,-0.4474064656043066,0.03906861208751055
574,0.5302287287287287,0.2385925840958443,0.015712143298852104,-0.3644370532921574,-0.3644370532921574,0,0.6013436907293354,1.1468209559791651,-0.4446077707535105,0.03921722610907814
575,0.5302787787787787,0.23828752810578185,0.015613969039648989,-0.3623867291956279,-0.3623867291956279,0,0.6138475838247723,1.1525614625723122,-0.44182745968540926,0.03937068733072787
576,0.5303288288288288,0.23798367539469864,0.015516810688721487,-0.36034047953425963,-0.36034047953425963,0,0.6264073932259427,1.1582918533433681,-0.43906517135692863,0.03952880794197212
577,0.5303788788788788,0.23768102891267448,0.015420667659579898,-0.3582980822174073,-0.3582980822174073,0,0.639023096653409,1.1640121194310613,-0.4363205526187517,0.0396914050723782
578,0.5304289289289289,0.2373795915502786,0.015325539367750713,-0.35625931969583086,-0.35625931969583086,0,0.6516946697254368,1.1697222494121096,-0.43359325803094145,0.03985830058798834
579,0.530478978978979,0.23707936613947772,0.015231425231028432,-0.3542239789462797,-0.3542239789462797,0,0.664422085816464,1.1754222294665253,-0.4308829496845277,0.040029320896628334
580,0.530529029029029,0.23678035545452747,0.015138324669719858,-0.35219185145614357,-0.35219185145614357,0,0.6772053159166515,1.1811120435455147,-0.4281892970287221,0.04020429676171961
581,0.5305790790790791,0.2364825622128353,0.015046237106882332,-0.35016273320822816,-0.35016273320822816,0,0.690044328492318,1.1867916735419668,-0.42551197670365287,0.040383063124243154
582,0.5306291291291291,0.2361859890758527,0.014955161968561554,-0.34813642466582884,-0.34813642466582884,0,0.7029390893469962,1.1924610994636233,-0.4228506723785293,0.04056545893241526
583,0.5306791791791792,0.23589063864991655,0.014865098684022882,-0.3461127307578908,-0.3461127307578908,0,0.7158895614839009,1.1981202996092806,-0.42020507459487905,0.040751326978856674
584,0.5307292292292292,0.2355965134871076,0.014776046685978761,-0.3440914608645065,-0.3440914608645065,0,0.7288957049691671,1.2037692507478603,-0.4175748806149405,0.040940513744840965
585,0.5307792792792793,0.23530361608610167,0.014688005410813413,-0.342072428802626,-0.342072428802626,0,0.741957476796683,1.2094079283008226,-0.41495979427483576,0.04113286925133225
586,0.5308293293293292,0.23501194889299218,0.014600974298802749,-0.34005545281205635,-0.34005545281205635,0,0.755074830753891,1.2150363065276633,-0.4123595258425594,0.04132824691658303
587,0.5308793793793793,0.23472151430212201,0.014514952794329117,-0.3380403555417072,-0.3380403555417072,0,0.7682477172895446,1.2206543587150327,-0.4097737918804666,0.04152650341994011
588,0.5309294294294294,0.23443231465690412,0.014429940346095047,-0.3360269640361709,-0.3360269640361709,0,0.7814760833825638,1.226262057369199,-0.40720231511227606,0.04172749857165628
589,0.5309794794794794,0.2341443522506223,0.014345936407330367,-0.3340151097225161,-0.3340151097225161,0,0.7947598724130711,1.2318593744122528,-0.4046448242943073,0.041931095188437344
590,0.5310295295295295,0.23385762932724066,0.014262940435997816,-0.332004628397413,-0.332004628397413,0,0.8080990240349792,1.2374462813820326,-0.40210105409091557,0.0421371589744964
591,0.5310795795795795,0.2335721480821917,0.014180951894993115,-0.3299953602144779,-0.3299953602144779,0,0.8214934740506904,1.2430227496358133,-0.3995707449539532,0.0423455584079103
592,0.5311296296296296,0.23328791066315607,0.014099970252342752,-0.32798714967188297,-0.32798714967188297,0,0.8349431542880219,1.2485887505580215,-0.39705364300610263,0.04255616463203052
593,0.5311796796796796,0.2330049191708486,0.014019994981397617,-0.3259798456002134,-0.3259798456002134,0,0.8484479924791238,1.2541442557718476,-0.39454949992803234,0.04276885135180121
594,0.5312297297297297,0.2327231756597743,0.013941025561022115,-0.32397330115047296,-0.32397330115047296,0,0.8620079121422803,1.2596892373550874,-0.3920580728491204,0.04298349473475571
595,0.5312797797797798,0.2324426821389978,0.013863061475782812,-0.3219673737823561,-0.3219673737823561,0,0.8756228324657045,1.2652236680599696,-0.3895791242417974,0.04319997331652382
596,0.5313298298298298,0.23216344057288835,0.013786102216129248,-0.31996192525258516,-0.31996192525258516,0,0.8892926681946214,1.2707475215373518,-0.38711242181922023,0.04341816791068946
597,0.5313798798798799,0.23188545288186457,0.013710147278575132,-0.31795682160340405,-0.31795682160340405,0,0.9030173295209587,1.2762607725651636,-0.38465773843625456,0.043637961522823523
598,0.5314299299299299,0.23160872094313004,0.013635196165873626,-0.3159519331511623,-0.3159519331511623,0,0.9167967219759515,1.281763397281066,-0.38221485199369376,0.043859239268555415
599,0.53147997997998,0.2313332465914036,0.01356124838719118,-0.31394713447490313,-0.31394713447490313,0,0.9306307463263608,1.2872553734197316,-0.37978354534543746,0.04408188829550192
600,0.53153003003003,0.23105903161963443,0.013488303458276998,-0.3119423044049887,-0.3119423044049887,0,0.9445192984735553,1.292736680554208,-0.3773636062087595,0.044305797708957574
601,0.5315800800800801,0.23078607777971302,0.013416360901628717,-0.3099373260116172,-0.3099373260116172,0,0.9584622693566991,1.29820730034206,-0.3749548270773018,0.04453085850118379
602,0.53163013013013,0.23051438678318564,0.013345420246657077,-0.30793208659327653,-0.30793208659327653,0,0.9724595448590212,1.3036672167756411,-0.3725570051369235,0.04475696348420556
603,0.5316801801801802,0.23024396030193717,0.013275481029844303,-0.30592647766506925,-0.30592647766506925,0,0.986511005718694,1.3091164164371905,-0.37016994218413285,0.04498400722588509
604,0.5317302302302302,0.22997479996888606,0.013206542794901707,-0.30392039494675754,-0.30392039494675754,0,1.0006165274430177,1.3145548887580025,-0.36779344454712637,0.04521188598936155
605,0.5317802802802802,0.2297069073786724,0.013138605092925401,-0.30191373835060736,-0.30191373835060736,0,1.0147759802272993,1.319982626282383,-0.36542732300922337,0.0454404976755285
606,0.5318303303303303,0.2294402840883177,0.013071667482543643,-0.29990641196883694,-0.29990641196883694,0,1.0289892288781866,1.3253996249359044,-0.36307139273469263,0.04566974176859505
607,0.5318803803803803,0.2291749316179023,0.013005729530067735,-0.2978983240607864,-0.2978983240607864,0,1.0432561327411578,1.3308058842980943,-0.36072547319687415,0.04589951928452851
608,0.5319304304304304,0.2289108514512184,0.012940790809633776,-0.2958893870394795,-0.2958893870394795,0,1.0575765456332853,1.3362014078795292,-0.3583893881084099,0.04612973272239429
609,0.5319804804804804,0.22864804503642716,0.012876850903349385,-0.2938795174578488,-0.2938795174578488,0,1.071950315780484,1.3415862034033745,-0.35606296535360493,0.046360286018340635
610,0.5320305305305305,0.22838651378669547,0.012813909401427723,-0.2918686359942048,-0.2918686359942048,0,1.0863772857602214,1.3469602830910252,-0.35374603692279094,0.04659108450232941
611,0.5320805805805806,0.22812625908084105,0.012751965902327266,-0.28985666743717065,-0.28985666743717065,0,1.1008572924491455,1.3523236639521,-0.35143843884859843,0.04682203485736704
612,0.5321306306306306,0.22786728226395642,0.012691020012883395,-0.28784354066983675,-0.28784354066983675,0,1.1153901669764703,1.3576763680786297,-0.34914001114404913,0.047053045081237144
613,0.5321806806806807,0.2276095846480336,0.012631071348440305,-0.2858291886531142,-0.2858291886531142,0,1.1299757346829598,1.363018422943326,-0.34685059774237376,0.04728402445062736
614,0.5322307307307307,0.22735316751257947,0.0125721195329777,-0.2838135484082512,-0.2838135484082512,0,1.1446138150854828,1.3683498617017469,-0.3445700464385619,0.04751488348758652
615,0.5322807807807808,0.2270980321052223,0.012514164199237007,-0.28179656099838185,-0.28179656099838185,0,1.1593042218477017,1.3736707234984642,-0.3422982088324403,0.04774553392822369
616,0.5323308308308308,0.2268441796423195,0.012457204988844669,-0.27977817150908124,-0.27977817150908124,0,1.174046762756695,1.3789810537769582,-0.34003494027329456,0.04797588869358561
617,0.5323808808808809,0.22659161130954542,0.012401241552430477,-0.2777583290277845,-0.2777583290277845,0,1.1888412397062413,1.3842809045932971,-0.3377800998058825,0.04820586186264236
618,0.5324309309309309,0.2263403282624802,0.01234627354974653,-0.2757369866221033,-0.2757369866221033,0,1.2036874486858822,1.3895703349331012,-0.3355335501178895,0.04843536864731112
619,0.532480980980981,0.22609033162718917,0.012292300649780834,-0.27371410131683743,-0.27371410131683743,0,1.218585179777289,1.3948494110322454,-0.3332951574885639,0.048664325369443935
620,0.532531031031031,0.22584162250080472,0.012239322530871424,-0.2716896340697195,-0.2716896340697195,0,1.233534217156652,1.4001182067005735,-0.331064791738646,0.048892649439740477
621,0.532581081081081,0.2255942019520835,0.012187338880815416,-0.2696635497457587,-0.2696635497457587,0,1.2485343391043175,1.4053768036487708,-0.3288423261814251,0.04912025933847663
622,0.5326311311311311,0.2253480710219718,0.012136349396975473,-0.26763581709008083,-0.26763581709008083,0,1.2635853180214422,1.4106252918182627,-0.32662763757483676,0.04934707459804443
623,0.5326811811811811,0.22510323072415656,0.012086353786387158,-0.2656064086993149,-0.2656064086993149,0,1.2786869204532065,1.4158637697137064,-0.324420606074636,0.04957301578719109
624,0.5327312312312312,0.22485968204561418,0.012037351765860061,-0.26357530099126686,-0.26357530099126686,0,1.2938389071199978,1.4210923447382613,-0.3222211151884248,0.04979800449692966
625,0.5327812812812812,0.2246174259471533,0.01198934306207879,-0.2615424741730255,-0.2615424741730255,0,1.3090410329551065,1.4263111335310557,-0.32002905173066276,0.05002196332804508
626,0.5328313313313313,0.22437646336393352,0.011942327411700164,-0.25950791220720143,-0.25950791220720143,0,1.3242930471505165,1.4315202623069525,-0.3178443057783983,0.050244815880155315
627,0.5328813813813813,0.2241367952060198,0.011896304561451656,-0.257471602776464,-0.257471602776464,0,1.3395946932094567,1.436719867198278,-0.31566677062781784,0.05046648674224845
628,0.5329314314314314,0.2238984223588778,0.011851274268221253,-0.25543353724610085,-0.25543353724610085,0,1.3549457090072319,1.4419100945983299,-0.3134963427514608,0.05068690148465733
629,0.5329814814814815,0.22366134568389795,0.011807236299153132,-0.25339371062469973,-0.25339371062469973,0,1.3703458268589137,1.447091101506327,-0.31133292175609245,0.05090598665240294
630,0.5330315315315315,0.22342556601890606,0.011764190431732274,-0.2513521215227738,-0.2513521215227738,0,1.3857947735953533,1.452263055873819,-0.3091764103411526,0.051123669759864
631,0.5330815815815816,0.22319108417865827,0.01172213645387557,-0.2493087721093334,-0.2493087721093334,0,1.401292270646428,1.4574261369520893,-0.30702671425770367,0.051339879286704304
632,0.5331316316316316,0.22295790095534018,0.011681074164014498,-0.24726366806634067,-0.24726366806634067,0,1.4168380341321822,1.4625805356404722,-0.3048837422678898,0.05155454467501767
633,0.5331816816816817,0.2227260171190499,0.01164100337117825,-0.24521681854096147,-0.24521681854096147,0,1.4324317749617153,1.4677264548351632,-0.30274740610479883,0.05176759632761998
634,0.5332317317317317,0.22249543341829475,0.011601923895075984,-0.2431682360956372,-0.2431682360956372,0,1.4480731989394948,1.472864109778463,-0.30061762043271556,0.05197896560744114
635,0.5332817817817818,0.22226615058044447,0.011563835566174012,-0.24111793665578088,-0.24111793665578088,0,1.4637620068799626,1.4779937284081057,-0.2984943028076494,0.05218858483797493
636,0.5333318318318319,0.2220381693122206,0.011526738225772678,-0.23906593945526253,-0.23906593945526253,0,1.479497894729155,1.4831155517064136,-0.29637737363821465,0.052396387304709524
637,0.5333818818818818,0.22181149030015285,0.01149063172608302,-0.23701226697943645,-0.23701226697943645,0,1.4952805536943432,1.4882298340490727,-0.29426675614666004,0.05260230725750841
638,0.533431931931932,0.22158611421103658,0.01145551593029758,-0.2349569449058241,-0.2349569449058241,0,1.5111096703811584,1.493336843553192,-0.29216237633015935,0.05280627991386322
639,0.5334819819819819,0.22136204169238424,0.01142139071266215,-0.23290000204232675,-0.23290000204232675,0,1.5269849269380715,1.4984368624244464,-0.29006416292221293,0.05300824146299948
640,0.533532032032032,0.22113927337287081,0.01138825595854522,-0.23084147026297508,-0.23084147026297508,0,1.5429060012085225,1.5035301873030544,-0.2879720473541506,0.0532081290707382
641,0.533582082082082,0.22091780986277604,0.01135611156450502,-0.22878138444122292,-0.22878138444122292,0,1.5588725668898191,1.508617129608212,-0.28588596371676034,0.053405880885104964
642,0.5336321321321321,0.22069765175441386,0.011324957438354759,-0.22671978238066437,-0.22671978238066437,0,1.5748842936998975,1.5136980158809938,-0.2838058487218699,0.05360143604259385
643,0.5336821821821821,0.22047879962256436,0.011294793499226321,-0.22465670474328903,-0.22465670474328903,0,1.5909408475503477,1.5187731881250488,-0.2817316416640264,0.053794734675062086
644,0.5337322322322322,0.22026125402488625,0.01126561967763162,-0.2225921949751179,-0.2225921949751179,0,1.607041890726865,1.5238430041452735,-0.27966328438206584,0.05398571791719789
645,0.5337822822822823,0.22004501550234662,0.011237435915524226,-0.2205262992293795,-0.2205262992293795,0,1.623187082075908,1.528907837883953,-0.2776007212206765,0.05417432791447628
646,0.5338323323323323,0.21983008457962244,0.011210242166356358,-0.21845906628707568,-0.21845906628707568,0,1.639376077198,1.5339680797541415,-0.2755438989918776,0.05436050783160305
647,0.5338823823823824,0.21961646176549834,0.01118403839513427,-0.21639054747493874,-0.21639054747493874,0,1.6556085286475346,1.5390241369700601,-0.2734927669363536,0.05454420186137405
648,0.5339324324324324,0.21940414755328322,0.011158824578477401,-0.2143207965810469,-0.2143207965810469,0,1.6718840861379216,1.544076433874636,-0.2714472766846914,0.054725355233831
649,0.5339824824824825,0.21919314242118892,0.011134600704667486,-0.2122498697676362,-0.2122498697676362,0,1.6882023967532311,1.5491254122631666,-0.26940738221844135,0.05490391422581706
650,0.5340325325325325,0.2189834468327174,0.011111366773702253,-0.21017782548160496,-0.21017782548160496,0,1.7045631051647787,1.5541715317035782,-0.2673730398310466,0.05507982617070235
651,0.5340825825825826,0.21877506123704898,0.01108912279734427,-0.20810472436241487,-0.20810472436241487,0,1.7209658538532984,1.5592152698530564,-0.2653442080885207,0.05525303946836268
652,0.5341326326326326,0.21856798606941308,0.011067868799171229,-0.206030629147592,-0.206030629147592,0,1.7374102833355465,1.5642571227702873,-0.26332084778999865,0.055423503595277215
653,0.5341826826826827,0.2183622217514636,0.011047604814621203,-0.2039556045756589,-0.2039556045756589,0,1.7538960323961064,1.5692976052236653,-0.2613029219279957,0.0555911691147706
654,0.5342327327327328,0.2181577686916379,0.011028330891039122,-0.20187971728689486,-0.20187971728689486,0,1.7704227383229072,1.5743372509954392,-0.2592903956485059,0.055755987687229225
655,0.5342827827827827,0.21795462728552184,0.011010047087719875,-0.19980303572146638,-0.19980303572146638,0,1.7869900371469303,1.5793766131806863,-0.2572832362108344,0.055917912080413294
656,0.5343328328328328,0.2177527979162003,0.010992753475950745,-0.19772563001541993,-0.19772563001541993,0,1.8035975638853114,1.584416264482134,-0.25528141294720436,0.056076896179659885
657,0.5343828828828828,0.2175522809546072,0.010976450139053188,-0.1956475718943278,-0.1956475718943278,0,1.8202449527876479,1.5894567974999176,-0.2532848972221124,0.056232894998011956
658,0.5344329329329329,0.21735307675986762,0.010961137172420794,-0.19356893456475702,-0.19356893456475702,0,1.8369318375851234,1.5944988250166374,-0.25129366239144685,0.05638586468620118
659,0.5344829829829829,0.21715518567963946,0.010946814683558527,-0.19148979260355384,-0.19148979260355384,0,1.8536578517417128,1.5995429802770917,-0.24930768376137866,0.05653576254245117
660,0.534533033033033,0.21695860805044181,0.010933482792118795,-0.18941022184502818,-0.18941022184502818,0,1.870422628707657,1.6045899172632443,-0.2473269385469694,0.056682547022046365
661,0.5345830830830831,0.21676334419798465,0.010921141629936446,-0.1873302992661339,-0.1873302992661339,0,1.8872258021740886,1.6096403109637363,-0.24535140583060194,0.05682617774662106
662,0.5346331331331331,0.2165693944374949,0.01090979134106326,-0.1852501028696795,-0.1852501028696795,0,1.9040670063288787,1.614694857638445,-0.24338106652013383,0.05696661551312745
663,0.5346831831831832,0.21637675907402798,0.010899432081799634,-0.18316971156562795,-0.18316971156562795,0,1.9209458761131084,1.6197542750777003,-0.2414159033068432,0.05710382230245075
664,0.5347332332332332,0.21618543840278048,0.010890064020725312,-0.181089205050616,-0.181089205050616,0,1.9378620474771056,1.624819302856091,-0.23945590062321312,0.057237761287634616
665,0.5347832832832833,0.21599543270940966,0.010881687338731981,-0.17900866368574353,-0.17900866368574353,0,1.9548151576370303,1.6298907025815685,-0.23750104460040444,0.05736839684161179
666,0.5348333333333333,0.2158067422703166,0.010874302229047216,-0.1769281683727042,-0.1769281683727042,0,1.971804845329478,1.634969258138689,-0.23555132302570866,0.057495694544532634
667,0.5348833833833834,0.21561936735295925,0.010867908897265223,-0.1748478004283128,-0.1748478004283128,0,1.9888307510656025,1.64005577592726,-0.23360672529966792,0.0576196211905298
668,0.5349334334334334,0.21543330821613682,0.010862507561371805,-0.17276764145765597,-0.17276764145765597,0,2.0058925173826956,1.6451510850956863,-0.23166724239316866,0.05774014479393282
669,0.5349834834834835,0.21524856511028503,0.010858098451768909,-0.1706877732257598,-0.1706877732257598,0,2.0229897890936828,1.6502560377694375,-0.22973286680434,0.05785723459492332
670,0.5350335335335336,0.21506513827775084,0.01085468181129795,-0.1686082775280044,-0.1686082775280044,0,2.0401222135335657,1.6553715092746097,-0.22780359251537066,0.057970861064557774
671,0.5350835835835835,0.21488302795308137,0.010852257895262141,-0.16652923605934794,-0.16652923605934794,0,2.057289440802216,1.6604983983569583,-0.2258794149492326,0.05808099590915491
672,0.5351336336336336,0.2147022343632806,0.01085082697144727,-0.1644507302823841,-0.1644507302823841,0,2.0744911240037265,1.6656376273962206,-0.22396033092631967,0.05818761207399399
673,0.5351836836836836,0.2145227577281025,0.010850389320143013,-0.16237284129446564,-0.16237284129446564,0,2.091726919480092,1.670790142616172,-0.2220463386210987,0.05829068374633912
674,0.5352337337337337,0.21434459826029653,0.010850945234159302,-0.16029564969384896,-0.16029564969384896,0,2.108996487041192,1.6759569142907782,-0.22013743751868206,0.058390186357700276
675,0.5352837837837837,0.21416775616587308,0.010852495018845209,-0.15821923544498107,-0.15821923544498107,0,2.1262994901877885,1.6811389369458904,-0.21823362837147778,0.05848609658540824
676,0.5353338338338338,0.21399223164436695,0.010855038992106178,-0.1561436777431524,-0.1561436777431524,0,2.1436355963293248,1.686337229558042,-0.21633491315581746,0.05857839235334183
677,0.5353838838838838,0.2138180248890782,0.01085857748441754,-0.15406905487842773,-0.15406905487842773,0,2.161004476994268,1.6915528357492282,-0.21444129502873005,0.058667052831933644
678,0.5354339339339339,0.21364513608732447,0.01086311083883986,-0.15199544409903956,-0.15199544409903956,0,2.178405808033648,1.6967868239791055,-0.21255277828473496,0.058752058437341055
679,0.535483983983984,0.21347356542068058,0.01086863941103051,-0.14992292147434252,-0.14992292147434252,0,2.1958392698164584,1.7020402877339937,-0.21066936831284683,0.0588333908298007
680,0.535534034034034,0.21330331306522596,0.010875163569257947,-0.14785156175740108,-0.14785156175740108,0,2.2133045474166124,1.7073143457140834,-0.20879107155365936,0.05891103291115641
681,0.5355840840840841,0.2131343791917647,0.010882683694411803,-0.14578143824725578,-0.14578143824725578,0,2.2308013307913046,1.7126101420177986,-0.2069178954566937,0.058984968821525104
682,0.5356341341341341,0.21296676396607161,0.010891200180010814,-0.14371262265104867,-0.14371262265104867,0,2.248329314949289,1.7179288463254065,-0.2050498484379357,0.05905518393514883
683,0.5356841841841842,0.2128004675491024,0.010900713432214323,-0.14164518494595707,-0.14164518494595707,0,2.2658882001098317,1.7232716540805433,-0.20318693983762443,0.05912166485533631
684,0.5357342342342342,0.21263549009723015,0.01091122386982862,-0.13957919324116616,-0.13957919324116616,0,2.2834776918502415,1.7286397866713465,-0.2013291798783717,0.059184399408578295
685,0.5357842842842843,0.21247183176245313,0.01092273192431401,-0.13751471363980092,-0.13751471363980092,0,2.3010975012431727,1.7340344916112294,-0.19947657962353535,0.05924337663777336
686,0.5358343343343344,0.21230949269261634,0.01093523803979088,-0.13545181010102728,-0.13545181010102728,0,2.318747344981513,1.7394570427194815,-0.19762915093601,0.059298586794587195
687,0.5358843843843843,0.21214847303161788,0.010948742673043611,-0.13339054430226646,-0.13339054430226646,0,2.3364269454914615,1.744908740302423,-0.1957869064373807,0.05935002133095269
688,0.5359344344344344,0.21198877291961532,0.01096324629352584,-0.13133097550165324,-0.13133097550165324,0,2.3541360310328594,1.7503909113358094,-0.1939498594674614,0.05939767288969571
689,0.5359844844844844,0.2118303924932311,0.010978749383361514,-0.12927316040083653,-0.12927316040083653,0,2.371874335786179,1.7559049096484423,-0.19211802404435618,0.05944153529428331
690,0.5360345345345345,0.21167333188574766,0.010995252437348193,-0.12721715300800282,-0.12721715300800282,0,2.3896415999259695,1.7614521161081236,-0.19029141482490552,0.05948160353774874
691,0.5360845845845845,0.2115175912273128,0.011012755962957945,-0.1251630045014203,-0.1251630045014203,0,2.407437569679432,1.7670339388099379,-0.18847004706574114,0.05951787377073932
692,0.5361346346346346,0.2113631706451116,0.011031260480333569,-0.1231107630932569,-0.1231107630932569,0,2.425261997371414,1.7726518132677593,-0.1866539365848083,0.059550343288740745
693,0.5361846846846846,0.21121007026358263,0.01105076652229555,-0.1210604738940057,-0.1210604738940057,0,2.443114641452385,1.7783072026095905,-0.1848430997234749,0.0595790105184627
694,0.5362347347347347,0.21105829020457678,0.01107127463433212,-0.11901217877724714,-0.11901217877724714,0,2.4609952665124037,1.784001597776854,-0.1830375533092633,0.05960387500342532
695,0.5362847847847848,0.21090783058755702,0.011092785374601608,-0.11696591624502736,-0.11696591624502736,0,2.478903643277421,1.7897365177287234,-0.18123731461918474,0.0596249373887284
696,0.5363348348348348,0.21075869152976476,0.011115299313925334,-0.11492172129369554,-0.11492172129369554,0,2.4968395485895147,1.7955135096518353,-0.17944240134374345,0.059642199405049924
697,0.5363848848848849,0.21061087314639879,0.01113881703578459,-0.11287962528024463,-0.11287962528024463,0,2.514802765369831,1.8013341491760697,-0.1776528315515778,0.05965566385187022
698,0.5364349349349349,0.21046437555079622,0.011163339136318921,-0.1108396557892385,-0.1108396557892385,0,2.532793082562869,1.8072000405968376,-0.17586862365484554,0.05966533457995173
699,0.536484984984985,0.2103191988545776,0.011188866224310635,-0.108801836500173,-0.108801836500173,0,2.550810295064205,1.8131128171046709,-0.17408979637533603,0.05967121647308441
700,0.536535035035035,0.21017534316783762,0.011215398921186209,-0.1067661870554127,-0.1067661870554127,0,2.5688542036273323,1.819074141022734,-0.1723163687113006,0.05967331542913318
701,0.5365850850850851,0.21003280859928986,0.011242937861005059,-0.10473272292849395,-0.10473272292849395,0,2.5869246147530003,1.8250857040527197,-0.17054835990504813,0.05967163834039456
702,0.536635135135135,0.20989159525643322,0.0112714836904497,-0.10270145529300663,-0.10270145529300663,0,2.6050213405576326,1.8311492275298322,-0.16878578941139286,0.059666193073281915
703,0.5366851851851852,0.20975170324570744,0.01130103706881857,-0.10067239089169396,-0.10067239089169396,0,2.6231441986221995,1.8372664626877053,-0.16702867686679632,0.0596569884474009
704,0.5367352352352353,0.20961313267264087,0.01133159866801194,-0.09864553190607706,-0.09864553190607706,0,2.641293011819798,1.8434391909332677,-0.16527704205946922,0.059644034213978285
705,0.5367852852852852,0.20947588364200934,0.01136316917252385,-0.09662087582626082,-0.09662087582626082,0,2.659467608122379,1.8496692241331731,-0.16353090490018424,0.05962734103371541
706,0.5368353353353353,0.20933995625797405,0.011395749279428713,-0.0945984153209635,-0.0945984153209635,0,2.677667820385319,1.8559584049112854,-0.16179028539401785,0.05960692045409719
707,0.5368853853853853,0.2092053506242327,0.011429339698367475,-0.09257813810778223,-0.09257813810778223,0,2.6958934861096995,1.8623086069587358,-0.16005520361296016,0.05958278488613876
708,0.5369354354354354,0.20907206684415355,0.011463941151535852,-0.09056002682339716,-0.09056002682339716,0,2.7141444471822007,1.8687217353567256,-0.15832567966934097,0.0595549475806397
709,0.5369854854854854,0.20894010502092533,0.01149955437366655,-0.08854405889386317,-0.08854405889386317,0,2.7324205495906395,1.8751997269130884,-0.1566017336902162,0.05952342260397537
710,0.5370355355355355,0.2088094652576796,0.011536180112017898,-0.0865302064047041,-0.0865302064047041,0,2.7507216431167647,1.8817445505122732,-0.1548833857926017,0.059488224813379016
711,0.5370855855855856,0.20868014765763765,0.011573819126355795,-0.08451843597077273,-0.08451843597077273,0,2.7690475810032344,1.8883582074810776,-0.15317065605960953,0.05944936983188362
712,0.5371356356356356,0.20855215232423277,0.011612472188934424,-0.08250870860579212,-0.08250870860579212,0,2.787398219596619,1.8950427319687146,-0.15146356451754261,0.059406874022793314
713,0.5371856856856857,0.20842547936123385,0.011652140084483446,-0.0805009795913392,-0.0805009795913392,0,2.805773417963687,1.9018001913434202,-0.14976213111382386,0.059360754463838976
714,0.5372357357357357,0.20830012887288707,0.011692823610186016,-0.07849519834528365,-0.07849519834528365,0,2.8241730374818528,1.9086326866053844,-0.1480663756959113,0.05931102892096825
715,0.5372857857857858,0.20817610096402436,0.011734523575661496,-0.07649130828936894,-0.07649130828936894,0,2.842596941402774,1.9155423528168385,-0.1463763179910654,0.05925771582183298
716,0.5373358358358358,0.2080533957401872,0.011777240802944513,-0.07448924671590568,-0.07448924671590568,0,2.8610449943875293,1.9225313595495452,-0.14469197758709315,0.059200834229011255
717,0.5373858858858859,0.20793201330775082,0.011820976126463954,-0.07248894465340926,-0.07248894465340926,0,2.8795170620143296,1.9296019113511655,-0.14301337391395294,0.05914040381293543
718,0.537435935935936,0.20781195377403897,0.011865730393024175,-0.07049032673085633,-0.07049032673085633,0,2.898013010255975,1.9367562482295926,-0.14134052622629734,0.05907644482465115
719,0.537485985985986,0.20769321724742115,0.011911504461779496,-0.06849331104059632,-0.06849331104059632,0,2.9165327049285588,1.9439966461570586,-0.13967345358693073,0.059008978068322296
720,0.5375360360360361,0.20757580383745253,0.011958299204213896,-0.06649780899953664,-0.06649780899953664,0,2.9350760111087206,1.9513254175943695,-0.1380121748511153,0.05893802487360367
721,0.537586086086086,0.2074597136549548,0.012006115504117518,-0.0645037252085067,-0.0645037252085067,0,2.953642792519427,1.958744912034593,-0.1363567086518418,0.058863607067849946
722,0.5376361361361361,0.20734494681214613,0.012054954257561236,-0.06251095730958457,-0.06251095730958457,0,2.972232910883728,1.9662575165686456,-0.1347070733859302,0.058785746948199845
723,0.5376861861861861,0.20723150342272628,0.012104816372873074,-0.06051939584106415,-0.06051939584106415,0,2.9908462252447183,1.9738656564713093,-0.1330632872010328,0.05870446725358702
724,0.5377362362362362,0.2071193836019907,0.012155702770611723,-0.058528924089959786,-0.058528924089959786,0,3.009482591251601,1.9815717958096581,-0.13142536798348312,0.058619791136662595
725,0.5377862862862862,0.2070085874669236,0.012207614383539,-0.0565394179417418,-0.0565394179417418,0,3.028141860409866,1.9893784380730606,-0.12979333334704507,0.05853174213568934
726,0.5378363363363363,0.20689911513631393,0.012260552156600433,-0.054550745727129174,-0.054550745727129174,0,3.046823879295978,1.997288126826818,-0.1281672006224034,0.058440344146351256
727,0.5378863863863863,0.20679096673081418,0.012314517046884868,-0.05256276806540786,-0.05256276806540786,0,3.065528488733726,2.0053034463872015,-0.1265469868476256,0.05834562139369057
728,0.5379364364364364,0.20668414237307023,0.012369510023608789,-0.050575337704494974,-0.050575337704494974,0,3.084255522932329,2.0134270225216904,-0.12493270875928532,0.05824759840391892
729,0.5379864864864865,0.20657864218779956,0.012425532068079682,-0.04858829935702975,-0.04858829935702975,0,3.103004808584596,2.0216615231717054,-0.12332438278450188,0.058146299976362684
730,0.5380365365365365,0.20647446630187583,0.012482584173670272,-0.04660148953238268,-0.04660148953238268,0,3.121776163923736,2.030009659199622,-0.12172202503369729,0.0580417511554418
731,0.5380865865865866,0.20637161484442465,0.012540667345787024,-0.04461473636431488,-0.04461473636431488,0,3.140569397737998,2.038474185160642,-0.12012565129411738,0.057933977202722656
732,0.5381366366366366,0.20627008794690566,0.01259978260183985,-0.04262785943395847,-0.04262785943395847,0,3.159384308340737,2.0470579000983466,-0.11853527702414922,0.05782300356907105
733,0.5381866866866867,0.2061698857431929,0.012659930971209482,-0.04064066958774662,-0.04064066958774662,0,3.1782206824955144,2.055763648366061,-0.11695091734829893,0.05770885586692891
734,0.5382367367367367,0.20607100836966474,0.012721113495218582,-0.03865296875007085,-0.03865296875007085,0,3.1970782942937594,2.0645943204724455,-0.11537258705291527,0.057591559842700805
735,0.5382867867867868,0.20597345596527677,0.01278333122709574,-0.036664549730281715,-0.036664549730281715,0,3.2159569039837463,2.073552853952559,-0.11380030058260794,0.05747114134930437
736,0.5383368368368369,0.2058772286716441,0.012846585231944228,-0.03467519602367543,-0.03467519602367543,0,3.2348562567490395,2.08264223426406,-0.11223407203730745,0.05734762631887404
737,0.5383868868868869,0.20578232663310952,0.01291087658670675,-0.032684681606315366,-0.032684681606315366,0,3.253776081434829,2.091865495709541,-0.11067391516998398,0.057221040735599644
738,0.538436936936937,0.20568874999683245,0.012976206380133335,-0.03069277072283953,-0.03069277072283953,0,3.272716089219348,2.101225722382123,-0.10911984338499207,0.05709141060883483
739,0.5384869869869869,0.20559649891283935,0.013042575712744546,-0.028699217667666754,-0.028699217667666754,0,3.291675972229482,2.1107260491388518,-0.10757186973702203,0.056958761946296114
740,0.538537037037037,0.2055055735341222,0.013109985696794916,-0.02670376655854442,-0.02670376655854442,0,3.3106554020978236,2.1203696625982857,-0.10603000693060527,0.056823120727530006
741,0.538587087087087,0.20541597401667283,0.013178437456239317,-0.024706151102420044,-0.024706151102420044,0,3.3296540284587564,2.130159802162355,-0.10449426732022357,0.05668451287756742
742,0.5386371371371371,0.20532770051958413,0.01324793212669478,-0.022706094353178826,-0.022706094353178826,0,3.3486714773814135,2.1400997610646013,-0.1029646629108977,0.056542964240817506
743,0.5386871871871872,0.2052407532050989,0.01331847085540477,-0.020703308461028393,-0.020703308461028393,0,3.3677073497371706,2.1501928874425436,-0.10144120535933293,0.05639850055514057
744,0.5387372372372372,0.20515513223866186,0.013390054801196713,-0.018697494412708564,-0.018697494412708564,0,3.3867612194992454,2.1604425854330653,-0.09992390597554565,0.056251147426231274
745,0.5387872872872873,0.2050708377889972,0.013462685134448718,-0.016688341762792155,-0.016688341762792155,0,3.405832631970951,2.170852316294121,-0.0984127757249021,0.05610093030215453
746,0.5388373373373373,0.2049878700281723,0.013536363037048723,-0.014675528355224711,-0.014675528355224711,0,3.4249211019401673,2.1814255995479157,-0.09690782523066997,0.05594787444816794
747,0.5388873873873874,0.2049062291316301,0.013611089702354263,-0.012658720034820624,-0.012658720034820624,0,3.444026111757558,2.19216601414752,-0.09540906477692962,0.05579200492178713
748,0.5389374374374374,0.20482591527827898,0.01368686633515109,-0.010637570348578075,-0.010637570348578075,0,3.463147109334354,2.203077199665823,-0.09391650431192056,0.05563334654807125
749,0.5389874874874875,0.20474692865051514,0.013763694151617248,-0.008611720236082887,-0.008611720236082887,0,3.482283506057325,2.2141628575054075,-0.09243015345169449,0.05547192389517804
750,0.5390375375375375,0.20466926943429817,0.013841574379275853,-0.006580797709023596,-0.006580797709023596,0,3.5014346746169758,2.2254267521292856,-0.09095002148417794,0.05530776125015401
751,0.5390875875875876,0.2045929378191942,0.013920508256957632,-0.00454441751921835,-0.00454441751921835,0,3.520599946745886,2.2368727123109418,-0.08947611737349134,0.05514088259495886
752,0.5391376376376376,0.20451793399842064,0.014000497034756584,-0.0025021808149325747,-0.0025021808149325747,0,3.5397786108625295,2.2485046324023474,-0.088008449764607,0.05497131158275999
753,0.5391876876876877,0.20444425816889708,0.014081541973986025,-0.00045367478523568425,-0.00045367478523568425,0,3.55896990961815,2.260326473619773,-0.08654702698824106,0.05479907151443199
754,0.5392377377377378,0.20437191053129822,0.01416364434714249,0.0016015277080478772,0.0016015277080478772,0,3.5781730373401617,2.272342265343918,-0.08509185706599949,0.05462418531533599
755,0.5392877877877877,0.20430089129008883,0.014246805437848231,0.0036638685107232903,0.0036638685107232903,0,3.5973871373719843,2.2845561064360633,-0.08364294771575169,0.054446675512273786
756,0.5393378378378378,0.20423120065354916,0.014331026540817544,0.005733804569608538,0.005733804569608538,0,3.6166112992996187,2.2969721665640233,-0.08220030635717428,0.05426656421073264
757,0.5393878878878878,0.20416283883387032,0.014416308961811005,0.0078118083385916495,0.0078118083385916495,0,3.635844556063926,2.3095946875402196,-0.08076394011747787,0.054083873072306145
758,0.5394379379379379,0.20409580604713462,0.014502654017584847,0.009898368197849844,0.009898368197849844,0,3.6550858809532056,2.322427984667421,-0.0793338558372684,0.053898623292361114
759,0.5394879879879879,0.20403010251338283,0.014590063035848904,0.011993988886093744,0.011993988886093744,0,3.6743341844703608,2.3354764480897328,-0.07791006007652806,0.05371083557789028
760,0.539538038038038,0.20396572845664,0.014678537355218608,0.01409919194587052,0.01409919194587052,0,3.6935883110697043,2.3487445441472037,-0.07649255912068949,0.05352053012557938
761,0.5395880880880881,0.20390268410496423,0.014768078325166948,0.016214516181793193,0.016214516181793193,0,3.7128470357575134,2.362236816730903,-0.07508135898678245,0.05332772660006871
762,0.5396381381381381,0.20384096969045626,0.014858687305978306,0.018340518131625558,0.018340518131625558,0,3.7321090605519904,2.3759578886346953,-0.0736764654296023,0.05313244411239338
763,0.5396881881881882,0.20378058544930772,0.01495036566870112,0.02047777254977593,0.02047777254977593,0,3.751373010795011,2.389912462901311,-0.07227788394790405,0.05293470119860569
764,0.5397382382382382,0.20372153162184348,0.015043114795098575,0.022626872902849586,0.022626872902849586,0,3.770637431310786,2.404105324158042,-0.07088561979060085,0.052734515798560276
765,0.5397882882882883,0.20366380845249363,0.015136936077594657,0.024788431876748205,0.024788431876748205,0,3.7899007824058373,2.4185413399385203,-0.06949967796291326,0.05253190523485154
766,0.5398383383383383,0.20360741618989447,0.015231830919230948,0.026963081894415167,0.026963081894415167,0,3.8091614356999473,2.433225461986564,-0.06812006323246694,0.05232688619190589
767,0.5398883883883884,0.20355235508686126,0.015327800733614023,0.029151475643654137,0.029151475643654137,0,3.8284176697871315,2.448162727535812,-0.06674678013528307,0.05211947469520191
768,0.5399384384384385,0.2034986254004272,0.015424846944865277,0.03135428661350167,0.03135428661350167,0,3.8476676657145257,2.4633582605618014,-0.0653798329816858,0.0519096860906099
769,0.5399884884884885,0.20344622739186619,0.015522970987564833,0.03357220963815351,0.03357220963815351,0,3.8669095022746043,2.478817272999368,-0.06401922586206538,0.05169753502386835
770,0.5400385385385386,0.20339516132672147,0.015622174306706435,0.03580596144657061,0.03580596144657061,0,3.8861411511027355,2.49454506592024,-0.06266496265245482,0.051483035420112386
771,0.5400885885885885,0.20334542747480824,0.01572245835764542,0.038056281216136835,0.038056281216136835,0,3.9053604715714654,2.5105470306629876,-0.061317047019926824,0.05126620046355098
772,0.5401386386386386,0.20329702611024164,0.015823824606033914,0.040323931127713576,0.040323931127713576,0,3.9245652054764637,2.526828649909525,-0.05997548242781428,0.05104704257715918
773,0.5401886886886886,0.20324995751143696,0.015926274527782606,0.04260969691995283,0.04260969691995283,0,3.943752971500748,2.543395498698698,-0.058640272140617046,0.050825573402492365
774,0.5402387387387387,0.20320422196116225,0.016029809608996887,0.04491438843935643,0.04491438843935643,0,3.9629212594548604,2.5602532453712934,-0.05731141922866768,0.0506018037795034
775,0.5402887887887887,0.2031598197465077,0.016134431345926757,0.04723884018285402,0.04723884018285402,0,3.9820674242798,2.577407652432941,-0.05598892657252483,0.050375743726433594
776,0.5403388388388388,0.20311675115892272,0.01624014124490889,0.049583911828719754,0.049583911828719754,0,4.00118867980687,2.5948645773299477,-0.0546727968669871,0.05014740241971305
777,0.5403888888888889,0.20307501649421147,0.016346940822312334,0.05195048875111965,0.05195048875111965,0,4.020282092263596,2.6126299731240197,-0.05336303262478978,0.04991678817387659
778,0.5404389389389389,0.20303461605257905,0.016454831604483203,0.054339482513115156,0.054339482513115156,0,4.039344573516947,2.6307098890560825,-0.05205963617989016,0.04968390842150108
779,0.540488988988989,0.20299555013857232,0.016563815127684633,0.05675183133196492,0.05675183133196492,0,4.058372874047202,2.6491104709858755,-0.05076260969035169,0.04944876969309978
780,0.540539039039039,0.20295781906115778,0.016673892938043316,0.059188500509869256,0.059188500509869256,0,4.07736357563733,2.66783796169533,-0.04947195514078023,0.04921137759703592
781,0.5405890890890891,0.20292142313367859,0.0167850665914873,0.06165048282259417,0.06165048282259417,0,4.0963130837754775,2.6868987010404366,-0.04818767434425966,0.04897173679937984
782,0.5406391391391391,0.20288636267388727,0.016897337653693792,0.06413879885688187,0.06413879885688187,0,4.115217619754468,2.70629912593718,-0.04690976894380869,0.04872985100371407
783,0.5406891891891892,0.20285263800392614,0.017010707700020233,0.06665449728750386,0.06665449728750386,0,4.134073212464417,2.7260457701631404,-0.04563824041327401,0.04848572293093573
784,0.5407392392392392,0.20282024945036004,0.017125178315455597,0.06919865508219482,0.06919865508219482,0,4.1528756898629915,2.746145263960693,-0.04437309005765332,0.04823935429893343
785,0.5407892892892893,0.20278919734412662,0.01724075109454603,0.07177237762305669,0.07177237762305669,0,4.17162067012065,2.7666043334187798,-0.04311431901281682,0.047990745802240144
786,0.5408393393393394,0.20275948202061275,0.017357427641355408,0.07437679873026062,0.07437679873026062,0,4.190303552422426,2.787429799616908,-0.04186192824454139,0.047739897091580566
787,0.5408893893893894,0.20273110381957804,0.0174752095693803,0.07701308057344035,0.07701308057344035,0,4.208919507428622,2.8086285775058344,-0.040615918546926345,0.04748680675334275
788,0.5409394394394395,0.202704063085187,0.01759409850149913,0.07968241345381694,0.07968241345381694,0,4.2274634673732505,2.830207674505872,-0.0393762905400341,0.04723147228894603
789,0.5409894894894894,0.20267836016602764,0.017714096069912273,0.08238601543926508,0.08238601543926508,0,4.245930115798978,2.8521741887924597,-0.0381430446667947,0.046973890094150886
790,0.5410395395395395,0.20265399541506013,0.01783520391607418,0.08512513183169389,0.08512513183169389,0,4.264313876919097,2.8745353072496953,-0.03691618118910145,0.0467140554381939
791,0.5410895895895895,0.20263096918965465,0.01795742369062631,0.08790103444545942,0.08790103444545942,0,4.282608904596512,2.897298303056883,-0.03569570018308973,0.046451962442875284
792,0.5411396396396396,0.20260928185155935,0.018080757053339315,0.0907150206729337,0.0907150206729337,0,4.300809070933701,2.920470532881414,-0.03448160153349376,0.04618760406151297
793,0.5411896896896897,0.20258893376691525,0.018205205673040483,0.0935684123115503,0.0935684123115503,0,4.31890795446683,2.944059433644621,-0.03327388492712522,0.045920972057804786
794,0.5412397397397397,0.20256992530623089,0.018330771227555286,0.09646255412497023,0.09646255412497023,0,4.336898827958073,2.9680725188273818,-0.03207254984533221,0.045652056984560124
795,0.5412897897897898,0.20255225684438097,0.018457455403633007,0.09939881210901108,0.09939881210901108,0,4.354774645781876,2.992517374277492,-0.03087759555547898,0.04538084816235351
796,0.5413398398398398,0.20253592876062296,0.018585259896885014,0.10237857143119013,0.10237857143119013,0,4.372528030899293,3.017401653481535,-0.029689021101341806,0.04510733365806773
797,0.5413898898898899,0.20252094143854438,0.018714186411714483,0.10540323401139776,0.10540323401139776,0,4.390151261421696,3.0427330722585375,-0.02850682529239478,0.044831500263347195
798,0.5414399399399399,0.20250729526610536,0.018844236661242585,0.10847421570949495,0.10847421570949495,0,4.4076362567583685,3.0685194028337834,-0.027331006691945877,0.04455333347298675
799,0.54148998998999,0.20249499063555892,0.018975412367257007,0.11159294308515284,0.11159294308515284,0,4.4249745633530795,3.0947684672439286,-0.0261615636040119,0.04427281746321747
800,0.54154004004004,0.20248402794353876,0.019107715260110743,0.11476084969403898,0.11476084969403898,0,4.442157340008617,3.12148813002915,-0.0249984940589925,0.04398993506999884
801,0.5415900900900901,0.20247440759097776,0.019241147078684805,0.11797937188535602,0.11797937188535602,0,4.459175342806084,3.1486862901535284,-0.023841795797938402,0.04370466776722846
802,0.5416401401401402,0.20246612998311037,0.019375709570292318,0.12124994406542063,0.12124994406542063,0,4.476018909628544,3.1763708721073303,-0.022691466255508243,0.04341699564494249
803,0.5416901901901902,0.202459195529473,0.019511404490614295,0.12457399339475946,0.12457399339475946,0,4.492677944292389,3.204549816126684,-0.0215475025414492,0.04312689738758852
804,0.5417402402402403,0.20245360464390735,0.01964823360363544,0.1279529338877999,0.1279529338877999,0,4.50914190030721,3.2332310674766602,-0.020409901420555703,0.04283435025225457
805,0.5417902902902902,0.20244935774452236,0.019786198681551726,0.13138815988890565,0.13138815988890565,0,4.525399764276777,3.2624225647283294,-0.019278659291136414,0.04253933004706555
806,0.5418403403403403,0.20244645525370228,0.019925301504713323,0.13488103890340877,0.13488103890340877,0,4.541440038962508,3.2921322269690307,-0.018153772161775886,0.04224181110961583
807,0.5418903903903903,0.20244489759810055,0.02006554386153887,0.13843290376934456,0.13843290376934456,0,4.5572507260338755,3.3223679398728705,-0.017035235626465004,0.04194176628561818
808,0.5419404404404404,0.2024446852086032,0.020206927548444397,0.14204504416433322,0.14204504416433322,0,4.572819308537295,3.3531375405587185,-0.015923044837965285,0.04163916690773483
809,0.5419904904904904,0.2024458185203848,0.02034945436976222,0.14571869745236116,0.14571869745236116,0,4.588132733115189,3.3844488011664433,-0.014817194479337605,0.04133398277464709
810,0.5420405405405405,0.2024482979727959,0.020493126137668415,0.1494550388885677,0.1494550388885677,0,4.60317739201934,3.416309411061362,-0.013717678733618299,0.04102618213049337
811,0.5420905905905906,0.2024521240094603,0.020637944672105415,0.15325517121377283,0.15325517121377283,0,4.617939104960899,3.4487269575995056,-0.012624491251522466,0.04071573164464124
812,0.5421406406406406,0.2024572970781984,0.020783911800696973,0.15712011368849788,0.15712011368849788,0,4.632403100856594,3.481708905360623,-0.011537625117137441,0.04040259639193449
813,0.5421906906906907,0.20246381763104823,0.020931029358660796,0.16105079063412064,0.16105079063412064,0,4.646553999529913,3.515262573768269,-0.010457072811518737,0.04008673983344276
814,0.5422407407407407,0.2024716861242576,0.021079299188762793,0.1650480195696257,0.1650480195696257,0,4.660375793426687,3.54939511299957,-0.009382826174171795,0.03976812379791921
815,0.5422907907907908,0.20248090301826263,0.021228723141189648,0.16911249905429693,0.16911249905429693,0,4.673851829448489,3.5841134781130792,-0.00831487636227334,0.039446708463829125
816,0.5423408408408408,0.2024914687777046,0.021379303073501638,0.17324479636942133,0.17324479636942133,0,4.686964790961686,3.6194244012809693,-0.00725321380762862,0.03912245234232623
817,0.5423908908908909,0.2025033838714009,0.021531040850532687,0.1774453351943771,0.1774453351943771,0,4.699696680102838,3.6553343620541447,-0.006197828171282422,0.03879531226103205
818,0.542440940940941,0.20251664877235986,0.021683938344311624,0.18171438345579147,0.18171438345579147,0,4.712028800478053,3.6918495555495108,-0.0051487082957325245,0.03846524334897113
819,0.542490990990991,0.2025312639577718,0.021837997433978476,0.18605204154755733,0.18605204154755733,0,4.723941740382513,3.728975858482985,-0.004105842154656368,0.0381321990225809
820,0.5425410410410411,0.2025472299090025,0.021993220005703223,0.19045823113840593,0.19045823113840593,0,4.735415356671666,3.7667187929454085,-0.003069216800128101,0.03779613097309942
821,0.542591091091091,0.20256454711159957,0.022149607952586733,0.19493268479640916,0.19493268479640916,0,4.7464287594340036,3.8050834878419564,-0.0020388183072771755,0.03745698915536056
822,0.5426411411411411,0.20258321605528612,0.022307163174592866,0.1994749366694249,0.1994749366694249,0,4.7569602976242376,3.844074637901851,-0.0010146317162769386,0.0371147217782322
823,0.5426911911911911,0.20260323723395313,0.022465887578452,0.20408431446118197,0.20408431446118197,0,4.766987545836658,3.883696460177634,3.3590282333736137e-06,0.03676927529686514
824,0.5427412412412412,0.20262461114569394,0.02262578307756931,0.20875993293878234,0.20875993293878234,0,4.7764872924116135,3.9239526479701667,0.0010151711405348455,0.03642059440682876
825,0.5427912912912912,0.20264733829276646,0.02278685159194409,0.21350068919265147,0.21350068919265147,0,4.7854355290815205,3.964846322088758,0.002020823059825627,0.03606862204051319
826,0.5428413413413413,0.2026714191816289,0.022949095048075734,0.21830525984841123,0.21830525984841123,0,4.793807442387264,4.006379979407781,0.0030203345190241517,0.035713299365831765
827,0.5428913913913914,0.20269685432292536,0.023112515378884792,0.22317210039847063,0.22317210039847063,0,4.801577407107679,4.04855543865808,0.004013726616280873,0.03535456578751845
828,0.5429414414414414,0.20272364423150308,0.023277114523600068,0.22809944678200184,0.22809944678200184,0,4.808718981966977,4.09137378342325,0.005001021889228748,0.03499235895126069
829,0.5429914914914915,0.20275178942642255,0.023442894427688626,0.23308531929463225,0.23308531929463225,0,4.815204907899913,4.134835302314323,0.005982244391952888,0.034626614750854226
830,0.5430415415415415,0.2027812904309636,0.023609857042764856,0.2381275288567269,0.2381275288567269,0,4.82100710917491,4.178939426323784,0.00695741977470054,0.03425726733871677
831,0.5430915915915916,0.20281214777262613,0.023778004326479415,0.24322368561001928,0.24322368561001928,0,4.8260966977046,4.2236846633725715,0.00792657536604615,0.03388424913987468
832,0.5431416416416416,0.20284436198318678,0.023947338242448442,0.24837120975725693,0.24837120975725693,0,4.830443980863177,4.26906853008941,0.008889740257858781,0.03350749086993041
833,0.5431916916916917,0.20287793359859213,0.024117860760128937,0.2535673444963824,0.2535673444963824,0,4.834018473190499,4.315087480896419,0.009846945392600016,0.0331269215570114
834,0.5432417417417417,0.20291286315918364,0.02428957385477758,0.25880917084909477,0.25880917084909477,0,4.836788912330776,4.361736834469694,0.010798223652998356,0.03274246856832463
835,0.5432917917917918,0.20294915120951806,0.024462479507306473,0.26409362413359816,0.26409362413359816,0,4.838723279624498,4.4090106977470125,0.01174360995401762,0.03235405764124945
836,0.5433418418418419,0.20298679829846605,0.024636579704211826,0.2694175117897034,0.2694175117897034,0,4.839788825733368,4.4569018876029896,0.012683141336843796,0.03196161291961014
837,0.5433918918918919,0.203025804979272,0.024811876437469488,0.2747775322342709,0.2747775322342709,0,4.83995210172518,4.5054018504257005,0.013616857064803435,0.03156505699525294
838,0.543441941941942,0.2030661718094723,0.024988371704450653,0.28017029440488606,0.28017029440488606,0,4.839178996050038,4.554500579824353,0.014544798720916395,0.03116431095533146
839,0.5434919919919919,0.20310789935101717,0.02516606750781944,0.28559233764150393,0.28559233764150393,0,4.837434777826346,4.60418653278289,0.015467010306889338,0.03075929443557037
840,0.543542042042042,0.20315098817025723,0.02534496585543013,0.2910401515609803,0.2910401515609803,0,4.834684146887946,4.654446544594291,0.016383538343259736,0.030349925679878865
841,0.543592092092092,0.20319543883796162,0.025525068760247224,0.29651019559324276,0.29651019559324276,0,4.830891291013723,4.70526574298061,0.01729443197032691,0.029936121606629885
842,0.5436421421421421,0.20324125192936326,0.025706378240230515,0.3019989178745255,0.3019989178745255,0,4.8260199507741435,4.7566274618719415,0.018199743049567854,0.029517797881877476
843,0.5436921921921922,0.20328842802416544,0.025888896318253706,0.3075027732259507,0.3075027732259507,0,4.820033492403807,4.808513155355607,0.019099526265107303,0.029094868999883106
844,0.5437422422422422,0.20333696770664003,0.026072625021980808,0.31301823998584205,0.31301823998584205,0,4.812894989096203,4.860902312401164,0.019993839224797805,0.028667248371172793
845,0.5437922922922923,0.2033868715655515,0.026257566383820777,0.31854183550904464,0.31854183550904464,0,4.8045673110850995,4.913772372996484,0.020882742560506217,0.0282348484185193
846,0.5438423423423423,0.20343814019427778,0.02644372244076525,0.32407013019085634,0.32407013019085634,0,4.795013224850385,4.967098646456296,0.0217663000269117,0.027797580680919413
847,0.5438923923923924,0.20349077419083725,0.026631095234331454,0.32959975992182117,0.32959975992182117,0,4.784195501722251,5.020854232664902,0.022644578598455905,0.027355355925994834
848,0.5439424424424424,0.20354477415786834,0.026819686810460926,0.33512743692201513,0.33512743692201513,0,4.772077036128229,5.075009947142975,0.02351764856368822,0.026908084270882354
849,0.5439924924924925,0.2036001407027551,0.027009499219405993,0.3406499589453349,0.3406499589453349,0,4.758620973641567,5.129534250869238,0.024385583616388685,0.026455675311830535
850,0.5440425425425425,0.20365687443760566,0.027200534515643124,0.346164216881179,0.346164216881179,0,4.743790848922693,5.184393185859489,0.025248460942791557,0.025998038262580812
851,0.5440925925925926,0.20371497597930666,0.027392794757775323,0.35166720081230046,0.35166720081230046,0,4.727550733558884,5.239550317566828,0.026106361304157763,0.025535082101651882
852,0.5441426426426427,0.20377444594956864,0.027586282008426787,0.357156004613182,0.357156004613182,0,4.709865393697457,5.294966685230459,0.02695936911389944,0.025066715728498397
853,0.5441926926926927,0.20383528497500808,0.02778099833415087,0.3626278291943928,0.3626278291943928,0,4.690700457266305,5.350600761342611,0.027807572508481773,0.024592848128496495
854,0.5442427427427428,0.20389749368708734,0.027976945805326454,0.368079984512595,0.368079984512595,0,4.670022590454998,5.406408421443404,0.028651063411200803,0.02411338854666156
855,0.5442927927927927,0.20396107272232303,0.028174126496075754,0.3735098904754605,0.3735098904754605,0,4.64779968295715,5.4623429254916305,0.02948993758809607,0.023628246669886773
856,0.5443428428428428,0.20402602272217818,0.02837254248414172,0.3789150768760726,0.3789150768760726,0,4.62400104140738,5.518354912059083,0.030324294694881807,0.02313733281742997
857,0.5443928928928928,0.2040923443331815,0.028572195850815073,0.384293182491821,0.384293182491821,0,4.5985975901858716,5.574392406610542,0.031154238314239517,0.022640558139280828
858,0.5444429429429429,0.2041600382070797,0.02877308868080852,0.3896419534810633,0.3896419534810633,0,4.571562078683087,5.630400845110436,0.0319798759824829,0.022137834821945153
859,0.5444929929929929,0.20422910500060254,0.028975223062202855,0.3949592412037177,0.3949592412037177,0,4.542869293930488,5.686323114120436,0.03280131920446609,0.021629076301204767
860,0.544543043043043,0.20429954537579173,0.029178601086320095,0.40024299958763027,0.40024299958763027,0,4.512496277259953,5.742099608588128,0.03361868345632276,0.02111419748094224
861,0.5445930930930931,0.20437136000000103,0.029383224847615495,0.40549128215016245,0.40549128215016245,0,4.480422543584632,5.797668308309151,0.03443208817475227,0.020593114957629596
862,0.5446431431431431,0.2044445495457965,0.029589096443618707,0.4107022387765556,0.4107022387765556,0,4.446630301644617,5.852964874048811,0.03524165673212772,0.020065747249238697
863,0.5446931931931932,0.2045191146911672,0.029796217974811374,0.41587411234587823,0.41587411234587823,0,4.411104673403255,5.907922764099623,0.03604751639684781,0.01953201502798323
864,0.5447432432432432,0.20459505611952694,0.030004591544544202,0.4210052352832625,0.4210052352832625,0,4.373833910639418,5.962473371927002,0.0368497982779779,0.018991841355534254
865,0.5447932932932933,0.2046723745197709,0.030214219258936286,0.42609402610787805,0.42609402610787805,0,4.334809606623693,6.016546185344654,0.03764863725366995,0.018445151919655636
866,0.5448433433433433,0.20475107058627504,0.030425103226789603,0.431138986034386,0.431138986034386,0,4.294026900629633,6.070068967438531,0.03844417188280255,0.017891875271023844
867,0.5448933933933934,0.20483114501907126,0.030637245559491738,0.4361386956764199,0.4361386956764199,0,4.251484672933803,6.122967959235468,0.03923654429940272,0.017331943058781975
868,0.5449434434434435,0.20491259852372035,0.030850648370910946,0.44109181189086677,0.44109181189086677,0,4.207185727888328,6.175168103816944,0.040025900089509826,0.01676529026350949
869,0.5449934934934935,0.2049954318115709,0.031065313777331127,0.4459970647929876,0.4459970647929876,0,4.161136962566997,6.2265932913216595,0.040812388150351514,0.016191855425925605
870,0.5450435435435436,0.20507964559966005,0.031281243897341875,0.4508532549646319,0.4508532549646319,0,4.113349518532951,6.277166623940887,0.041596160531711494,0.015611580870002128
871,0.5450935935935936,0.20516524061081456,0.031498440851743324,0.4556592508705289,0.4556592508705289,0,4.0638389142427735,6.326810699738326,0.04237737225966072,0.015024412918632424
872,0.5451436436436436,0.20525221757368198,0.031716906763481593,0.4604139864910644,0.4604139864910644,0,4.012625155718143,6.375447913758376,0.043156181142909714,0.014430302100402363
873,0.5451936936936936,0.20534057722281884,0.03193664375751941,0.4651164591741927,0.4651164591741927,0,3.9597328232042126,6.42300077460832,0.04393274756221208,0.013829203345733338
874,0.5452437437437437,0.20543032029869196,0.032157653960799504,0.4697657277047273,0.4697657277047273,0,3.905191131721927,6.469392234346812,0.04470723424347969,0.013221076170793539
875,0.5452937937937938,0.2055214475477635,0.03237993950209051,0.47436091058396457,0.47436091058396457,0,3.849033963607175,6.514546029255528,0.04547980601530754,0.012605884847535673
876,0.5453438438438438,0.2056139597225104,0.032603502511979306,0.47890118450946784,0.47890118450946784,0,3.791299871395495,6.558387028710165,0.04625062955210424,0.011983598558541926
877,0.5453938938938939,0.2057078575815025,0.03282834512271509,0.4833857830426329,0.4833857830426329,0,3.732032049723957,6.600841589260355,0.04701987310364862,0.011354191534757252
878,0.5454439439439439,0.2058031418892524,0.03305446946815611,0.48781399544710774,0.48781399544710774,0,3.671278275246322,6.641837910631387,0.0477877062126384,0.010717643175314423
879,0.545493993993994,0.2058998134166802,0.03328187768368794,0.49218516568128184,0.49218516568128184,0,3.6090908138878226,6.6813063903507315,0.04855429942178026,0.01007393814770798
880,0.545544044044044,0.20599787294070404,0.03351057190612363,0.49649869152592485,0.49649869152592485,0,3.5455262953222118,6.719179973490629,0.04931982397159692,0.00942306646758846
881,0.5455940940940941,0.20609732124448774,0.03374055427363336,0.500754023826427,0.500754023826427,0,3.48064555475137,6.755394493978617,0.050084451491274454,0.008765023556994822
882,0.5456441441441441,0.20619815911739964,0.033971826925634184,0.5049506658297399,0.5049506658297399,0,3.4145134427181234,6.78988900393406,0.05084835368393146,0.008099810280360139
883,0.5456941941941942,0.20630038735517447,0.03420439200276758,0.5090881725948139,0.5090881725948139,0,3.347198603980382,6.822606087494273,0.05161170200866509,0.007427432957777104
884,0.5457442442442442,0.20640400675976542,0.034438251646742093,0.5131661504572839,0.5131661504572839,0,3.278773227021789,6.853492155807945,0.05237466736093636,0.006747903354962374
885,0.5457942942942943,0.20650901813943692,0.03467340800030978,0.517184256527081,0.517184256527081,0,3.209312766100822,6.882497719912506,0.05313741975377281,0.006061238650053197
886,0.5458443443443444,0.2066154223088083,0.034909863207162474,0.5211421982015612,0.5211421982015612,0,3.1388956382034245,6.909577638590198,0.053900128001645016,0.005367461377009235
887,0.5458943943943944,0.20672322008882688,0.035147619411837173,0.5250397326754799,0.5250397326754799,0,3.0676028976129195,6.934691338499649,0.05466295940907304,0.004666599346075494
888,0.5459444444444445,0.20683241230681104,0.03538667875968697,0.5288766664315179,0.5288766664315179,0,2.995517891120562,6.957803004238858,0.0554260794661553,0.00395868554182167
889,0.5459944944944944,0.20694299979639352,0.035627043396707095,0.5326528546969296,0.5326528546969296,0,2.9227258972074828,6.978881736449558,0.056189651552577484,0.0032437579993250813
890,0.5460445445445445,0.20705498339759462,0.03586871546958199,0.5363682008523638,0.5363682008523638,0,2.8493137526555246,6.9979016763511455,0.05695383665275934,0.002521859659544198
891,0.5460945945945945,0.20716836395683252,0.0361116971255171,0.5400226557820038,0.5400226557820038,0,2.7753694703663316,7.014842095727879,0.05771879308283721,0.0017930382049863168
892,0.5461446446446446,0.2072831423267501,0.03635599051217129,0.5436162171555492,0.5436162171555492,0,2.700981852048326,7.029687451693541,0.05848467623206808,0.0010573458767444187
893,0.5461946946946947,0.20739931936642886,0.03660159777760581,0.5471489286335759,0.5471489286335759,0,2.6262400996556163,7.042427406101892,0.05925163831947902,0.0003148392747016375
894,0.5462447447447447,0.20751689594117004,0.03684852107017517,0.5506208789915702,0.5506208789915702,0,2.5512334292646193,7.053056809939532,0.06001982816748043,-0.00043442085789644727
895,0.5462947947947948,0.20763587292265587,0.037096762538489335,0.5540322011579837,0.5540322011579837,0,2.476050691070591,7.0615756534577665,0.0607893909933386,-0.0011903698636630828
896,0.5463448448448448,0.207756251188742,0.03734632433128792,0.5573830711650974,0.5573830711650974,0,2.400779999006984,7.067988983261778,0.06156046821939245,-0.001952939412301655
897,0.5463948948948949,0.20787803162348897,0.03759720859739088,0.5606737070112909,0.5606737070112909,0,2.3255083732173563,7.07230678791488,0.062333197302992846,-0.0027220577520824375
898,0.5464449449449449,0.2080012151172028,0.03784941748562372,0.5639043674369708,0.5639043674369708,0,2.250321398435781,7.0745438540348555,0.0631077115863926,-0.0034976499696289156
899,0.546494994994995,0.2081258025662375,0.03810295314472133,0.5670753506170112,0.5670753506170112,0,2.175302900936756,7.074719595134788,0.06388414016712766,-0.00427963825634274
900,0.5465450450450451,0.20825179487300544,0.038357817723251225,0.5701869927730698,0.5701869927730698,0,2.1005346464515062,7.072857855698288,0.06466260778898889,-0.005067942179295539
901,0.5465950950950951,0.2083791929459549,0.03861401336953243,0.5732396667121484,0.5732396667121484,0,2.0260960610487224,7.068986693249302,0.06544323475335503,-0.005862478955051541
902,0.5466451451451452,0.2085079976993886,0.038871542231563375,0.5762337802972767,0.5762337802972767,0,1.9520639766046053,7.063138141260989,0.06622613685088803,-0.006663163724506943
903,0.5466951951951952,0.20863821005370348,0.03913040645695831,0.5791697748570768,0.5791697748570768,0,1.8785124021415327,7.055347955874776,0.06701142531301059,-0.007469909826826075
904,0.5467452452452453,0.2087698309346563,0.03939060819279323,0.5820481235447228,0.5820481235447228,0,1.8055123218319473,7.045655349511266,0.06779920678265872,-0.00828262907175321
905,0.5467952952952952,0.20890286127388857,0.03965214958560261,0.5848693296502023,0.5848693296502023,0,1.7331315202770279,7.034102714261677,0.06858958330366212,-0.009101232007318247
906,0.5468453453453453,0.2090373020085871,0.039915032781226344,0.5876339248791272,0.5876339248791272,0,1.6614344351163295,7.020735338150528,0.06938265232772436,-0.00992562818284576
907,0.5468953953953953,0.20917315408140125,0.040179259924810626,0.590342467604771,0.590342467604771,0,1.5904820367575758,7.005601117044351,0.0701785067386027,-0.010755726405768414
908,0.5469454454454454,0.2093104184402621,0.04044483316062112,0.5929955411029675,0.5929955411029675,0,1.5203317348730097,6.98875026500137,0.07097723489153902,-0.01159143499021532
909,0.5469954954954955,0.20944909603829895,0.040711754632010336,0.5955937517783831,0.5955937517783831,0,1.4510373106987648,6.970235025577692,0.07177892066790935,-0.012432661997616693
910,0.5470455455455455,0.20958918783372887,0.04098002648130621,0.5981377273915024,0.5981377273915024,0,1.3826488742527014,6.950109386511773,0.0725836435432232,-0.013279315467621986
911,0.5470955955955956,0.2097306947896613,0.0412496508497275,0.6006281152943163,0.6006281152943163,0,1.315212845182021,6.928428799938373,0.07339147866760226,-0.014131303638977265
912,0.5471456456456456,0.20987361787394349,0.0415206298772703,0.6030655806826104,0.6030655806826104,0,1.2487719558576145,6.905249910075827,0.07420249695753044,-0.014988535159588836
913,0.5471956956956957,0.21001795805907117,0.04179296570266382,0.6054508048726738,0.6054508048726738,0,1.1833652751696426,6.8806302901083045,0.0750167651975804,-0.015850919285458714
914,0.5472457457457457,0.21016371632189362,0.04206666046315924,0.6077844836090525,0.6077844836090525,0,1.1190282513743255,6.854628189735839,0.07583434615102987,-0.016718366068030475
915,0.5472957957957958,0.21031089364346106,0.042341716294539304,0.610067325409767,0.610067325409767,0,1.0557927722796945,6.827302294618562,0.07665529867817461,-0.01759078652986249
916,0.5473458458458458,0.21045949100892528,0.04261813533094648,0.6123000499545782,0.6123000499545782,0,0.9936872410160187,6.798711498734951,0.07747967786121002,-0.01846809282830666
917,0.5473958958958959,0.21060950940726367,0.04289591970480521,0.6144833865217213,0.6144833865217213,0,0.9327366656094275,6.768914690436668,0.0783075351345464,-0.019350198407452612
918,0.547445945945946,0.21076094983091606,0.04317507154666032,0.616618072477099,0.616618072477099,0,0.8729627606139471,6.737970552771485,0.0791389184195066,-0.02023701813816774
919,0.547495995995996,0.2109138132759022,0.043455592985111084,0.618704851819497,0.618704851819497,0,0.8143840590657472,6.705937378428439,0.07997387226261196,-0.021128468446546995
920,0.5475460460460461,0.21106810074121313,0.04373748614669378,0.6207444737857997,0.6207444737857997,0,0.7570160331090421,6.672872899536289,0.08081243797613423,-0.02202446743095331
921,0.547596096096096,0.21122381322873993,0.04402075315566726,0.6227376915178283,0.6227376915178283,0,0.7008712216611204,6.638834132302237,0.08165465378053202,-0.02292493496807577
922,0.5476461461461462,0.2113809517431357,0.044305396133998684,0.6246852607927397,0.6246852607927397,0,0.6459593636632847,6.603877236386136,0.0825005549474501,-0.0238297928079495
923,0.5476961961961961,0.2115395172911498,0.04459141720121236,0.6265879388190524,0.6265879388190524,0,0.5922875354265164,6.568057388756651,0.08335017394294407,-0.02473896465892803
924,0.5477462462462462,0.2116995108818658,0.04487881847413926,0.6284464830980663,0.6284464830980663,0,0.5398602907769299,6.531428671645733,0.08420354057025542,-0.02565237626269029
925,0.5477962962962963,0.21186093352594806,0.045167602066889675,0.6302616503521555,0.6302616503521555,0,0.4886798028246444,6.494043974168094,0.08506068211105121,-0.026569955459671137
926,0.5478463463463463,0.21202378623552565,0.045457770090676544,0.6320341955186551,0.6320341955186551,0,0.4387460061894883,6.455954907026676,0.08592162346521852,-0.02749163224565292
927,0.5478963963963964,0.2121880700240023,0.04574932465365707,0.6337648708092434,0.6337648708092434,0,0.3900567387279579,6.417211729715781,0.086786387288391,-0.028417338819750938
928,0.5479464464464464,0.21235378590534468,0.04604226786076593,0.6354544248352468,0.6354544248352468,0,0.3426078818372845,6.377863289587667,0.08765499412666629,-0.02934700962484908
929,0.5479964964964965,0.2125209348941281,0.04633660181354769,0.6371036017948495,0.6371036017948495,0,0.2963934986041213,6.337956972032388,0.08852746254862151,-0.03028058138004656
930,0.5480465465465465,0.21268951800503058,0.04663232861001238,0.6387131407231791,0.6387131407231791,0,0.2514059690632536,6.297538661108975,0.08940380927384278,-0.031217993106574672
931,0.5480965965965966,0.21285953625236273,0.04692945034445166,0.6402837748033029,0.6402837748033029,0,0.20763612201772577,6.256652709887441,0.0902840492978836,-0.0321591861472398
932,0.5481466466466466,0.21303099064981854,0.04722796910724855,0.6418162307345346,0.6418162307345346,0,0.16507336290928487,6.215341919741659,0.0911681960136133,-0.03310410417988835
933,0.5481966966966967,0.21320388221002629,0.04752788698467947,0.6433112281580955,0.6433112281580955,0,0.12370579735025729,6.173647527903329,0.09205626132852587,-0.03405269322548837
934,0.5482467467467468,0.2133782119440178,0.04782920605871208,0.6447694791369106,0.6447694791369106,0,0.08352034997743872,6.13160920255117,0.09294825577785991,-0.0350049016513031
935,0.5482967967967968,0.21355398086116034,0.04813192840690602,0.6461916876858204,0.6461916876858204,0,0.04450287839101741,6.0892650446860435,0.09384418863417524,-0.035960680169338885
936,0.5483468468468469,0.21373118996815976,0.048436056102053475,0.6475785493543258,0.6475785493543258,0,0.006638281961401221,6.046651596245756,0.0947440680118661,-0.03691998183126694
937,0.5483968968968969,0.21390984026939597,0.048741591212059183,0.6489307508526544,0.6489307508526544,0,-0.030089394558279116,6.003803853646346,0.09564790096836173,-0.037882762018842525
938,0.548446946946947,0.21408993276542745,0.04904853579970285,0.6502489697271777,0.6502489697271777,0,-0.06569686276579527,5.960755286316851,0.0965556936000821,-0.03884897843213268
939,0.5484969969969969,0.21427146845356196,0.04935689192241673,0.6515338740729547,0.6515338740729547,0,-0.10020149764531962,5.9175378594383,0.09746745113547636,-0.039818591073955814
940,0.548547047047047,0.2144544483264931,0.04966666163202257,0.6527861222904161,0.6527861222904161,0,-0.1336212499078813,5.874182060544535,0.09838317802278361,-0.04079156223224464
941,0.548597097097097,0.21463887337246576,0.04997784697450213,0.6540063628769448,0.6540063628769448,0,-0.16597456359875518,5.830716929311518,0.09930287801442716,-0.04176785646016221
942,0.5486471471471471,0.21482474457429657,0.05029044998974833,0.6551952342545887,0.6551952342545887,0,-0.1972802988611298,5.787170090140222,0.10022655424714531,-0.042747440554355455
943,0.5486971971971972,0.2150120629091257,0.05060447271137276,0.6563533646304105,0.6563533646304105,0,-0.2275576597386961,5.743567787065753,0.10115420931815973,-0.04373028353144551
944,0.5487472472472472,0.2152008293476277,0.05091991716623979,0.6574813718870565,0.6574813718870565,0,-0.2568261269225995,5.699934920563612,0.10208584535796905,-0.044716356603525825
945,0.5487972972972973,0.21539104485361038,0.0512367853744845,0.6585798635030033,0.6585798635030033,0,-0.28510539521287653,5.656295085938695,0.10302146409857167,-0.04570563315218414
946,0.5488473473473473,0.21558271038347854,0.051555079349001255,0.6596494364966343,0.6596494364966343,0,-0.31241531561763536,5.612670612843704,0.10396106693934243,-0.04669808870193977
947,0.5488973973973974,0.21577582688532784,0.05187480109515182,0.6606906773973716,0.6606906773973716,0,-0.3387758418534234,5.569082605741066,0.10490465500856579,-0.04769370089325348
948,0.5489474474474474,0.21597039529907472,0.052195952610815534,0.6617041622378076,0.6617041622378076,0,-0.3642069810173794,5.525550984962483,0.10585222922148227,-0.048692449454134694
949,0.5489974974974975,0.21616641655461408,0.0525185358854564,0.6626904565658301,0.6626904565658301,0,-0.38872874841700394,5.482094528056847,0.10680379033664715,-0.04969431617322899
950,0.5490475475475476,0.21636389157237118,0.05284255290045289,0.6636501154771615,0.6636501154771615,0,-0.41236112608342146,5.438730911354228,0.1077593390071898,-0.05069928487076629
951,0.5490975975975976,0.2165628212621556,0.05316800562830587,0.6645836836640746,0.6645836836640746,0,-0.43512402505866915,5.395476751393938,0.10871887583050255,-0.05170734137129165
952,0.5491476476476477,0.21676320652228062,0.05349489603264167,0.6654916954795919,0.6654916954795919,0,-0.4570372510209429,5.352347646100935,0.10968240139507558,-0.05271847347523125
953,0.5491976976976977,0.21696504823928914,0.053823226067665,0.6663746750162971,0.6663746750162971,0,-0.4781204732472019,5.30935821557862,0.11064991632404646,-0.05373267093184458
954,0.5492477477477478,0.21716834728700438,0.05415299767788927,0.6672331361979035,0.6672331361979035,0,-0.49839319657223513,5.266522142340602,0.11162142131677488,-0.05474992541184341
955,0.5492977977977977,0.21737310452591888,0.054484212797754374,0.6680675828816224,0.6680675828816224,0,-0.5178747362513484,5.22385221087803,0.1125969171878963,-0.05577023048087977
956,0.5493478478478478,0.21757932080245299,0.05481687335135587,0.6688785089715783,0.6688785089715783,0,-0.5365841954885012,5.181360346482774,0.1135764049039183,-0.0567935815733347
957,0.5493978978978978,0.2177869969481179,0.055150981251953037,0.6696663985408319,0.6696663985408319,0,-0.5545404455073991,5.139057653208329,0.1145598856180282,-0.05781997596724009
958,0.5494479479479479,0.21799613377894386,0.055486538401636976,0.6704317259614375,0.6704317259614375,0,-0.5717621079387815,5.096954450935664,0.11554736070244408,-0.058849412759387654
959,0.549497997997998,0.21820673209447874,0.055823546691035474,0.6711749560416592,0.6711749560416592,0,-0.5882675393961007,5.05506031145304,0.11653883177925516,-0.05988189284155793
960,0.549548048048048,0.21841879267727896,0.05616200799879761,0.6718965441688749,0.6718965441688749,0,-0.604074818083865,5.013384093527511,0.1175343007492879,-0.06091741887751322
961,0.5495980980980981,0.21863231629172838,0.05650192419123523,0.6725969364587199,0.6725969364587199,0,-0.6192017322765281,4.971933976935781,0.11853376981915831,-0.0619559952810206
962,0.5496481481481481,0.2188473036836299,0.05684329712205469,0.6732765699071462,0.6732765699071462,0,-0.6336657705134089,4.93071749540414,0.11953724152695681,-0.06299762819430911
963,0.5496981981981982,0.21906375557904378,0.05718612863167913,0.6739358725479846,0.6739358725479846,0,-0.6474841134305297,4.889741568472473,0.1205447187663549,-0.06404232546832186
964,0.5497482482482482,0.2192816726837395,0.05753042054707338,0.6745752636115724,0.6745752636115724,0,-0.6606736270214063,4.849012532240944,0.1215562048093797,-0.06509009664304677
965,0.5497982982982983,0.2195010556816179,0.05787617468108054,0.6751951536885051,0.6751951536885051,0,-0.6732508572973362,4.808536169049491,0.1225717033272796,-0.06614095292983777
966,0.5498483483483483,0.2197219052351182,0.0582233928324577,0.6757959448913927,0.6757959448913927,0,-0.6852320261056329,4.76831773598803,0.12359121841163674,-0.06719490719333068
967,0.5498983983983984,0.21994422198308022,0.058572076784726465,0.6763780310221369,0.6763780310221369,0,-0.696633028200522,4.728361992385574,0.12461475459278414,-0.0682519739365033
968,0.5499484484484485,0.22016800654059318,0.05892222830659156,0.676941797736703,0.676941797736703,0,-0.707469429214472,4.688673226177958,0.12564231685775473,-0.06931216928441741
969,0.5499984984984985,0.22039325949741778,0.05927384915060252,0.6774876227135409,0.6774876227135409,0,-0.7177564646839205,4.649255279225587,0.12667391066757142,-0.07037551097133507
970,0.5500485485485486,0.22061998141761774,0.05962694105334162,0.6780158758185558,0.6780158758185558,0,-0.7275090398432081,4.610111571565103,0.12770954197320752,-0.07144201832712771
971,0.5500985985985986,0.22084817283853084,0.05998150573473448,0.6785269192722844,0.6785269192722844,0,-0.7367417302270821,4.571245124653155,0.1287492172309038,-0.07251171226567
972,0.5501486486486487,0.22107783426915445,0.060337544897762274,0.6790211078162347,0.6790211078162347,0,-0.7454687829589428,4.53265858361223,0.12979294341629352,-0.07358461527416518
973,0.5501986986986986,0.22130896619016838,0.060695060227630986,0.6794987888764891,0.6794987888764891,0,-0.7537041186687115,4.4943542384615505,0.13084072803897445,-0.07466075140358285
974,0.5502487487487487,0.22154156905212136,0.06105405339172861,0.679960302728878,0.679960302728878,0,-0.7614613339570605,4.45633404445361,0.13189257915471733,-0.07574014626012145
975,0.5502987987987988,0.22177564327474572,0.06141452603887249,0.6804059826605091,0.6804059826605091,0,-0.768753704370151,4.4185996414409106,0.13294850537848898,-0.07682282699789882
976,0.5503488488488488,0.2220111892458888,0.06177647979903268,0.6808361551311586,0.6808361551311586,0,-0.7755941878022136,4.381152372376583,0.13400851589610427,-0.07790882231258311
977,0.5503988988988989,0.22224820732015743,0.062139916282543804,0.6812511399319298,0.6812511399319298,0,-0.7819954283074126,4.343993300929076,0.13507262047599422,-0.07899816243645257
978,0.5504489489489489,0.22248669781853234,0.06250483708015273,0.6816512503420044,0.6816512503420044,0,-0.7879697602210951,4.307123228269976,0.1361408294800251,-0.08009087913397622
979,0.550498998998999,0.22272666102636104,0.06287124376210218,0.6820367932860905,0.6820367932860905,0,-0.7935292126187663,4.270542709088337,0.13721315387349206,-0.08118700569927591
980,0.550549049049049,0.22296809719306615,0.06323913787769381,0.6824080694834207,0.6824080694834207,0,-0.7986855140075666,4.234252066737085,0.1382896052366204,-0.08228657695409483
981,0.5505990990990991,0.2232110065308436,0.06360852095518559,0.6827653736015113,0.6827653736015113,0,-0.8034500972340963,4.198251407740864,0.13937019577317245,-0.08338962924698627
982,0.5506491491491491,0.22345538921259808,0.0639793945006935,0.6831089944046388,0.6831089944046388,0,-0.80783410460298,4.162540635528528,0.14045493832052525,-0.08449620045401104
983,0.5506991991991992,0.22370124537263497,0.06435175999841733,0.6834392148971753,0.6834392148971753,0,-0.8118483931208627,4.127119463459571,0.14154384635899547,-0.08560632997975395
984,0.5507492492492493,0.2239485751036945,0.06472561890964086,0.6837563124696692,0.6837563124696692,0,-0.8155035398946661,4.091987427238874,0.14263693402070612,-0.08672005876033753
985,0.5507992992992993,0.22419737845674953,0.06510097267238217,0.6840605590383967,0.6840605590383967,0,-0.8188098476191938,4.057143896653724,0.14373421609871223,-0.08783742926710232
986,0.5508493493493494,0.22444765543976045,0.0654778227012287,0.6843522211838511,0.6843522211838511,0,-0.821777350125473,4.022588086729349,0.14483570805544632,-0.08895848551096482
987,0.5508993993993994,0.22469940601595756,0.06585617038638802,0.6846315602871125,0.6846315602871125,0,-0.82441581802959,3.98831906829499,0.14594142603135052,-0.09008327304906147
988,0.5509494494494495,0.22495263010312386,0.06623601709362745,0.6848988326626729,0.6848988326626729,0,-0.8267347643601328,3.9543357779966524,0.14705138685336125,-0.09121183899098313
989,0.5509994994994994,0.22520732757204365,0.0666173641635046,0.6851542896896466,0.6851542896896466,0,-0.828743450276652,3.9206370277771487,0.14816560804300938,-0.09234423200807376
990,0.5510495495495495,0.22546349824578138,0.06700021291120455,0.6853981779383208,0.6853981779383208,0,-0.8304508907057082,3.8872215138459074,0.1492841078250968,-0.0934805023412493
991,0.5510995995995995,0.22572114189760625,0.06738456462587965,0.6856307392969005,0.6856307392969005,0,-0.8318658600475584,3.854087825173661,0.15040690513569385,-0.09462070181260757
992,0.5511496496496496,0.22598025825024193,0.0677704205702224,0.6858522110942765,0.6858522110942765,0,-0.8329968978172424,3.8212344515299685,0.15153401963015994,-0.09576488383657586
993,0.5511996996996997,0.22624084697508753,0.06815778198047136,0.6860628262209622,0.6860628262209622,0,-0.8338523142422292,3.7886597910858755,0.1526654716910032,-0.09691310343218788
994,0.5512497497497497,0.22650290768951326,0.06854665006504922,0.6862628132445067,0.6862628132445067,0,-0.8344401958735035,3.756362157546203,0.1538012824373069,-0.09806541723800201
995,0.5512997997997998,0.22676643995653528,0.06893702600483202,0.6864523965278467,0.6864523965278467,0,-0.8347684110644694,3.7243397869749604,0.1549414737317401,-0.09922188352602472
996,0.5513498498498498,0.2270314432843678,0.06932891095297315,0.6866317963381382,0.6866317963381382,0,-0.8348446154568965,3.692590844142591,0.15608606818942344,-0.10038256221869292
997,0.5513998998998999,0.2272979171224108,0.06972230603364692,0.6868012289636712,0.6868012289636712,0,-0.8346762573491062,3.661113428640484,0.15723508918536888,-0.10154751490555436
998,0.5514499499499499,0.2275658608630358,0.07011721234232063,0.6869609068146277,0.6869609068146277,0,-0.8342705830330597,3.6299055804904397,0.15838856086413847,-0.1027168048624311
999,0.5515,0.22783527383809238,0.0705136309451962,0.6871110385336263,0.6871110385336263,0,-0.8336346420233325,3.5989652855720857,0.15954650814717744,-0.10389049707103451
